path,label,class,split
train/0_Normal/Normal (1118).jpg,0,0_Normal,train
train/2_Pneumonia/Pneumonia-Viral (326).jpg,2,2_Pneumonia,train
train/2_Pneumonia/Pneumonia-Bacterial (1589).jpg,2,2_Pneumonia,train
train/1_Covid19/COVID-19 (782).jpg,1,1_Covid19,train
validation/0_Normal/Normal (3078).jpg,0,0_Normal,train
validation/2_Pneumonia/Pneumonia-Viral (1323).jpg,2,2_Pneumonia,train
train/0_Normal/Normal (959).jpg,0,0_Normal,train
train/2_Pneumonia/Pneumonia-Bacterial (798).jpg,2,2_Pneumonia,train
validation/0_Normal/Normal (2809).jpg,0,0_Normal,train
train/0_Normal/Normal (245).jpg,0,0_Normal,train
train/0_Normal/Normal (1785).jpg,0,0_Normal,train
train/2_Pneumonia/Pneumonia-Bacterial (1532).jpg,2,2_Pneumonia,train
train/2_Pneumonia/Pneumonia-Bacterial (2315).jpg,2,2_Pneumonia,train
train/0_Normal/Normal (1928).jpg,0,0_Normal,train
validation/2_Pneumonia/Pneumonia-Viral (1654).jpg,2,2_Pneumonia,train
validation/2_Pneumonia/Pneumonia-Viral (1443).jpg,2,2_Pneumonia,train
train/2_Pneumonia/Pneumonia-Bacterial (2634).jpg,2,2_Pneumonia,train
train/0_Normal/Normal (1146).jpg,0,0_Normal,train
train/2_Pneumonia/Pneumonia-Viral (60).jpg,2,2_Pneumonia,train
train/0_Normal/Normal (2517).jpg,0,0_Normal,train
validation/2_Pneumonia/Pneumonia-Viral (741).jpg,2,2_Pneumonia,train
train/2_Pneumonia/Pneumonia-Bacterial (1930).jpg,2,2_Pneumonia,train
validation/0_Normal/Normal (2910).jpg,0,0_Normal,train
train/2_Pneumonia/Pneumonia-Viral (540).jpg,2,2_Pneumonia,train
train/1_Covid19/COVID-19 (891).jpg,1,1_Covid19,train
train/0_Normal/Normal (2350).jpg,0,0_Normal,train
train/1_Covid19/COVID-19 (476).jpg,1,1_Covid19,train
train/2_Pneumonia/Pneumonia-Bacterial (1521).jpg,2,2_Pneumonia,train
train/2_Pneumonia/Pneumonia-Viral (153).jpg,2,2_Pneumonia,train
validation/2_Pneumonia/Pneumonia-Viral (979).jpg,2,2_Pneumonia,train
train/2_Pneumonia/Pneumonia-Bacterial (380).jpg,2,2_Pneumonia,train
train/2_Pneumonia/Pneumonia-Bacterial (1179).jpg,2,2_Pneumonia,train
validation/0_Normal/Normal (2887).jpg,0,0_Normal,train
train/2_Pneumonia/Pneumonia-Bacterial (1942).jpg,2,2_Pneumonia,train
train/2_Pneumonia/Pneumonia-Bacterial (691).jpg,2,2_Pneumonia,train
train/2_Pneumonia/Pneumonia-Bacterial (2476).jpg,2,2_Pneumonia,train
train/0_Normal/Normal (1680).jpg,0,0_Normal,train
validation/2_Pneumonia/Pneumonia-Viral (1479).jpg,2,2_Pneumonia,train
train/1_Covid19/COVID-19 (634).jpg,1,1_Covid19,train
train/0_Normal/Normal (2461).jpg,0,0_Normal,train
train/2_Pneumonia/Pneumonia-Bacterial (2566).jpg,2,2_Pneumonia,train
train/2_Pneumonia/Pneumonia-Bacterial (1155).jpg,2,2_Pneumonia,train
validation/2_Pneumonia/Pneumonia-Viral (1555).jpg,2,2_Pneumonia,train
train/2_Pneumonia/Pneumonia-Viral (391).jpg,2,2_Pneumonia,train
train/0_Normal/Normal (1065).jpg,0,0_Normal,train
train/0_Normal/Normal (1558).jpg,0,0_Normal,train
train/2_Pneumonia/Pneumonia-Viral (507).jpg,2,2_Pneumonia,train
train/2_Pneumonia/Pneumonia-Viral (108).jpg,2,2_Pneumonia,train
validation/2_Pneumonia/Pneumonia-Viral (992).jpg,2,2_Pneumonia,train
train/2_Pneumonia/Pneumonia-Bacterial (547).jpg,2,2_Pneumonia,train
validation/0_Normal/Normal (2815).jpg,0,0_Normal,train
train/2_Pneumonia/Pneumonia-Bacterial (1199).jpg,2,2_Pneumonia,train
validation/0_Normal/Normal (2864).jpg,0,0_Normal,train
train/2_Pneumonia/Pneumonia-Bacterial (466).jpg,2,2_Pneumonia,train
train/0_Normal/Normal (2200).jpg,0,0_Normal,train
train/2_Pneumonia/Pneumonia-Viral (661).jpg,2,2_Pneumonia,train
train/1_Covid19/COVID-19 (438).jpg,1,1_Covid19,train
validation/2_Pneumonia/Pneumonia-Viral (770).jpg,2,2_Pneumonia,train
train/2_Pneumonia/Pneumonia-Bacterial (1605).jpg,2,2_Pneumonia,train
train/2_Pneumonia/Pneumonia-Bacterial (890).jpg,2,2_Pneumonia,train
train/2_Pneumonia/Pneumonia-Bacterial (2557).jpg,2,2_Pneumonia,train
train/0_Normal/Normal (754).jpg,0,0_Normal,train
train/2_Pneumonia/Pneumonia-Viral (500) (1).jpg,2,2_Pneumonia,train
validation/0_Normal/Normal (2872).jpg,0,0_Normal,train
train/2_Pneumonia/Pneumonia-Bacterial (1324).jpg,2,2_Pneumonia,train
train/2_Pneumonia/Pneumonia-Viral (452).jpg,2,2_Pneumonia,train
train/2_Pneumonia/Pneumonia-Viral (91).jpg,2,2_Pneumonia,train
train/2_Pneumonia/Pneumonia-Bacterial (2633).jpg,2,2_Pneumonia,train
train/0_Normal/Normal (2479).jpg,0,0_Normal,train
train/2_Pneumonia/Pneumonia-Bacterial (1890).jpg,2,2_Pneumonia,train
validation/0_Normal/Normal (3166).jpg,0,0_Normal,train
train/0_Normal/Normal (2186).jpg,0,0_Normal,train
train/0_Normal/Normal (704).jpg,0,0_Normal,train
train/2_Pneumonia/Pneumonia-Bacterial (182).jpg,2,2_Pneumonia,train
train/2_Pneumonia/Pneumonia-Bacterial (703).jpg,2,2_Pneumonia,train
train/2_Pneumonia/Pneumonia-Bacterial (831).jpg,2,2_Pneumonia,train
train/2_Pneumonia/Pneumonia-Bacterial (559).jpg,2,2_Pneumonia,train
train/0_Normal/Normal (826).jpg,0,0_Normal,train
train/0_Normal/Normal (2494).jpg,0,0_Normal,train
validation/2_Pneumonia/Pneumonia-Viral (1215).jpg,2,2_Pneumonia,train
train/0_Normal/Normal (2572).jpg,0,0_Normal,train
train/1_Covid19/COVID-19 (904).jpg,1,1_Covid19,train
validation/2_Pneumonia/Pneumonia-Viral (1468).jpg,2,2_Pneumonia,train
train/2_Pneumonia/Pneumonia-Bacterial (329).jpg,2,2_Pneumonia,train
train/0_Normal/Normal (1844).jpg,0,0_Normal,train
train/1_Covid19/COVID-19 (1021).jpg,1,1_Covid19,train
validation/2_Pneumonia/Pneumonia-Viral (738).jpg,2,2_Pneumonia,train
train/0_Normal/Normal (1772).jpg,0,0_Normal,train
train/2_Pneumonia/Pneumonia-Viral (72).jpg,2,2_Pneumonia,train
train/2_Pneumonia/Pneumonia-Viral (491).jpg,2,2_Pneumonia,train
train/1_Covid19/COVID-19 (555).jpg,1,1_Covid19,train
train/1_Covid19/COVID-19 (471).jpg,1,1_Covid19,train
train/0_Normal/Normal (958).jpg,0,0_Normal,train
train/1_Covid19/COVID-19 (284).jpg,1,1_Covid19,train
validation/0_Normal/Normal (2799).jpg,0,0_Normal,train
train/1_Covid19/COVID-19 (850).jpg,1,1_Covid19,train
validation/0_Normal/Normal (2888).jpg,0,0_Normal,train
validation/2_Pneumonia/Pneumonia-Viral (1446).jpg,2,2_Pneumonia,train
train/1_Covid19/COVID-19 (941).jpg,1,1_Covid19,train
validation/0_Normal/Normal (2990).jpg,0,0_Normal,train
train/2_Pneumonia/Pneumonia-Bacterial (1817).jpg,2,2_Pneumonia,train
train/2_Pneumonia/Pneumonia-Bacterial (992).jpg,2,2_Pneumonia,train
train/0_Normal/Normal (1643).jpg,0,0_Normal,train
train/1_Covid19/COVID-19 (838).jpg,1,1_Covid19,train
train/2_Pneumonia/Pneumonia-Bacterial (2314).jpg,2,2_Pneumonia,train
train/0_Normal/Normal (672).jpg,0,0_Normal,train
train/2_Pneumonia/Pneumonia-Bacterial (1775).jpg,2,2_Pneumonia,train
validation/2_Pneumonia/Pneumonia-Viral (1498).jpg,2,2_Pneumonia,train
train/0_Normal/Normal (1698).jpg,0,0_Normal,train
train/0_Normal/Normal (1136).jpg,0,0_Normal,train
train/2_Pneumonia/Pneumonia-Bacterial (2248).jpg,2,2_Pneumonia,train
train/2_Pneumonia/Pneumonia-Bacterial (1777).jpg,2,2_Pneumonia,train
train/2_Pneumonia/Pneumonia-Bacterial (56).jpg,2,2_Pneumonia,train
validation/2_Pneumonia/Pneumonia-Viral (974).jpg,2,2_Pneumonia,train
train/0_Normal/Normal (2080).jpg,0,0_Normal,train
validation/2_Pneumonia/Pneumonia-Viral (804).jpg,2,2_Pneumonia,train
train/1_Covid19/COVID-19 (58).jpg,1,1_Covid19,train
train/2_Pneumonia/Pneumonia-Viral (126).jpg,2,2_Pneumonia,train
train/2_Pneumonia/Pneumonia-Bacterial (228).jpg,2,2_Pneumonia,train
train/2_Pneumonia/Pneumonia-Bacterial (1618).jpg,2,2_Pneumonia,train
train/2_Pneumonia/Pneumonia-Bacterial (2431).jpg,2,2_Pneumonia,train
train/2_Pneumonia/Pneumonia-Viral (28).jpg,2,2_Pneumonia,train
train/2_Pneumonia/Pneumonia-Bacterial (1510).jpg,2,2_Pneumonia,train
train/0_Normal/Normal (2428).jpg,0,0_Normal,train
validation/0_Normal/Normal (2743).jpg,0,0_Normal,train
train/2_Pneumonia/Pneumonia-Bacterial (999).jpg,2,2_Pneumonia,train
validation/0_Normal/Normal (2634).jpg,0,0_Normal,train
train/2_Pneumonia/Pneumonia-Bacterial (308).jpg,2,2_Pneumonia,train
validation/0_Normal/Normal (2889).jpg,0,0_Normal,train
train/2_Pneumonia/Pneumonia-Bacterial (1235).jpg,2,2_Pneumonia,train
train/2_Pneumonia/Pneumonia-Bacterial (1215).jpg,2,2_Pneumonia,train
validation/0_Normal/Normal (2804).jpg,0,0_Normal,train
train/2_Pneumonia/Pneumonia-Bacterial (1872).jpg,2,2_Pneumonia,train
train/0_Normal/Normal (828).jpg,0,0_Normal,train
train/0_Normal/Normal (517).jpg,0,0_Normal,train
validation/1_Covid19/COVID-19 (1269).jpg,1,1_Covid19,train
validation/0_Normal/Normal (3094).jpg,0,0_Normal,train
validation/1_Covid19/COVID-19 (1134).jpg,1,1_Covid19,train
train/1_Covid19/COVID-19 (863).jpg,1,1_Covid19,train
validation/2_Pneumonia/Pneumonia-Viral (853).jpg,2,2_Pneumonia,train
validation/1_Covid19/COVID-19 (1203).jpg,1,1_Covid19,train
train/0_Normal/Normal (1933).jpg,0,0_Normal,train
train/2_Pneumonia/Pneumonia-Bacterial (983).jpg,2,2_Pneumonia,train
train/0_Normal/Normal (1006).jpg,0,0_Normal,train
train/2_Pneumonia/Pneumonia-Bacterial (1441).jpg,2,2_Pneumonia,train
train/1_Covid19/COVID-19 (65).jpg,1,1_Covid19,train
validation/0_Normal/Normal (2837).jpg,0,0_Normal,train
train/2_Pneumonia/Pneumonia-Bacterial (1354).jpg,2,2_Pneumonia,train
validation/2_Pneumonia/Pneumonia-Viral (1231).jpg,2,2_Pneumonia,train
validation/0_Normal/Normal (3037).jpg,0,0_Normal,train
train/2_Pneumonia/Pneumonia-Bacterial (2622).jpg,2,2_Pneumonia,train
validation/2_Pneumonia/Pneumonia-Viral (1316).jpg,2,2_Pneumonia,train
validation/2_Pneumonia/Pneumonia-Viral (1645).jpg,2,2_Pneumonia,train
validation/0_Normal/Normal (2821).jpg,0,0_Normal,train
validation/0_Normal/Normal (3191).jpg,0,0_Normal,train
train/2_Pneumonia/Pneumonia-Bacterial (2841).jpg,2,2_Pneumonia,train
train/0_Normal/Normal (243).jpg,0,0_Normal,train
train/2_Pneumonia/Pneumonia-Viral (19).jpg,2,2_Pneumonia,train
train/2_Pneumonia/Pneumonia-Bacterial (1057).jpg,2,2_Pneumonia,train
validation/1_Covid19/COVID-19 (1192).jpg,1,1_Covid19,train
train/2_Pneumonia/Pneumonia-Bacterial (980).jpg,2,2_Pneumonia,train
train/0_Normal/Normal (695).jpg,0,0_Normal,train
train/1_Covid19/COVID-19 (236).jpg,1,1_Covid19,train
train/0_Normal/Normal (1533).jpg,0,0_Normal,train
validation/0_Normal/Normal (2943).jpg,0,0_Normal,train
train/0_Normal/Normal (1914).jpg,0,0_Normal,train
train/1_Covid19/COVID-19 (987).jpg,1,1_Covid19,train
train/1_Covid19/COVID-19 (368).jpg,1,1_Covid19,train
train/2_Pneumonia/Pneumonia-Viral (366).jpg,2,2_Pneumonia,train
train/2_Pneumonia/Pneumonia-Bacterial (1164).jpg,2,2_Pneumonia,train
validation/1_Covid19/COVID-19 (1141).jpg,1,1_Covid19,train
train/2_Pneumonia/Pneumonia-Bacterial (1973).jpg,2,2_Pneumonia,train
validation/1_Covid19/COVID-19 (1188).jpg,1,1_Covid19,train
train/0_Normal/Normal (2594).jpg,0,0_Normal,train
validation/2_Pneumonia/Pneumonia-Viral (1376).jpg,2,2_Pneumonia,train
validation/1_Covid19/COVID-19 (1110).jpg,1,1_Covid19,train
validation/2_Pneumonia/Pneumonia-Viral (1199).jpg,2,2_Pneumonia,train
train/0_Normal/Normal (2526).jpg,0,0_Normal,train
train/0_Normal/Normal (1996).jpg,0,0_Normal,train
train/0_Normal/Normal (2401).jpg,0,0_Normal,train
validation/2_Pneumonia/Pneumonia-Viral (1002).jpg,2,2_Pneumonia,train
train/2_Pneumonia/Pneumonia-Bacterial (2044).jpg,2,2_Pneumonia,train
train/0_Normal/Normal (586).jpg,0,0_Normal,train
train/1_Covid19/COVID-19 (41).jpg,1,1_Covid19,train
train/0_Normal/Normal (639).jpg,0,0_Normal,train
train/2_Pneumonia/Pneumonia-Bacterial (1896).jpg,2,2_Pneumonia,train
train/2_Pneumonia/Pneumonia-Bacterial (345).jpg,2,2_Pneumonia,train
train/2_Pneumonia/Pneumonia-Bacterial (969).jpg,2,2_Pneumonia,train
validation/2_Pneumonia/Pneumonia-Viral (1531).jpg,2,2_Pneumonia,train
train/0_Normal/Normal (2084).jpg,0,0_Normal,train
train/0_Normal/Normal (1594).jpg,0,0_Normal,train
train/1_Covid19/COVID-19 (683).jpg,1,1_Covid19,train
train/0_Normal/Normal (1208).jpg,0,0_Normal,train
validation/0_Normal/Normal (2922).jpg,0,0_Normal,train
validation/2_Pneumonia/Pneumonia-Viral (964).jpg,2,2_Pneumonia,train
train/2_Pneumonia/Pneumonia-Bacterial (2216).jpg,2,2_Pneumonia,train
train/0_Normal/Normal (1789).jpg,0,0_Normal,train
train/0_Normal/Normal (466).jpg,0,0_Normal,train
train/0_Normal/Normal (1324).jpg,0,0_Normal,train
validation/2_Pneumonia/Pneumonia-Viral (1506).jpg,2,2_Pneumonia,train
train/0_Normal/Normal (2140).jpg,0,0_Normal,train
train/2_Pneumonia/Pneumonia-Viral (468).jpg,2,2_Pneumonia,train
train/0_Normal/Normal (191).jpg,0,0_Normal,train
train/2_Pneumonia/Pneumonia-Bacterial (2802).jpg,2,2_Pneumonia,train
train/2_Pneumonia/Pneumonia-Bacterial (2984).jpg,2,2_Pneumonia,train
train/0_Normal/Normal (139).jpg,0,0_Normal,train
train/2_Pneumonia/Pneumonia-Bacterial (1912).jpg,2,2_Pneumonia,train
train/0_Normal/Normal (473).jpg,0,0_Normal,train
validation/2_Pneumonia/Pneumonia-Viral (764).jpg,2,2_Pneumonia,train
train/2_Pneumonia/Pneumonia-Bacterial (1115).jpg,2,2_Pneumonia,train
train/0_Normal/Normal (438).jpg,0,0_Normal,train
train/2_Pneumonia/Pneumonia-Bacterial (2078).jpg,2,2_Pneumonia,train
train/2_Pneumonia/Pneumonia-Bacterial (2195).jpg,2,2_Pneumonia,train
train/2_Pneumonia/Pneumonia-Viral (35).jpg,2,2_Pneumonia,train
train/2_Pneumonia/Pneumonia-Viral (146).jpg,2,2_Pneumonia,train
train/1_Covid19/COVID-19 (208).jpg,1,1_Covid19,train
train/2_Pneumonia/Pneumonia-Bacterial (1716).jpg,2,2_Pneumonia,train
validation/2_Pneumonia/Pneumonia-Viral (1194).jpg,2,2_Pneumonia,train
train/2_Pneumonia/Pneumonia-Bacterial (1009).jpg,2,2_Pneumonia,train
train/2_Pneumonia/Pneumonia-Bacterial (1559).jpg,2,2_Pneumonia,train
validation/0_Normal/Normal (2792).jpg,0,0_Normal,train
train/2_Pneumonia/Pneumonia-Bacterial (2242).jpg,2,2_Pneumonia,train
validation/2_Pneumonia/Pneumonia-Viral (1355).jpg,2,2_Pneumonia,train
validation/0_Normal/Normal (2647).jpg,0,0_Normal,train
train/0_Normal/Normal (88).jpg,0,0_Normal,train
train/0_Normal/Normal (2484).jpg,0,0_Normal,train
train/0_Normal/Normal (1417).jpg,0,0_Normal,train
train/2_Pneumonia/Pneumonia-Bacterial (1978).jpg,2,2_Pneumonia,train
validation/0_Normal/Normal (3135).jpg,0,0_Normal,train
validation/0_Normal/Normal (3160).jpg,0,0_Normal,train
train/2_Pneumonia/Pneumonia-Viral (582).jpg,2,2_Pneumonia,train
validation/2_Pneumonia/Pneumonia-Viral (1112).jpg,2,2_Pneumonia,train
train/0_Normal/Normal (21).jpg,0,0_Normal,train
train/1_Covid19/COVID-19 (707).jpg,1,1_Covid19,train
train/2_Pneumonia/Pneumonia-Bacterial (250).jpg,2,2_Pneumonia,train
train/0_Normal/Normal (536).jpg,0,0_Normal,train
train/2_Pneumonia/Pneumonia-Bacterial (1167).jpg,2,2_Pneumonia,train
train/0_Normal/Normal (162).jpg,0,0_Normal,train
train/2_Pneumonia/Pneumonia-Bacterial (2167).jpg,2,2_Pneumonia,train
train/2_Pneumonia/Pneumonia-Viral (31).jpg,2,2_Pneumonia,train
train/0_Normal/Normal (726).jpg,0,0_Normal,train
validation/2_Pneumonia/Pneumonia-Viral (1589).jpg,2,2_Pneumonia,train
train/0_Normal/Normal (2209).jpg,0,0_Normal,train
train/0_Normal/Normal (1474).jpg,0,0_Normal,train
train/0_Normal/Normal (2549).jpg,0,0_Normal,train
train/0_Normal/Normal (2189).jpg,0,0_Normal,train
validation/2_Pneumonia/Pneumonia-Viral (1225) (1).jpg,2,2_Pneumonia,train
train/2_Pneumonia/Pneumonia-Bacterial (2245).jpg,2,2_Pneumonia,train
train/0_Normal/Normal (1530).jpg,0,0_Normal,train
train/2_Pneumonia/Pneumonia-Bacterial (372).jpg,2,2_Pneumonia,train
train/2_Pneumonia/Pneumonia-Bacterial (2744).jpg,2,2_Pneumonia,train
validation/0_Normal/Normal (3199).jpg,0,0_Normal,train
train/0_Normal/Normal (274).jpg,0,0_Normal,train
train/2_Pneumonia/Pneumonia-Bacterial (1124).jpg,2,2_Pneumonia,train
train/2_Pneumonia/Pneumonia-Bacterial (1634).jpg,2,2_Pneumonia,train
train/0_Normal/Normal (871).jpg,0,0_Normal,train
train/0_Normal/Normal (1057).jpg,0,0_Normal,train
train/0_Normal/Normal (462).jpg,0,0_Normal,train
train/0_Normal/Normal (2233).jpg,0,0_Normal,train
train/2_Pneumonia/Pneumonia-Bacterial (2456).jpg,2,2_Pneumonia,train
validation/1_Covid19/COVID-19 (1049).jpg,1,1_Covid19,train
validation/0_Normal/Normal (2916).jpg,0,0_Normal,train
validation/0_Normal/Normal (2761).jpg,0,0_Normal,train
validation/2_Pneumonia/Pneumonia-Viral (1461).jpg,2,2_Pneumonia,train
train/2_Pneumonia/Pneumonia-Bacterial (1733).jpg,2,2_Pneumonia,train
train/2_Pneumonia/Pneumonia-Viral (259).jpg,2,2_Pneumonia,train
train/0_Normal/Normal (2073).jpg,0,0_Normal,train
train/1_Covid19/COVID-19 (804).jpg,1,1_Covid19,train
train/2_Pneumonia/Pneumonia-Viral (568).jpg,2,2_Pneumonia,train
train/2_Pneumonia/Pneumonia-Bacterial (279).jpg,2,2_Pneumonia,train
validation/0_Normal/Normal (2712).jpg,0,0_Normal,train
validation/0_Normal/Normal (3070).jpg,0,0_Normal,train
train/2_Pneumonia/Pneumonia-Bacterial (1858).jpg,2,2_Pneumonia,train
train/2_Pneumonia/Pneumonia-Bacterial (2371).jpg,2,2_Pneumonia,train
train/0_Normal/Normal (1072).jpg,0,0_Normal,train
train/2_Pneumonia/Pneumonia-Bacterial (1604).jpg,2,2_Pneumonia,train
train/0_Normal/Normal (2157).jpg,0,0_Normal,train
train/2_Pneumonia/Pneumonia-Viral (266).jpg,2,2_Pneumonia,train
train/2_Pneumonia/Pneumonia-Bacterial (232).jpg,2,2_Pneumonia,train
validation/0_Normal/Normal (2881).jpg,0,0_Normal,train
train/0_Normal/Normal (2440).jpg,0,0_Normal,train
train/2_Pneumonia/Pneumonia-Bacterial (1507).jpg,2,2_Pneumonia,train
validation/0_Normal/Normal (2700).jpg,0,0_Normal,train
validation/2_Pneumonia/Pneumonia-Viral (1049).jpg,2,2_Pneumonia,train
validation/1_Covid19/COVID-19 (1247).jpg,1,1_Covid19,train
train/2_Pneumonia/Pneumonia-Viral (280).jpg,2,2_Pneumonia,train
train/2_Pneumonia/Pneumonia-Viral (364).jpg,2,2_Pneumonia,train
train/0_Normal/Normal (1734).jpg,0,0_Normal,train
train/1_Covid19/COVID-19 (700).jpg,1,1_Covid19,train
validation/2_Pneumonia/Pneumonia-Viral (762).jpg,2,2_Pneumonia,train
train/2_Pneumonia/Pneumonia-Bacterial (1845).jpg,2,2_Pneumonia,train
train/0_Normal/Normal (1105).jpg,0,0_Normal,train
train/2_Pneumonia/Pneumonia-Bacterial (118).jpg,2,2_Pneumonia,train
train/1_Covid19/COVID-19 (400).jpg,1,1_Covid19,train
train/2_Pneumonia/Pneumonia-Bacterial (1017).jpg,2,2_Pneumonia,train
train/2_Pneumonia/Pneumonia-Bacterial (2798).jpg,2,2_Pneumonia,train
train/2_Pneumonia/Pneumonia-Bacterial (2726).jpg,2,2_Pneumonia,train
validation/1_Covid19/COVID-19 (1179).jpg,1,1_Covid19,train
train/1_Covid19/COVID-19 (444).jpg,1,1_Covid19,train
train/0_Normal/Normal (518).jpg,0,0_Normal,train
train/0_Normal/Normal (2255).jpg,0,0_Normal,train
train/1_Covid19/COVID-19 (518).jpg,1,1_Covid19,train
validation/2_Pneumonia/Pneumonia-Viral (1281).jpg,2,2_Pneumonia,train
train/2_Pneumonia/Pneumonia-Viral (442).jpg,2,2_Pneumonia,train
validation/2_Pneumonia/Pneumonia-Viral (1547).jpg,2,2_Pneumonia,train
train/2_Pneumonia/Pneumonia-Bacterial (807).jpg,2,2_Pneumonia,train
train/0_Normal/Normal (698).jpg,0,0_Normal,train
validation/2_Pneumonia/Pneumonia-Viral (1334).jpg,2,2_Pneumonia,train
train/0_Normal/Normal (623).jpg,0,0_Normal,train
train/2_Pneumonia/Pneumonia-Bacterial (866).jpg,2,2_Pneumonia,train
train/0_Normal/Normal (436).jpg,0,0_Normal,train
train/2_Pneumonia/Pneumonia-Bacterial (2441).jpg,2,2_Pneumonia,train
train/2_Pneumonia/Pneumonia-Bacterial (1056).jpg,2,2_Pneumonia,train
validation/1_Covid19/COVID-19 (1220).jpg,1,1_Covid19,train
train/1_Covid19/COVID-19 (602).jpg,1,1_Covid19,train
train/2_Pneumonia/Pneumonia-Bacterial (506).jpg,2,2_Pneumonia,train
validation/2_Pneumonia/Pneumonia-Viral (726).jpg,2,2_Pneumonia,train
train/1_Covid19/COVID-19 (158).jpg,1,1_Covid19,train
train/2_Pneumonia/Pneumonia-Bacterial (563).jpg,2,2_Pneumonia,train
validation/0_Normal/Normal (3096).jpg,0,0_Normal,train
validation/2_Pneumonia/Pneumonia-Viral (1018).jpg,2,2_Pneumonia,train
train/0_Normal/Normal (718).jpg,0,0_Normal,train
train/2_Pneumonia/Pneumonia-Bacterial (752).jpg,2,2_Pneumonia,train
validation/0_Normal/Normal (2756).jpg,0,0_Normal,train
train/0_Normal/Normal (994).jpg,0,0_Normal,train
validation/0_Normal/Normal (3132).jpg,0,0_Normal,train
train/2_Pneumonia/Pneumonia-Bacterial (922).jpg,2,2_Pneumonia,train
validation/0_Normal/Normal (3147).jpg,0,0_Normal,train
validation/0_Normal/Normal (3190).jpg,0,0_Normal,train
train/2_Pneumonia/Pneumonia-Bacterial (2328).jpg,2,2_Pneumonia,train
train/0_Normal/Normal (766).jpg,0,0_Normal,train
train/2_Pneumonia/Pneumonia-Bacterial (2002).jpg,2,2_Pneumonia,train
train/0_Normal/Normal (1456).jpg,0,0_Normal,train
train/0_Normal/Normal (1184).jpg,0,0_Normal,train
train/2_Pneumonia/Pneumonia-Bacterial (694).jpg,2,2_Pneumonia,train
validation/2_Pneumonia/Pneumonia-Viral (972).jpg,2,2_Pneumonia,train
train/2_Pneumonia/Pneumonia-Viral (98).jpg,2,2_Pneumonia,train
train/2_Pneumonia/Pneumonia-Bacterial (876).jpg,2,2_Pneumonia,train
train/2_Pneumonia/Pneumonia-Bacterial (1477).jpg,2,2_Pneumonia,train
train/2_Pneumonia/Pneumonia-Bacterial (63).jpg,2,2_Pneumonia,train
train/0_Normal/Normal (2483).jpg,0,0_Normal,train
train/1_Covid19/COVID-19 (645).jpg,1,1_Covid19,train
train/1_Covid19/COVID-19 (897).jpg,1,1_Covid19,train
train/1_Covid19/COVID-19 (998).jpg,1,1_Covid19,train
train/2_Pneumonia/Pneumonia-Viral (215).jpg,2,2_Pneumonia,train
validation/2_Pneumonia/Pneumonia-Viral (1484).jpg,2,2_Pneumonia,train
train/2_Pneumonia/Pneumonia-Viral (119).jpg,2,2_Pneumonia,train
train/1_Covid19/COVID-19 (261).jpg,1,1_Covid19,train
validation/2_Pneumonia/Pneumonia-Viral (1218).jpg,2,2_Pneumonia,train
train/1_Covid19/COVID-19 (692).jpg,1,1_Covid19,train
train/2_Pneumonia/Pneumonia-Bacterial (1975).jpg,2,2_Pneumonia,train
validation/2_Pneumonia/Pneumonia-Viral (755).jpg,2,2_Pneumonia,train
train/1_Covid19/COVID-19 (292).jpg,1,1_Covid19,train
validation/0_Normal/Normal (2858).jpg,0,0_Normal,train
train/0_Normal/Normal (2380).jpg,0,0_Normal,train
validation/2_Pneumonia/Pneumonia-Viral (959).jpg,2,2_Pneumonia,train
train/0_Normal/Normal (367).jpg,0,0_Normal,train
validation/2_Pneumonia/Pneumonia-Viral (1004).jpg,2,2_Pneumonia,train
train/0_Normal/Normal (16).jpg,0,0_Normal,train
train/1_Covid19/COVID-19 (917).jpg,1,1_Covid19,train
train/2_Pneumonia/Pneumonia-Bacterial (2851).jpg,2,2_Pneumonia,train
validation/2_Pneumonia/Pneumonia-Viral (893).jpg,2,2_Pneumonia,train
train/2_Pneumonia/Pneumonia-Bacterial (2532).jpg,2,2_Pneumonia,train
train/1_Covid19/COVID-19 (330).jpg,1,1_Covid19,train
validation/2_Pneumonia/Pneumonia-Viral (1618).jpg,2,2_Pneumonia,train
train/0_Normal/Normal (2521).jpg,0,0_Normal,train
validation/1_Covid19/COVID-19 (1095).jpg,1,1_Covid19,train
validation/2_Pneumonia/Pneumonia-Viral (1635).jpg,2,2_Pneumonia,train
validation/1_Covid19/COVID-19 (1268).jpg,1,1_Covid19,train
train/0_Normal/Normal (106).jpg,0,0_Normal,train
train/1_Covid19/COVID-19 (157).jpg,1,1_Covid19,train
train/2_Pneumonia/Pneumonia-Bacterial (188).jpg,2,2_Pneumonia,train
train/2_Pneumonia/Pneumonia-Bacterial (1681).jpg,2,2_Pneumonia,train
train/2_Pneumonia/Pneumonia-Bacterial (1885).jpg,2,2_Pneumonia,train
train/2_Pneumonia/Pneumonia-Bacterial (2932).jpg,2,2_Pneumonia,train
train/0_Normal/Normal (921).jpg,0,0_Normal,train
train/2_Pneumonia/Pneumonia-Bacterial (1062).jpg,2,2_Pneumonia,train
train/2_Pneumonia/Pneumonia-Bacterial (995).jpg,2,2_Pneumonia,train
train/1_Covid19/COVID-19 (340).jpg,1,1_Covid19,train
train/2_Pneumonia/Pneumonia-Bacterial (1470).jpg,2,2_Pneumonia,train
train/0_Normal/Normal (2008).jpg,0,0_Normal,train
train/0_Normal/Normal (1703).jpg,0,0_Normal,train
train/2_Pneumonia/Pneumonia-Viral (464).jpg,2,2_Pneumonia,train
train/0_Normal/Normal (857).jpg,0,0_Normal,train
train/2_Pneumonia/Pneumonia-Bacterial (624).jpg,2,2_Pneumonia,train
validation/0_Normal/Normal (2933).jpg,0,0_Normal,train
train/0_Normal/Normal (541).jpg,0,0_Normal,train
train/0_Normal/Normal (2195).jpg,0,0_Normal,train
validation/1_Covid19/COVID-19 (1183).jpg,1,1_Covid19,train
train/2_Pneumonia/Pneumonia-Bacterial (2319).jpg,2,2_Pneumonia,train
train/2_Pneumonia/Pneumonia-Viral (528).jpg,2,2_Pneumonia,train
train/0_Normal/Normal (1157).jpg,0,0_Normal,train
train/1_Covid19/COVID-19 (99).jpg,1,1_Covid19,train
validation/1_Covid19/COVID-19 (1210).jpg,1,1_Covid19,train
train/2_Pneumonia/Pneumonia-Bacterial (2554).jpg,2,2_Pneumonia,train
train/2_Pneumonia/Pneumonia-Viral (174).jpg,2,2_Pneumonia,train
train/2_Pneumonia/Pneumonia-Bacterial (1338).jpg,2,2_Pneumonia,train
validation/0_Normal/Normal (2681).jpg,0,0_Normal,train
validation/2_Pneumonia/Pneumonia-Viral (777).jpg,2,2_Pneumonia,train
validation/2_Pneumonia/Pneumonia-Viral (1033).jpg,2,2_Pneumonia,train
train/0_Normal/Normal (1793).jpg,0,0_Normal,train
validation/0_Normal/Normal (3219).jpg,0,0_Normal,train
validation/0_Normal/Normal (2708).jpg,0,0_Normal,train
train/2_Pneumonia/Pneumonia-Bacterial (1928).jpg,2,2_Pneumonia,train
train/2_Pneumonia/Pneumonia-Bacterial (189).jpg,2,2_Pneumonia,train
train/0_Normal/Normal (2097).jpg,0,0_Normal,train
train/2_Pneumonia/Pneumonia-Bacterial (630).jpg,2,2_Pneumonia,train
train/2_Pneumonia/Pneumonia-Bacterial (942).jpg,2,2_Pneumonia,train
train/2_Pneumonia/Pneumonia-Viral (369).jpg,2,2_Pneumonia,train
train/2_Pneumonia/Pneumonia-Bacterial (482).jpg,2,2_Pneumonia,train
train/0_Normal/Normal (2040).jpg,0,0_Normal,train
train/1_Covid19/COVID-19 (532).jpg,1,1_Covid19,train
train/2_Pneumonia/Pneumonia-Bacterial (2324).jpg,2,2_Pneumonia,train
train/0_Normal/Normal (2466).jpg,0,0_Normal,train
train/2_Pneumonia/Pneumonia-Bacterial (1149).jpg,2,2_Pneumonia,train
train/2_Pneumonia/Pneumonia-Bacterial (1162).jpg,2,2_Pneumonia,train
train/0_Normal/Normal (506).jpg,0,0_Normal,train
train/2_Pneumonia/Pneumonia-Bacterial (2944).jpg,2,2_Pneumonia,train
validation/0_Normal/Normal (2807).jpg,0,0_Normal,train
train/0_Normal/Normal (78).jpg,0,0_Normal,train
validation/0_Normal/Normal (3269).jpg,0,0_Normal,train
validation/0_Normal/Normal (2829).jpg,0,0_Normal,train
train/2_Pneumonia/Pneumonia-Bacterial (1630).jpg,2,2_Pneumonia,train
train/2_Pneumonia/Pneumonia-Bacterial (946).jpg,2,2_Pneumonia,train
train/2_Pneumonia/Pneumonia-Bacterial (1364).jpg,2,2_Pneumonia,train
train/2_Pneumonia/Pneumonia-Bacterial (2683).jpg,2,2_Pneumonia,train
train/2_Pneumonia/Pneumonia-Bacterial (2975).jpg,2,2_Pneumonia,train
train/1_Covid19/COVID-19 (913).jpg,1,1_Covid19,train
train/0_Normal/Normal (321).jpg,0,0_Normal,train
train/2_Pneumonia/Pneumonia-Bacterial (2607).jpg,2,2_Pneumonia,train
train/1_Covid19/COVID-19 (472).jpg,1,1_Covid19,train
train/0_Normal/Normal (472).jpg,0,0_Normal,train
train/2_Pneumonia/Pneumonia-Viral (200).jpg,2,2_Pneumonia,train
train/2_Pneumonia/Pneumonia-Bacterial (2363).jpg,2,2_Pneumonia,train
train/1_Covid19/COVID-19 (768).jpg,1,1_Covid19,train
validation/2_Pneumonia/Pneumonia-Viral (1230).jpg,2,2_Pneumonia,train
train/2_Pneumonia/Pneumonia-Viral (42).jpg,2,2_Pneumonia,train
validation/2_Pneumonia/Pneumonia-Viral (801).jpg,2,2_Pneumonia,train
train/0_Normal/Normal (816).jpg,0,0_Normal,train
train/1_Covid19/COVID-19 (201).jpg,1,1_Covid19,train
train/2_Pneumonia/Pneumonia-Bacterial (1398).jpg,2,2_Pneumonia,train
train/2_Pneumonia/Pneumonia-Bacterial (2925).jpg,2,2_Pneumonia,train
train/2_Pneumonia/Pneumonia-Bacterial (971).jpg,2,2_Pneumonia,train
train/2_Pneumonia/Pneumonia-Bacterial (298).jpg,2,2_Pneumonia,train
train/0_Normal/Normal (847).jpg,0,0_Normal,train
train/2_Pneumonia/Pneumonia-Bacterial (112).jpg,2,2_Pneumonia,train
train/2_Pneumonia/Pneumonia-Bacterial (599).jpg,2,2_Pneumonia,train
validation/0_Normal/Normal (3069).jpg,0,0_Normal,train
train/1_Covid19/COVID-19 (603).jpg,1,1_Covid19,train
train/2_Pneumonia/Pneumonia-Bacterial (57).jpg,2,2_Pneumonia,train
train/2_Pneumonia/Pneumonia-Bacterial (1673).jpg,2,2_Pneumonia,train
validation/0_Normal/Normal (2942).jpg,0,0_Normal,train
train/2_Pneumonia/Pneumonia-Bacterial (554).jpg,2,2_Pneumonia,train
train/1_Covid19/COVID-19 (375).jpg,1,1_Covid19,train
train/2_Pneumonia/Pneumonia-Bacterial (2624).jpg,2,2_Pneumonia,train
train/0_Normal/Normal (790).jpg,0,0_Normal,train
train/0_Normal/Normal (1247).jpg,0,0_Normal,train
train/2_Pneumonia/Pneumonia-Bacterial (1412).jpg,2,2_Pneumonia,train
validation/1_Covid19/COVID-19 (1239).jpg,1,1_Covid19,train
train/1_Covid19/COVID-19 (488).jpg,1,1_Covid19,train
train/0_Normal/Normal (2426).jpg,0,0_Normal,train
train/0_Normal/Normal (181).jpg,0,0_Normal,train
train/2_Pneumonia/Pneumonia-Bacterial (2121).jpg,2,2_Pneumonia,train
train/0_Normal/Normal (353).jpg,0,0_Normal,train
train/0_Normal/Normal (532).jpg,0,0_Normal,train
train/2_Pneumonia/Pneumonia-Bacterial (776).jpg,2,2_Pneumonia,train
train/2_Pneumonia/Pneumonia-Bacterial (1986).jpg,2,2_Pneumonia,train
train/2_Pneumonia/Pneumonia-Bacterial (857).jpg,2,2_Pneumonia,train
train/0_Normal/Normal (2593).jpg,0,0_Normal,train
validation/2_Pneumonia/Pneumonia-Viral (1238).jpg,2,2_Pneumonia,train
train/1_Covid19/COVID-19 (581).jpg,1,1_Covid19,train
train/2_Pneumonia/Pneumonia-Bacterial (689).jpg,2,2_Pneumonia,train
train/0_Normal/Normal (2054).jpg,0,0_Normal,train
train/2_Pneumonia/Pneumonia-Bacterial (2912).jpg,2,2_Pneumonia,train
train/2_Pneumonia/Pneumonia-Viral (613).jpg,2,2_Pneumonia,train
train/2_Pneumonia/Pneumonia-Bacterial (1535).jpg,2,2_Pneumonia,train
train/2_Pneumonia/Pneumonia-Bacterial (2762).jpg,2,2_Pneumonia,train
train/2_Pneumonia/Pneumonia-Bacterial (2451).jpg,2,2_Pneumonia,train
train/0_Normal/Normal (2499).jpg,0,0_Normal,train
train/1_Covid19/COVID-19 (207).jpg,1,1_Covid19,train
train/1_Covid19/COVID-19 (558).jpg,1,1_Covid19,train
train/2_Pneumonia/Pneumonia-Bacterial (1879).jpg,2,2_Pneumonia,train
train/0_Normal/Normal (1378).jpg,0,0_Normal,train
train/0_Normal/Normal (421).jpg,0,0_Normal,train
train/0_Normal/Normal (861).jpg,0,0_Normal,train
validation/2_Pneumonia/Pneumonia-Viral (1127).jpg,2,2_Pneumonia,train
validation/2_Pneumonia/Pneumonia-Viral (1481).jpg,2,2_Pneumonia,train
train/0_Normal/Normal (2046).jpg,0,0_Normal,train
train/0_Normal/Normal (1930).jpg,0,0_Normal,train
train/0_Normal/Normal (44).jpg,0,0_Normal,train
validation/0_Normal/Normal (2935).jpg,0,0_Normal,train
train/2_Pneumonia/Pneumonia-Bacterial (2741).jpg,2,2_Pneumonia,train
train/2_Pneumonia/Pneumonia-Viral (393).jpg,2,2_Pneumonia,train
train/0_Normal/Normal (666).jpg,0,0_Normal,train
train/2_Pneumonia/Pneumonia-Bacterial (702).jpg,2,2_Pneumonia,train
train/2_Pneumonia/Pneumonia-Bacterial (2752).jpg,2,2_Pneumonia,train
train/0_Normal/Normal (554).jpg,0,0_Normal,train
train/0_Normal/Normal (2113).jpg,0,0_Normal,train
train/0_Normal/Normal (1334).jpg,0,0_Normal,train
train/0_Normal/Normal (1561).jpg,0,0_Normal,train
train/0_Normal/Normal (1989).jpg,0,0_Normal,train
train/2_Pneumonia/Pneumonia-Viral (597).jpg,2,2_Pneumonia,train
validation/2_Pneumonia/Pneumonia-Viral (760).jpg,2,2_Pneumonia,train
validation/2_Pneumonia/Pneumonia-Viral (1632).jpg,2,2_Pneumonia,train
validation/2_Pneumonia/Pneumonia-Viral (1214).jpg,2,2_Pneumonia,train
train/2_Pneumonia/Pneumonia-Bacterial (158).jpg,2,2_Pneumonia,train
train/2_Pneumonia/Pneumonia-Bacterial (5).jpg,2,2_Pneumonia,train
train/2_Pneumonia/Pneumonia-Bacterial (1013).jpg,2,2_Pneumonia,train
train/0_Normal/Normal (2270).jpg,0,0_Normal,train
train/0_Normal/Normal (130).jpg,0,0_Normal,train
train/2_Pneumonia/Pneumonia-Viral (318).jpg,2,2_Pneumonia,train
train/0_Normal/Normal (1821).jpg,0,0_Normal,train
train/0_Normal/Normal (1111).jpg,0,0_Normal,train
train/1_Covid19/COVID-19 (160).jpg,1,1_Covid19,train
train/2_Pneumonia/Pneumonia-Bacterial (1150).jpg,2,2_Pneumonia,train
validation/2_Pneumonia/Pneumonia-Viral (1513).jpg,2,2_Pneumonia,train
train/1_Covid19/COVID-19 (855).jpg,1,1_Covid19,train
validation/2_Pneumonia/Pneumonia-Viral (1061).jpg,2,2_Pneumonia,train
train/2_Pneumonia/Pneumonia-Bacterial (1861).jpg,2,2_Pneumonia,train
train/2_Pneumonia/Pneumonia-Viral (102).jpg,2,2_Pneumonia,train
validation/1_Covid19/COVID-19 (1053).jpg,1,1_Covid19,train
train/2_Pneumonia/Pneumonia-Bacterial (1633).jpg,2,2_Pneumonia,train
train/0_Normal/Normal (1791).jpg,0,0_Normal,train
train/0_Normal/Normal (634).jpg,0,0_Normal,train
train/1_Covid19/COVID-19 (901).jpg,1,1_Covid19,train
train/2_Pneumonia/Pneumonia-Viral (607).jpg,2,2_Pneumonia,train
train/0_Normal/Normal (1128).jpg,0,0_Normal,train
train/2_Pneumonia/Pneumonia-Bacterial (1066).jpg,2,2_Pneumonia,train
train/0_Normal/Normal (652).jpg,0,0_Normal,train
validation/2_Pneumonia/Pneumonia-Viral (1581).jpg,2,2_Pneumonia,train
train/0_Normal/Normal (1395).jpg,0,0_Normal,train
train/0_Normal/Normal (2171).jpg,0,0_Normal,train
train/2_Pneumonia/Pneumonia-Bacterial (1730).jpg,2,2_Pneumonia,train
train/2_Pneumonia/Pneumonia-Viral (251).jpg,2,2_Pneumonia,train
train/0_Normal/Normal (1403).jpg,0,0_Normal,train
train/0_Normal/Normal (1653).jpg,0,0_Normal,train
validation/2_Pneumonia/Pneumonia-Viral (1226).jpg,2,2_Pneumonia,train
train/0_Normal/Normal (834).jpg,0,0_Normal,train
validation/2_Pneumonia/Pneumonia-Viral (910).jpg,2,2_Pneumonia,train
train/0_Normal/Normal (1802).jpg,0,0_Normal,train
train/2_Pneumonia/Pneumonia-Bacterial (1955).jpg,2,2_Pneumonia,train
train/2_Pneumonia/Pneumonia-Bacterial (1291).jpg,2,2_Pneumonia,train
validation/2_Pneumonia/Pneumonia-Viral (1597).jpg,2,2_Pneumonia,train
train/1_Covid19/COVID-19 (209).jpg,1,1_Covid19,train
validation/0_Normal/Normal (2906).jpg,0,0_Normal,train
train/2_Pneumonia/Pneumonia-Bacterial (1016).jpg,2,2_Pneumonia,train
train/2_Pneumonia/Pneumonia-Viral (99).jpg,2,2_Pneumonia,train
train/2_Pneumonia/Pneumonia-Viral (533).jpg,2,2_Pneumonia,train
train/0_Normal/Normal (1263).jpg,0,0_Normal,train
validation/2_Pneumonia/Pneumonia-Viral (1186).jpg,2,2_Pneumonia,train
train/1_Covid19/COVID-19 (361).jpg,1,1_Covid19,train
validation/0_Normal/Normal (2968).jpg,0,0_Normal,train
validation/0_Normal/Normal (3075).jpg,0,0_Normal,train
train/0_Normal/Normal (632).jpg,0,0_Normal,train
train/1_Covid19/COVID-19 (219).jpg,1,1_Covid19,train
train/0_Normal/Normal (70).jpg,0,0_Normal,train
validation/2_Pneumonia/Pneumonia-Viral (1093).jpg,2,2_Pneumonia,train
train/2_Pneumonia/Pneumonia-Bacterial (2904).jpg,2,2_Pneumonia,train
train/2_Pneumonia/Pneumonia-Bacterial (1506).jpg,2,2_Pneumonia,train
validation/0_Normal/Normal (2660).jpg,0,0_Normal,train
train/0_Normal/Normal (1242).jpg,0,0_Normal,train
validation/0_Normal/Normal (2670).jpg,0,0_Normal,train
train/2_Pneumonia/Pneumonia-Viral (523).jpg,2,2_Pneumonia,train
train/2_Pneumonia/Pneumonia-Bacterial (709).jpg,2,2_Pneumonia,train
train/2_Pneumonia/Pneumonia-Viral (131).jpg,2,2_Pneumonia,train
validation/2_Pneumonia/Pneumonia-Viral (1251).jpg,2,2_Pneumonia,train
train/0_Normal/Normal (2438).jpg,0,0_Normal,train
train/2_Pneumonia/Pneumonia-Bacterial (974).jpg,2,2_Pneumonia,train
train/0_Normal/Normal (1484).jpg,0,0_Normal,train
validation/2_Pneumonia/Pneumonia-Viral (879).jpg,2,2_Pneumonia,train
train/2_Pneumonia/Pneumonia-Bacterial (2962).jpg,2,2_Pneumonia,train
validation/0_Normal/Normal (3055).jpg,0,0_Normal,train
validation/2_Pneumonia/Pneumonia-Viral (740).jpg,2,2_Pneumonia,train
train/0_Normal/Normal (1756).jpg,0,0_Normal,train
train/0_Normal/Normal (705).jpg,0,0_Normal,train
validation/2_Pneumonia/Pneumonia-Viral (1065).jpg,2,2_Pneumonia,train
train/1_Covid19/COVID-19 (689).jpg,1,1_Covid19,train
validation/2_Pneumonia/Pneumonia-Viral (1413).jpg,2,2_Pneumonia,train
train/0_Normal/Normal (309).jpg,0,0_Normal,train
train/2_Pneumonia/Pneumonia-Bacterial (2702).jpg,2,2_Pneumonia,train
train/2_Pneumonia/Pneumonia-Bacterial (2603).jpg,2,2_Pneumonia,train
validation/1_Covid19/COVID-19 (1212).jpg,1,1_Covid19,train
train/2_Pneumonia/Pneumonia-Bacterial (593).jpg,2,2_Pneumonia,train
validation/0_Normal/Normal (2655).jpg,0,0_Normal,train
validation/2_Pneumonia/Pneumonia-Viral (1084).jpg,2,2_Pneumonia,train
train/2_Pneumonia/Pneumonia-Bacterial (2580).jpg,2,2_Pneumonia,train
train/0_Normal/Normal (2083).jpg,0,0_Normal,train
train/2_Pneumonia/Pneumonia-Viral (229).jpg,2,2_Pneumonia,train
validation/2_Pneumonia/Pneumonia-Viral (797).jpg,2,2_Pneumonia,train
train/0_Normal/Normal (807).jpg,0,0_Normal,train
train/0_Normal/Normal (2604).jpg,0,0_Normal,train
train/2_Pneumonia/Pneumonia-Bacterial (2114).jpg,2,2_Pneumonia,train
validation/0_Normal/Normal (3141).jpg,0,0_Normal,train
validation/2_Pneumonia/Pneumonia-Viral (1206).jpg,2,2_Pneumonia,train
train/2_Pneumonia/Pneumonia-Bacterial (341).jpg,2,2_Pneumonia,train
validation/2_Pneumonia/Pneumonia-Viral (779).jpg,2,2_Pneumonia,train
train/0_Normal/Normal (2162).jpg,0,0_Normal,train
train/1_Covid19/COVID-19 (413).jpg,1,1_Covid19,train
train/2_Pneumonia/Pneumonia-Viral (346).jpg,2,2_Pneumonia,train
train/2_Pneumonia/Pneumonia-Bacterial (2116).jpg,2,2_Pneumonia,train
train/2_Pneumonia/Pneumonia-Bacterial (2296).jpg,2,2_Pneumonia,train
train/2_Pneumonia/Pneumonia-Bacterial (1100).jpg,2,2_Pneumonia,train
train/2_Pneumonia/Pneumonia-Bacterial (2934).jpg,2,2_Pneumonia,train
validation/0_Normal/Normal (2865).jpg,0,0_Normal,train
validation/0_Normal/Normal (2955).jpg,0,0_Normal,train
train/1_Covid19/COVID-19 (224).jpg,1,1_Covid19,train
train/1_Covid19/COVID-19 (449).jpg,1,1_Covid19,train
validation/1_Covid19/COVID-19 (1131).jpg,1,1_Covid19,train
train/0_Normal/Normal (1328).jpg,0,0_Normal,train
train/0_Normal/Normal (1187).jpg,0,0_Normal,train
train/1_Covid19/COVID-19 (788).jpg,1,1_Covid19,train
train/2_Pneumonia/Pneumonia-Bacterial (2260).jpg,2,2_Pneumonia,train
train/0_Normal/Normal (2421).jpg,0,0_Normal,train
train/0_Normal/Normal (1207).jpg,0,0_Normal,train
train/2_Pneumonia/Pneumonia-Bacterial (551).jpg,2,2_Pneumonia,train
train/0_Normal/Normal (382).jpg,0,0_Normal,train
train/2_Pneumonia/Pneumonia-Viral (121).jpg,2,2_Pneumonia,train
train/0_Normal/Normal (1707).jpg,0,0_Normal,train
train/2_Pneumonia/Pneumonia-Bacterial (2549).jpg,2,2_Pneumonia,train
train/0_Normal/Normal (722).jpg,0,0_Normal,train
validation/2_Pneumonia/Pneumonia-Viral (1107).jpg,2,2_Pneumonia,train
train/0_Normal/Normal (1780).jpg,0,0_Normal,train
train/0_Normal/Normal (2315).jpg,0,0_Normal,train
train/2_Pneumonia/Pneumonia-Bacterial (1820).jpg,2,2_Pneumonia,train
train/2_Pneumonia/Pneumonia-Bacterial (2500).jpg,2,2_Pneumonia,train
validation/2_Pneumonia/Pneumonia-Viral (1366).jpg,2,2_Pneumonia,train
train/2_Pneumonia/Pneumonia-Bacterial (1473).jpg,2,2_Pneumonia,train
train/0_Normal/Normal (2358).jpg,0,0_Normal,train
train/2_Pneumonia/Pneumonia-Bacterial (2838).jpg,2,2_Pneumonia,train
train/2_Pneumonia/Pneumonia-Bacterial (2289).jpg,2,2_Pneumonia,train
train/0_Normal/Normal (944).jpg,0,0_Normal,train
train/0_Normal/Normal (119).jpg,0,0_Normal,train
validation/2_Pneumonia/Pneumonia-Viral (1279).jpg,2,2_Pneumonia,train
train/2_Pneumonia/Pneumonia-Bacterial (1927).jpg,2,2_Pneumonia,train
validation/2_Pneumonia/Pneumonia-Viral (1124).jpg,2,2_Pneumonia,train
train/1_Covid19/COVID-19 (798).jpg,1,1_Covid19,train
train/2_Pneumonia/Pneumonia-Bacterial (1857).jpg,2,2_Pneumonia,train
train/0_Normal/Normal (767).jpg,0,0_Normal,train
train/0_Normal/Normal (235).jpg,0,0_Normal,train
train/1_Covid19/COVID-19 (265).jpg,1,1_Covid19,train
train/2_Pneumonia/Pneumonia-Bacterial (2163).jpg,2,2_Pneumonia,train
train/2_Pneumonia/Pneumonia-Bacterial (692).jpg,2,2_Pneumonia,train
train/2_Pneumonia/Pneumonia-Viral (284).jpg,2,2_Pneumonia,train
train/1_Covid19/COVID-19 (267).jpg,1,1_Covid19,train
train/2_Pneumonia/Pneumonia-Bacterial (370).jpg,2,2_Pneumonia,train
validation/2_Pneumonia/Pneumonia-Viral (834).jpg,2,2_Pneumonia,train
train/2_Pneumonia/Pneumonia-Bacterial (1146).jpg,2,2_Pneumonia,train
train/2_Pneumonia/Pneumonia-Bacterial (2483).jpg,2,2_Pneumonia,train
train/2_Pneumonia/Pneumonia-Bacterial (555).jpg,2,2_Pneumonia,train
validation/1_Covid19/COVID-19 (1234).jpg,1,1_Covid19,train
validation/2_Pneumonia/Pneumonia-Viral (1437).jpg,2,2_Pneumonia,train
train/0_Normal/Normal (1682).jpg,0,0_Normal,train
train/2_Pneumonia/Pneumonia-Bacterial (775).jpg,2,2_Pneumonia,train
train/0_Normal/Normal (899).jpg,0,0_Normal,train
validation/1_Covid19/COVID-19 (1198).jpg,1,1_Covid19,train
train/2_Pneumonia/Pneumonia-Bacterial (900).jpg,2,2_Pneumonia,train
validation/2_Pneumonia/Pneumonia-Viral (1121).jpg,2,2_Pneumonia,train
train/1_Covid19/COVID-19 (459).jpg,1,1_Covid19,train
train/2_Pneumonia/Pneumonia-Viral (317).jpg,2,2_Pneumonia,train
train/2_Pneumonia/Pneumonia-Viral (469).jpg,2,2_Pneumonia,train
train/0_Normal/Normal (1399).jpg,0,0_Normal,train
train/0_Normal/Normal (707).jpg,0,0_Normal,train
train/0_Normal/Normal (2155).jpg,0,0_Normal,train
train/0_Normal/Normal (551).jpg,0,0_Normal,train
train/2_Pneumonia/Pneumonia-Bacterial (1920).jpg,2,2_Pneumonia,train
train/2_Pneumonia/Pneumonia-Bacterial (496).jpg,2,2_Pneumonia,train
train/2_Pneumonia/Pneumonia-Bacterial (1171).jpg,2,2_Pneumonia,train
validation/1_Covid19/COVID-19 (1163).jpg,1,1_Covid19,train
train/2_Pneumonia/Pneumonia-Bacterial (765).jpg,2,2_Pneumonia,train
train/0_Normal/Normal (713).jpg,0,0_Normal,train
train/2_Pneumonia/Pneumonia-Bacterial (1769).jpg,2,2_Pneumonia,train
train/2_Pneumonia/Pneumonia-Bacterial (2879).jpg,2,2_Pneumonia,train
train/0_Normal/Normal (1576).jpg,0,0_Normal,train
train/0_Normal/Normal (2276).jpg,0,0_Normal,train
train/0_Normal/Normal (2026).jpg,0,0_Normal,train
validation/0_Normal/Normal (2969).jpg,0,0_Normal,train
train/2_Pneumonia/Pneumonia-Bacterial (87).jpg,2,2_Pneumonia,train
train/0_Normal/Normal (163).jpg,0,0_Normal,train
train/0_Normal/Normal (2254).jpg,0,0_Normal,train
train/2_Pneumonia/Pneumonia-Bacterial (2996).jpg,2,2_Pneumonia,train
train/0_Normal/Normal (150).jpg,0,0_Normal,train
train/2_Pneumonia/Pneumonia-Bacterial (2818).jpg,2,2_Pneumonia,train
validation/2_Pneumonia/Pneumonia-Viral (758).jpg,2,2_Pneumonia,train
validation/0_Normal/Normal (3181).jpg,0,0_Normal,train
train/0_Normal/Normal (2289).jpg,0,0_Normal,train
validation/2_Pneumonia/Pneumonia-Viral (901).jpg,2,2_Pneumonia,train
train/0_Normal/Normal (109).jpg,0,0_Normal,train
train/0_Normal/Normal (1142).jpg,0,0_Normal,train
train/2_Pneumonia/Pneumonia-Bacterial (2961).jpg,2,2_Pneumonia,train
train/2_Pneumonia/Pneumonia-Bacterial (1564).jpg,2,2_Pneumonia,train
train/2_Pneumonia/Pneumonia-Bacterial (2250).jpg,2,2_Pneumonia,train
train/2_Pneumonia/Pneumonia-Viral (342).jpg,2,2_Pneumonia,train
validation/2_Pneumonia/Pneumonia-Viral (1063).jpg,2,2_Pneumonia,train
train/0_Normal/Normal (758).jpg,0,0_Normal,train
train/1_Covid19/COVID-19 (810).jpg,1,1_Covid19,train
train/1_Covid19/COVID-19 (1002).jpg,1,1_Covid19,train
train/0_Normal/Normal (1358).jpg,0,0_Normal,train
validation/0_Normal/Normal (2754).jpg,0,0_Normal,train
train/2_Pneumonia/Pneumonia-Bacterial (309).jpg,2,2_Pneumonia,train
train/0_Normal/Normal (435).jpg,0,0_Normal,train
train/0_Normal/Normal (1431).jpg,0,0_Normal,train
train/0_Normal/Normal (1406).jpg,0,0_Normal,train
train/2_Pneumonia/Pneumonia-Bacterial (2196).jpg,2,2_Pneumonia,train
validation/1_Covid19/COVID-19 (1193).jpg,1,1_Covid19,train
train/1_Covid19/COVID-19 (890).jpg,1,1_Covid19,train
train/2_Pneumonia/Pneumonia-Bacterial (738).jpg,2,2_Pneumonia,train
train/1_Covid19/COVID-19 (841).jpg,1,1_Covid19,train
train/2_Pneumonia/Pneumonia-Bacterial (2107).jpg,2,2_Pneumonia,train
train/1_Covid19/COVID-19 (409).jpg,1,1_Covid19,train
train/0_Normal/Normal (1578).jpg,0,0_Normal,train
validation/1_Covid19/COVID-19 (1280).jpg,1,1_Covid19,train
train/2_Pneumonia/Pneumonia-Bacterial (570).jpg,2,2_Pneumonia,train
validation/2_Pneumonia/Pneumonia-Viral (930).jpg,2,2_Pneumonia,train
train/0_Normal/Normal (815).jpg,0,0_Normal,train
train/2_Pneumonia/Pneumonia-Bacterial (1523).jpg,2,2_Pneumonia,train
train/1_Covid19/COVID-19 (876).jpg,1,1_Covid19,train
train/2_Pneumonia/Pneumonia-Bacterial (477).jpg,2,2_Pneumonia,train
train/2_Pneumonia/Pneumonia-Bacterial (2694).jpg,2,2_Pneumonia,train
train/0_Normal/Normal (1262).jpg,0,0_Normal,train
validation/2_Pneumonia/Pneumonia-Viral (1614).jpg,2,2_Pneumonia,train
train/1_Covid19/COVID-19 (937).jpg,1,1_Covid19,train
train/2_Pneumonia/Pneumonia-Bacterial (2584).jpg,2,2_Pneumonia,train
validation/2_Pneumonia/Pneumonia-Viral (1178).jpg,2,2_Pneumonia,train
train/2_Pneumonia/Pneumonia-Viral (223).jpg,2,2_Pneumonia,train
validation/0_Normal/Normal (3117).jpg,0,0_Normal,train
train/2_Pneumonia/Pneumonia-Viral (211).jpg,2,2_Pneumonia,train
train/2_Pneumonia/Pneumonia-Bacterial (2999).jpg,2,2_Pneumonia,train
train/0_Normal/Normal (744).jpg,0,0_Normal,train
train/0_Normal/Normal (649).jpg,0,0_Normal,train
train/0_Normal/Normal (238).jpg,0,0_Normal,train
train/1_Covid19/COVID-19 (135).jpg,1,1_Covid19,train
train/0_Normal/Normal (1906).jpg,0,0_Normal,train
train/2_Pneumonia/Pneumonia-Viral (573).jpg,2,2_Pneumonia,train
train/2_Pneumonia/Pneumonia-Bacterial (286).jpg,2,2_Pneumonia,train
validation/2_Pneumonia/Pneumonia-Viral (1259).jpg,2,2_Pneumonia,train
train/0_Normal/Normal (377).jpg,0,0_Normal,train
train/1_Covid19/COVID-19 (248).jpg,1,1_Covid19,train
train/2_Pneumonia/Pneumonia-Bacterial (1798).jpg,2,2_Pneumonia,train
train/1_Covid19/COVID-19 (932).jpg,1,1_Covid19,train
train/2_Pneumonia/Pneumonia-Bacterial (2148).jpg,2,2_Pneumonia,train
train/2_Pneumonia/Pneumonia-Bacterial (1847).jpg,2,2_Pneumonia,train
train/0_Normal/Normal (2459).jpg,0,0_Normal,train
train/1_Covid19/COVID-19 (521).jpg,1,1_Covid19,train
validation/0_Normal/Normal (3270).jpg,0,0_Normal,train
train/2_Pneumonia/Pneumonia-Bacterial (2430).jpg,2,2_Pneumonia,train
validation/2_Pneumonia/Pneumonia-Viral (933).jpg,2,2_Pneumonia,train
train/2_Pneumonia/Pneumonia-Viral (371).jpg,2,2_Pneumonia,train
train/0_Normal/Normal (49).jpg,0,0_Normal,train
train/2_Pneumonia/Pneumonia-Bacterial (404).jpg,2,2_Pneumonia,train
train/2_Pneumonia/Pneumonia-Bacterial (300).jpg,2,2_Pneumonia,train
train/0_Normal/Normal (253).jpg,0,0_Normal,train
train/2_Pneumonia/Pneumonia-Bacterial (1531).jpg,2,2_Pneumonia,train
train/1_Covid19/COVID-19 (523).jpg,1,1_Covid19,train
train/0_Normal/Normal (2263).jpg,0,0_Normal,train
train/2_Pneumonia/Pneumonia-Bacterial (1655).jpg,2,2_Pneumonia,train
train/1_Covid19/COVID-19 (255).jpg,1,1_Covid19,train
train/0_Normal/Normal (1689).jpg,0,0_Normal,train
validation/2_Pneumonia/Pneumonia-Viral (895).jpg,2,2_Pneumonia,train
train/1_Covid19/COVID-19 (984).jpg,1,1_Covid19,train
train/1_Covid19/COVID-19 (888).jpg,1,1_Covid19,train
train/0_Normal/Normal (369).jpg,0,0_Normal,train
train/1_Covid19/COVID-19 (72).jpg,1,1_Covid19,train
train/2_Pneumonia/Pneumonia-Viral (552).jpg,2,2_Pneumonia,train
validation/1_Covid19/COVID-19 (1148).jpg,1,1_Covid19,train
train/2_Pneumonia/Pneumonia-Bacterial (395).jpg,2,2_Pneumonia,train
train/0_Normal/Normal (1705).jpg,0,0_Normal,train
train/2_Pneumonia/Pneumonia-Bacterial (1524).jpg,2,2_Pneumonia,train
train/2_Pneumonia/Pneumonia-Bacterial (652).jpg,2,2_Pneumonia,train
train/2_Pneumonia/Pneumonia-Bacterial (2829).jpg,2,2_Pneumonia,train
train/0_Normal/Normal (2405).jpg,0,0_Normal,train
validation/0_Normal/Normal (2860).jpg,0,0_Normal,train
validation/0_Normal/Normal (2934).jpg,0,0_Normal,train
train/2_Pneumonia/Pneumonia-Bacterial (515).jpg,2,2_Pneumonia,train
train/0_Normal/Normal (997).jpg,0,0_Normal,train
train/2_Pneumonia/Pneumonia-Viral (670).jpg,2,2_Pneumonia,train
train/0_Normal/Normal (2069).jpg,0,0_Normal,train
validation/0_Normal/Normal (3159).jpg,0,0_Normal,train
train/1_Covid19/COVID-19 (965).jpg,1,1_Covid19,train
train/2_Pneumonia/Pneumonia-Bacterial (25).jpg,2,2_Pneumonia,train
train/2_Pneumonia/Pneumonia-Viral (116).jpg,2,2_Pneumonia,train
train/0_Normal/Normal (2304).jpg,0,0_Normal,train
validation/2_Pneumonia/Pneumonia-Viral (1114).jpg,2,2_Pneumonia,train
validation/0_Normal/Normal (3268).jpg,0,0_Normal,train
validation/1_Covid19/COVID-19 (1056).jpg,1,1_Covid19,train
train/1_Covid19/COVID-19 (390).jpg,1,1_Covid19,train
validation/2_Pneumonia/Pneumonia-Viral (1045).jpg,2,2_Pneumonia,train
train/2_Pneumonia/Pneumonia-Bacterial (495).jpg,2,2_Pneumonia,train
train/0_Normal/Normal (1287).jpg,0,0_Normal,train
validation/2_Pneumonia/Pneumonia-Viral (1592).jpg,2,2_Pneumonia,train
train/2_Pneumonia/Pneumonia-Bacterial (1044).jpg,2,2_Pneumonia,train
train/2_Pneumonia/Pneumonia-Bacterial (2052).jpg,2,2_Pneumonia,train
train/0_Normal/Normal (1139).jpg,0,0_Normal,train
train/2_Pneumonia/Pneumonia-Bacterial (1099).jpg,2,2_Pneumonia,train
train/2_Pneumonia/Pneumonia-Bacterial (1080).jpg,2,2_Pneumonia,train
train/0_Normal/Normal (679).jpg,0,0_Normal,train
train/0_Normal/Normal (1913).jpg,0,0_Normal,train
train/0_Normal/Normal (2413).jpg,0,0_Normal,train
train/0_Normal/Normal (199).jpg,0,0_Normal,train
validation/2_Pneumonia/Pneumonia-Viral (1540).jpg,2,2_Pneumonia,train
train/0_Normal/Normal (497).jpg,0,0_Normal,train
validation/1_Covid19/COVID-19 (1226).jpg,1,1_Covid19,train
validation/2_Pneumonia/Pneumonia-Viral (1638).jpg,2,2_Pneumonia,train
train/2_Pneumonia/Pneumonia-Bacterial (154).jpg,2,2_Pneumonia,train
train/2_Pneumonia/Pneumonia-Bacterial (2644).jpg,2,2_Pneumonia,train
train/2_Pneumonia/Pneumonia-Bacterial (335).jpg,2,2_Pneumonia,train
train/0_Normal/Normal (680).jpg,0,0_Normal,train
validation/2_Pneumonia/Pneumonia-Viral (1239).jpg,2,2_Pneumonia,train
train/0_Normal/Normal (1269).jpg,0,0_Normal,train
train/2_Pneumonia/Pneumonia-Bacterial (2757).jpg,2,2_Pneumonia,train
train/1_Covid19/COVID-19 (660).jpg,1,1_Covid19,train
train/0_Normal/Normal (360).jpg,0,0_Normal,train
train/2_Pneumonia/Pneumonia-Bacterial (174).jpg,2,2_Pneumonia,train
validation/0_Normal/Normal (3086).jpg,0,0_Normal,train
train/2_Pneumonia/Pneumonia-Bacterial (1705).jpg,2,2_Pneumonia,train
train/1_Covid19/COVID-19 (719).jpg,1,1_Covid19,train
train/0_Normal/Normal (2444).jpg,0,0_Normal,train
train/0_Normal/Normal (1602).jpg,0,0_Normal,train
train/2_Pneumonia/Pneumonia-Viral (329).jpg,2,2_Pneumonia,train
train/0_Normal/Normal (2021).jpg,0,0_Normal,train
train/0_Normal/Normal (381).jpg,0,0_Normal,train
validation/2_Pneumonia/Pneumonia-Viral (732).jpg,2,2_Pneumonia,train
train/2_Pneumonia/Pneumonia-Bacterial (2347).jpg,2,2_Pneumonia,train
validation/0_Normal/Normal (2719).jpg,0,0_Normal,train
train/0_Normal/Normal (2393).jpg,0,0_Normal,train
train/0_Normal/Normal (2180).jpg,0,0_Normal,train
validation/2_Pneumonia/Pneumonia-Viral (885).jpg,2,2_Pneumonia,train
train/0_Normal/Normal (2367).jpg,0,0_Normal,train
train/2_Pneumonia/Pneumonia-Bacterial (2742).jpg,2,2_Pneumonia,train
train/2_Pneumonia/Pneumonia-Bacterial (913).jpg,2,2_Pneumonia,train
train/0_Normal/Normal (2107).jpg,0,0_Normal,train
train/2_Pneumonia/Pneumonia-Bacterial (2243).jpg,2,2_Pneumonia,train
train/2_Pneumonia/Pneumonia-Bacterial (920).jpg,2,2_Pneumonia,train
train/1_Covid19/COVID-19 (395).jpg,1,1_Covid19,train
train/2_Pneumonia/Pneumonia-Bacterial (2987).jpg,2,2_Pneumonia,train
train/2_Pneumonia/Pneumonia-Bacterial (549).jpg,2,2_Pneumonia,train
train/1_Covid19/COVID-19 (886).jpg,1,1_Covid19,train
train/1_Covid19/COVID-19 (118).jpg,1,1_Covid19,train
train/0_Normal/Normal (256).jpg,0,0_Normal,train
train/0_Normal/Normal (1023).jpg,0,0_Normal,train
train/2_Pneumonia/Pneumonia-Bacterial (1007).jpg,2,2_Pneumonia,train
train/1_Covid19/COVID-19 (178).jpg,1,1_Covid19,train
train/0_Normal/Normal (2129).jpg,0,0_Normal,train
train/2_Pneumonia/Pneumonia-Bacterial (1345).jpg,2,2_Pneumonia,train
train/0_Normal/Normal (2592).jpg,0,0_Normal,train
train/0_Normal/Normal (422).jpg,0,0_Normal,train
validation/2_Pneumonia/Pneumonia-Viral (1161).jpg,2,2_Pneumonia,train
train/2_Pneumonia/Pneumonia-Bacterial (817).jpg,2,2_Pneumonia,train
train/1_Covid19/COVID-19 (554).jpg,1,1_Covid19,train
train/2_Pneumonia/Pneumonia-Bacterial (2906).jpg,2,2_Pneumonia,train
train/2_Pneumonia/Pneumonia-Bacterial (136).jpg,2,2_Pneumonia,train
train/2_Pneumonia/Pneumonia-Bacterial (962).jpg,2,2_Pneumonia,train
validation/0_Normal/Normal (2896).jpg,0,0_Normal,train
train/0_Normal/Normal (2566).jpg,0,0_Normal,train
validation/2_Pneumonia/Pneumonia-Viral (1046).jpg,2,2_Pneumonia,train
train/2_Pneumonia/Pneumonia-Bacterial (2918).jpg,2,2_Pneumonia,train
validation/2_Pneumonia/Pneumonia-Viral (854).jpg,2,2_Pneumonia,train
validation/1_Covid19/COVID-19 (1235).jpg,1,1_Covid19,train
train/0_Normal/Normal (1001).jpg,0,0_Normal,train
validation/2_Pneumonia/Pneumonia-Viral (800).jpg,2,2_Pneumonia,train
train/2_Pneumonia/Pneumonia-Bacterial (1103).jpg,2,2_Pneumonia,train
train/1_Covid19/COVID-19 (923).jpg,1,1_Covid19,train
train/0_Normal/Normal (2145).jpg,0,0_Normal,train
validation/1_Covid19/COVID-19 (1059).jpg,1,1_Covid19,train
train/0_Normal/Normal (1792).jpg,0,0_Normal,train
validation/0_Normal/Normal (3188).jpg,0,0_Normal,train
train/0_Normal/Normal (2482).jpg,0,0_Normal,train
train/0_Normal/Normal (332).jpg,0,0_Normal,train
train/2_Pneumonia/Pneumonia-Bacterial (123).jpg,2,2_Pneumonia,train
train/0_Normal/Normal (43).jpg,0,0_Normal,train
train/2_Pneumonia/Pneumonia-Bacterial (19).jpg,2,2_Pneumonia,train
train/2_Pneumonia/Pneumonia-Viral (499) (1).jpg,2,2_Pneumonia,train
train/0_Normal/Normal (121).jpg,0,0_Normal,train
train/2_Pneumonia/Pneumonia-Bacterial (960).jpg,2,2_Pneumonia,train
train/2_Pneumonia/Pneumonia-Bacterial (2168).jpg,2,2_Pneumonia,train
validation/2_Pneumonia/Pneumonia-Viral (1564).jpg,2,2_Pneumonia,train
validation/2_Pneumonia/Pneumonia-Viral (1184).jpg,2,2_Pneumonia,train
train/1_Covid19/COVID-19 (120).jpg,1,1_Covid19,train
train/2_Pneumonia/Pneumonia-Bacterial (2327).jpg,2,2_Pneumonia,train
train/0_Normal/Normal (1270).jpg,0,0_Normal,train
train/2_Pneumonia/Pneumonia-Bacterial (1679).jpg,2,2_Pneumonia,train
train/2_Pneumonia/Pneumonia-Bacterial (2298).jpg,2,2_Pneumonia,train
validation/2_Pneumonia/Pneumonia-Viral (844).jpg,2,2_Pneumonia,train
train/0_Normal/Normal (283).jpg,0,0_Normal,train
train/2_Pneumonia/Pneumonia-Viral (466).jpg,2,2_Pneumonia,train
train/0_Normal/Normal (385).jpg,0,0_Normal,train
validation/0_Normal/Normal (3259).jpg,0,0_Normal,train
train/0_Normal/Normal (748).jpg,0,0_Normal,train
train/0_Normal/Normal (1646).jpg,0,0_Normal,train
validation/0_Normal/Normal (2912).jpg,0,0_Normal,train
train/2_Pneumonia/Pneumonia-Bacterial (2943).jpg,2,2_Pneumonia,train
validation/0_Normal/Normal (3001).jpg,0,0_Normal,train
train/2_Pneumonia/Pneumonia-Bacterial (1813).jpg,2,2_Pneumonia,train
train/1_Covid19/COVID-19 (715).jpg,1,1_Covid19,train
train/0_Normal/Normal (250).jpg,0,0_Normal,train
validation/0_Normal/Normal (2689).jpg,0,0_Normal,train
train/2_Pneumonia/Pneumonia-Bacterial (2401).jpg,2,2_Pneumonia,train
train/0_Normal/Normal (1219).jpg,0,0_Normal,train
train/2_Pneumonia/Pneumonia-Bacterial (2510).jpg,2,2_Pneumonia,train
train/2_Pneumonia/Pneumonia-Bacterial (2320).jpg,2,2_Pneumonia,train
validation/2_Pneumonia/Pneumonia-Viral (828).jpg,2,2_Pneumonia,train
validation/0_Normal/Normal (2853).jpg,0,0_Normal,train
validation/1_Covid19/COVID-19 (1206).jpg,1,1_Covid19,train
train/0_Normal/Normal (1229).jpg,0,0_Normal,train
train/2_Pneumonia/Pneumonia-Bacterial (2123).jpg,2,2_Pneumonia,train
validation/2_Pneumonia/Pneumonia-Viral (881).jpg,2,2_Pneumonia,train
train/2_Pneumonia/Pneumonia-Bacterial (806).jpg,2,2_Pneumonia,train
train/0_Normal/Normal (2090).jpg,0,0_Normal,train
train/2_Pneumonia/Pneumonia-Bacterial (43).jpg,2,2_Pneumonia,train
train/2_Pneumonia/Pneumonia-Bacterial (2266).jpg,2,2_Pneumonia,train
train/2_Pneumonia/Pneumonia-Viral (501).jpg,2,2_Pneumonia,train
train/2_Pneumonia/Pneumonia-Bacterial (1481).jpg,2,2_Pneumonia,train
train/2_Pneumonia/Pneumonia-Viral (550).jpg,2,2_Pneumonia,train
validation/2_Pneumonia/Pneumonia-Viral (1624).jpg,2,2_Pneumonia,train
train/2_Pneumonia/Pneumonia-Bacterial (2310).jpg,2,2_Pneumonia,train
train/1_Covid19/COVID-19 (358).jpg,1,1_Covid19,train
train/2_Pneumonia/Pneumonia-Bacterial (2222).jpg,2,2_Pneumonia,train
train/2_Pneumonia/Pneumonia-Bacterial (1529).jpg,2,2_Pneumonia,train
validation/2_Pneumonia/Pneumonia-Viral (1076).jpg,2,2_Pneumonia,train
train/0_Normal/Normal (2191).jpg,0,0_Normal,train
validation/2_Pneumonia/Pneumonia-Viral (918).jpg,2,2_Pneumonia,train
train/2_Pneumonia/Pneumonia-Bacterial (988).jpg,2,2_Pneumonia,train
train/0_Normal/Normal (691).jpg,0,0_Normal,train
validation/2_Pneumonia/Pneumonia-Viral (1201).jpg,2,2_Pneumonia,train
train/0_Normal/Normal (2551).jpg,0,0_Normal,train
train/0_Normal/Normal (1532).jpg,0,0_Normal,train
validation/2_Pneumonia/Pneumonia-Viral (1308).jpg,2,2_Pneumonia,train
train/2_Pneumonia/Pneumonia-Bacterial (1678).jpg,2,2_Pneumonia,train
validation/0_Normal/Normal (2847).jpg,0,0_Normal,train
train/0_Normal/Normal (878).jpg,0,0_Normal,train
train/0_Normal/Normal (2059).jpg,0,0_Normal,train
train/2_Pneumonia/Pneumonia-Viral (513).jpg,2,2_Pneumonia,train
train/1_Covid19/COVID-19 (342).jpg,1,1_Covid19,train
validation/2_Pneumonia/Pneumonia-Viral (1138).jpg,2,2_Pneumonia,train
train/2_Pneumonia/Pneumonia-Viral (515).jpg,2,2_Pneumonia,train
validation/0_Normal/Normal (3047).jpg,0,0_Normal,train
validation/2_Pneumonia/Pneumonia-Viral (775).jpg,2,2_Pneumonia,train
train/2_Pneumonia/Pneumonia-Bacterial (783).jpg,2,2_Pneumonia,train
train/2_Pneumonia/Pneumonia-Bacterial (605).jpg,2,2_Pneumonia,train
train/0_Normal/Normal (50).jpg,0,0_Normal,train
train/2_Pneumonia/Pneumonia-Viral (511).jpg,2,2_Pneumonia,train
validation/2_Pneumonia/Pneumonia-Viral (1400).jpg,2,2_Pneumonia,train
train/0_Normal/Normal (939).jpg,0,0_Normal,train
train/0_Normal/Normal (324).jpg,0,0_Normal,train
train/2_Pneumonia/Pneumonia-Bacterial (437).jpg,2,2_Pneumonia,train
train/2_Pneumonia/Pneumonia-Bacterial (2490).jpg,2,2_Pneumonia,train
train/2_Pneumonia/Pneumonia-Bacterial (2668).jpg,2,2_Pneumonia,train
validation/2_Pneumonia/Pneumonia-Viral (1147).jpg,2,2_Pneumonia,train
train/1_Covid19/COVID-19 (972).jpg,1,1_Covid19,train
train/0_Normal/Normal (1907).jpg,0,0_Normal,train
train/1_Covid19/COVID-19 (574).jpg,1,1_Covid19,train
validation/1_Covid19/COVID-19 (1106).jpg,1,1_Covid19,train
train/2_Pneumonia/Pneumonia-Bacterial (1728).jpg,2,2_Pneumonia,train
train/0_Normal/Normal (303).jpg,0,0_Normal,train
train/0_Normal/Normal (1348).jpg,0,0_Normal,train
train/2_Pneumonia/Pneumonia-Bacterial (1173).jpg,2,2_Pneumonia,train
train/2_Pneumonia/Pneumonia-Bacterial (2283).jpg,2,2_Pneumonia,train
train/1_Covid19/COVID-19 (238).jpg,1,1_Covid19,train
validation/0_Normal/Normal (3224).jpg,0,0_Normal,train
train/0_Normal/Normal (1015).jpg,0,0_Normal,train
train/1_Covid19/COVID-19 (103).jpg,1,1_Covid19,train
train/2_Pneumonia/Pneumonia-Bacterial (265).jpg,2,2_Pneumonia,train
train/0_Normal/Normal (388).jpg,0,0_Normal,train
train/1_Covid19/COVID-19 (6).jpg,1,1_Covid19,train
train/2_Pneumonia/Pneumonia-Bacterial (2257).jpg,2,2_Pneumonia,train
train/1_Covid19/COVID-19 (333).jpg,1,1_Covid19,train
train/2_Pneumonia/Pneumonia-Bacterial (2816).jpg,2,2_Pneumonia,train
train/0_Normal/Normal (1201).jpg,0,0_Normal,train
train/1_Covid19/COVID-19 (32).jpg,1,1_Covid19,train
train/0_Normal/Normal (252).jpg,0,0_Normal,train
train/0_Normal/Normal (304).jpg,0,0_Normal,train
train/1_Covid19/COVID-19 (11).jpg,1,1_Covid19,train
validation/0_Normal/Normal (2945).jpg,0,0_Normal,train
train/0_Normal/Normal (859).jpg,0,0_Normal,train
train/0_Normal/Normal (2017).jpg,0,0_Normal,train
train/1_Covid19/COVID-19 (490).jpg,1,1_Covid19,train
train/2_Pneumonia/Pneumonia-Bacterial (1797).jpg,2,2_Pneumonia,train
train/1_Covid19/COVID-19 (314).jpg,1,1_Covid19,train
train/0_Normal/Normal (1900).jpg,0,0_Normal,train
train/2_Pneumonia/Pneumonia-Bacterial (2590).jpg,2,2_Pneumonia,train
train/2_Pneumonia/Pneumonia-Viral (525).jpg,2,2_Pneumonia,train
train/2_Pneumonia/Pneumonia-Bacterial (854).jpg,2,2_Pneumonia,train
train/0_Normal/Normal (1188).jpg,0,0_Normal,train
train/2_Pneumonia/Pneumonia-Viral (20).jpg,2,2_Pneumonia,train
train/0_Normal/Normal (338).jpg,0,0_Normal,train
validation/0_Normal/Normal (2741).jpg,0,0_Normal,train
train/0_Normal/Normal (2280).jpg,0,0_Normal,train
train/0_Normal/Normal (2467).jpg,0,0_Normal,train
train/0_Normal/Normal (2502).jpg,0,0_Normal,train
train/2_Pneumonia/Pneumonia-Bacterial (1550).jpg,2,2_Pneumonia,train
train/2_Pneumonia/Pneumonia-Bacterial (937).jpg,2,2_Pneumonia,train
train/2_Pneumonia/Pneumonia-Viral (633).jpg,2,2_Pneumonia,train
train/2_Pneumonia/Pneumonia-Viral (272).jpg,2,2_Pneumonia,train
train/2_Pneumonia/Pneumonia-Bacterial (2713).jpg,2,2_Pneumonia,train
train/2_Pneumonia/Pneumonia-Viral (250).jpg,2,2_Pneumonia,train
train/1_Covid19/COVID-19 (509).jpg,1,1_Covid19,train
train/2_Pneumonia/Pneumonia-Bacterial (2782).jpg,2,2_Pneumonia,train
train/2_Pneumonia/Pneumonia-Viral (195).jpg,2,2_Pneumonia,train
train/0_Normal/Normal (2602).jpg,0,0_Normal,train
validation/2_Pneumonia/Pneumonia-Viral (1087).jpg,2,2_Pneumonia,train
train/2_Pneumonia/Pneumonia-Bacterial (2647).jpg,2,2_Pneumonia,train
train/2_Pneumonia/Pneumonia-Bacterial (1568).jpg,2,2_Pneumonia,train
train/1_Covid19/COVID-19 (272).jpg,1,1_Covid19,train
train/0_Normal/Normal (251).jpg,0,0_Normal,train
validation/2_Pneumonia/Pneumonia-Viral (811).jpg,2,2_Pneumonia,train
train/1_Covid19/COVID-19 (303).jpg,1,1_Covid19,train
train/0_Normal/Normal (1826).jpg,0,0_Normal,train
train/2_Pneumonia/Pneumonia-Bacterial (2306).jpg,2,2_Pneumonia,train
train/1_Covid19/COVID-19 (437).jpg,1,1_Covid19,train
validation/2_Pneumonia/Pneumonia-Viral (761).jpg,2,2_Pneumonia,train
train/2_Pneumonia/Pneumonia-Bacterial (1187).jpg,2,2_Pneumonia,train
train/2_Pneumonia/Pneumonia-Bacterial (321).jpg,2,2_Pneumonia,train
train/0_Normal/Normal (1415).jpg,0,0_Normal,train
validation/2_Pneumonia/Pneumonia-Viral (1165).jpg,2,2_Pneumonia,train
train/1_Covid19/COVID-19 (840).jpg,1,1_Covid19,train
train/0_Normal/Normal (883).jpg,0,0_Normal,train
validation/2_Pneumonia/Pneumonia-Viral (1067).jpg,2,2_Pneumonia,train
train/0_Normal/Normal (2590).jpg,0,0_Normal,train
validation/0_Normal/Normal (2932).jpg,0,0_Normal,train
train/2_Pneumonia/Pneumonia-Bacterial (695).jpg,2,2_Pneumonia,train
train/0_Normal/Normal (920).jpg,0,0_Normal,train
validation/2_Pneumonia/Pneumonia-Viral (1168).jpg,2,2_Pneumonia,train
train/0_Normal/Normal (452).jpg,0,0_Normal,train
train/2_Pneumonia/Pneumonia-Bacterial (2547).jpg,2,2_Pneumonia,train
train/0_Normal/Normal (2541).jpg,0,0_Normal,train
validation/0_Normal/Normal (3108).jpg,0,0_Normal,train
train/0_Normal/Normal (2188).jpg,0,0_Normal,train
train/0_Normal/Normal (1370).jpg,0,0_Normal,train
train/2_Pneumonia/Pneumonia-Bacterial (1782).jpg,2,2_Pneumonia,train
train/2_Pneumonia/Pneumonia-Bacterial (1302).jpg,2,2_Pneumonia,train
train/2_Pneumonia/Pneumonia-Bacterial (2693).jpg,2,2_Pneumonia,train
train/2_Pneumonia/Pneumonia-Bacterial (2562).jpg,2,2_Pneumonia,train
train/2_Pneumonia/Pneumonia-Bacterial (1086).jpg,2,2_Pneumonia,train
train/2_Pneumonia/Pneumonia-Bacterial (428).jpg,2,2_Pneumonia,train
train/0_Normal/Normal (1134).jpg,0,0_Normal,train
train/0_Normal/Normal (865).jpg,0,0_Normal,train
train/2_Pneumonia/Pneumonia-Bacterial (78).jpg,2,2_Pneumonia,train
train/2_Pneumonia/Pneumonia-Viral (106).jpg,2,2_Pneumonia,train
train/2_Pneumonia/Pneumonia-Bacterial (726).jpg,2,2_Pneumonia,train
validation/0_Normal/Normal (2785).jpg,0,0_Normal,train
train/2_Pneumonia/Pneumonia-Bacterial (373).jpg,2,2_Pneumonia,train
train/0_Normal/Normal (2340).jpg,0,0_Normal,train
validation/2_Pneumonia/Pneumonia-Viral (1022).jpg,2,2_Pneumonia,train
train/0_Normal/Normal (2245).jpg,0,0_Normal,train
validation/2_Pneumonia/Pneumonia-Viral (1322).jpg,2,2_Pneumonia,train
train/2_Pneumonia/Pneumonia-Bacterial (938).jpg,2,2_Pneumonia,train
validation/2_Pneumonia/Pneumonia-Viral (1644).jpg,2,2_Pneumonia,train
train/0_Normal/Normal (1107).jpg,0,0_Normal,train
train/2_Pneumonia/Pneumonia-Bacterial (2312).jpg,2,2_Pneumonia,train
train/0_Normal/Normal (87).jpg,0,0_Normal,train
train/0_Normal/Normal (2134).jpg,0,0_Normal,train
train/2_Pneumonia/Pneumonia-Viral (181).jpg,2,2_Pneumonia,train
train/2_Pneumonia/Pneumonia-Bacterial (1720).jpg,2,2_Pneumonia,train
train/1_Covid19/COVID-19 (7).jpg,1,1_Covid19,train
train/0_Normal/Normal (1899).jpg,0,0_Normal,train
train/2_Pneumonia/Pneumonia-Viral (214).jpg,2,2_Pneumonia,train
train/2_Pneumonia/Pneumonia-Bacterial (2977).jpg,2,2_Pneumonia,train
train/2_Pneumonia/Pneumonia-Bacterial (2855).jpg,2,2_Pneumonia,train
train/0_Normal/Normal (1285).jpg,0,0_Normal,train
train/2_Pneumonia/Pneumonia-Bacterial (1960).jpg,2,2_Pneumonia,train
train/2_Pneumonia/Pneumonia-Bacterial (1426).jpg,2,2_Pneumonia,train
validation/2_Pneumonia/Pneumonia-Viral (1263).jpg,2,2_Pneumonia,train
train/0_Normal/Normal (1427).jpg,0,0_Normal,train
train/1_Covid19/COVID-19 (277).jpg,1,1_Covid19,train
train/2_Pneumonia/Pneumonia-Viral (489).jpg,2,2_Pneumonia,train
validation/2_Pneumonia/Pneumonia-Viral (1367).jpg,2,2_Pneumonia,train
train/2_Pneumonia/Pneumonia-Bacterial (2733).jpg,2,2_Pneumonia,train
train/2_Pneumonia/Pneumonia-Bacterial (1281).jpg,2,2_Pneumonia,train
train/2_Pneumonia/Pneumonia-Bacterial (963).jpg,2,2_Pneumonia,train
train/2_Pneumonia/Pneumonia-Bacterial (1517).jpg,2,2_Pneumonia,train
train/0_Normal/Normal (1718).jpg,0,0_Normal,train
train/0_Normal/Normal (1852).jpg,0,0_Normal,train
validation/0_Normal/Normal (2963).jpg,0,0_Normal,train
train/0_Normal/Normal (2324).jpg,0,0_Normal,train
train/0_Normal/Normal (1138).jpg,0,0_Normal,train
validation/0_Normal/Normal (3042).jpg,0,0_Normal,train
train/0_Normal/Normal (1163).jpg,0,0_Normal,train
validation/2_Pneumonia/Pneumonia-Viral (1202).jpg,2,2_Pneumonia,train
train/1_Covid19/COVID-19 (884).jpg,1,1_Covid19,train
train/2_Pneumonia/Pneumonia-Bacterial (1950).jpg,2,2_Pneumonia,train
train/0_Normal/Normal (914).jpg,0,0_Normal,train
train/0_Normal/Normal (1253).jpg,0,0_Normal,train
train/2_Pneumonia/Pneumonia-Bacterial (1131).jpg,2,2_Pneumonia,train
validation/1_Covid19/COVID-19 (1143).jpg,1,1_Covid19,train
train/2_Pneumonia/Pneumonia-Bacterial (2351).jpg,2,2_Pneumonia,train
train/0_Normal/Normal (393).jpg,0,0_Normal,train
train/0_Normal/Normal (1816).jpg,0,0_Normal,train
train/2_Pneumonia/Pneumonia-Bacterial (1105).jpg,2,2_Pneumonia,train
train/0_Normal/Normal (693).jpg,0,0_Normal,train
train/0_Normal/Normal (1550).jpg,0,0_Normal,train
train/2_Pneumonia/Pneumonia-Bacterial (1190).jpg,2,2_Pneumonia,train
validation/0_Normal/Normal (3256).jpg,0,0_Normal,train
train/2_Pneumonia/Pneumonia-Bacterial (902).jpg,2,2_Pneumonia,train
validation/1_Covid19/COVID-19 (1058).jpg,1,1_Covid19,train
train/2_Pneumonia/Pneumonia-Bacterial (1386).jpg,2,2_Pneumonia,train
validation/2_Pneumonia/Pneumonia-Viral (1394).jpg,2,2_Pneumonia,train
train/0_Normal/Normal (2525).jpg,0,0_Normal,train
validation/2_Pneumonia/Pneumonia-Viral (1557).jpg,2,2_Pneumonia,train
train/0_Normal/Normal (1217).jpg,0,0_Normal,train
train/2_Pneumonia/Pneumonia-Bacterial (655).jpg,2,2_Pneumonia,train
train/0_Normal/Normal (151).jpg,0,0_Normal,train
train/2_Pneumonia/Pneumonia-Bacterial (1571).jpg,2,2_Pneumonia,train
train/0_Normal/Normal (659).jpg,0,0_Normal,train
train/0_Normal/Normal (234).jpg,0,0_Normal,train
validation/0_Normal/Normal (2769).jpg,0,0_Normal,train
train/2_Pneumonia/Pneumonia-Bacterial (2374).jpg,2,2_Pneumonia,train
validation/2_Pneumonia/Pneumonia-Viral (765).jpg,2,2_Pneumonia,train
validation/2_Pneumonia/Pneumonia-Viral (832).jpg,2,2_Pneumonia,train
validation/0_Normal/Normal (3262).jpg,0,0_Normal,train
train/0_Normal/Normal (1052).jpg,0,0_Normal,train
train/0_Normal/Normal (1297).jpg,0,0_Normal,train
train/0_Normal/Normal (2615).jpg,0,0_Normal,train
train/0_Normal/Normal (1336).jpg,0,0_Normal,train
validation/2_Pneumonia/Pneumonia-Viral (1313).jpg,2,2_Pneumonia,train
train/0_Normal/Normal (1889).jpg,0,0_Normal,train
train/1_Covid19/COVID-19 (486).jpg,1,1_Covid19,train
train/0_Normal/Normal (132).jpg,0,0_Normal,train
train/2_Pneumonia/Pneumonia-Bacterial (1596).jpg,2,2_Pneumonia,train
validation/2_Pneumonia/Pneumonia-Viral (1122).jpg,2,2_Pneumonia,train
validation/2_Pneumonia/Pneumonia-Viral (1539).jpg,2,2_Pneumonia,train
train/2_Pneumonia/Pneumonia-Bacterial (2081).jpg,2,2_Pneumonia,train
train/0_Normal/Normal (1605).jpg,0,0_Normal,train
train/2_Pneumonia/Pneumonia-Viral (295).jpg,2,2_Pneumonia,train
validation/2_Pneumonia/Pneumonia-Viral (1387).jpg,2,2_Pneumonia,train
train/1_Covid19/COVID-19 (288).jpg,1,1_Covid19,train
train/0_Normal/Normal (2476).jpg,0,0_Normal,train
train/2_Pneumonia/Pneumonia-Bacterial (2700).jpg,2,2_Pneumonia,train
train/0_Normal/Normal (257).jpg,0,0_Normal,train
train/2_Pneumonia/Pneumonia-Viral (701).jpg,2,2_Pneumonia,train
train/2_Pneumonia/Pneumonia-Bacterial (1350).jpg,2,2_Pneumonia,train
train/2_Pneumonia/Pneumonia-Bacterial (1457).jpg,2,2_Pneumonia,train
train/2_Pneumonia/Pneumonia-Viral (507) (1).jpg,2,2_Pneumonia,train
train/0_Normal/Normal (1016).jpg,0,0_Normal,train
train/0_Normal/Normal (323).jpg,0,0_Normal,train
train/2_Pneumonia/Pneumonia-Bacterial (1305).jpg,2,2_Pneumonia,train
validation/2_Pneumonia/Pneumonia-Viral (1374).jpg,2,2_Pneumonia,train
validation/0_Normal/Normal (2954).jpg,0,0_Normal,train
train/2_Pneumonia/Pneumonia-Bacterial (2237).jpg,2,2_Pneumonia,train
validation/2_Pneumonia/Pneumonia-Viral (1150).jpg,2,2_Pneumonia,train
validation/2_Pneumonia/Pneumonia-Viral (1368).jpg,2,2_Pneumonia,train
train/0_Normal/Normal (1667).jpg,0,0_Normal,train
train/1_Covid19/COVID-19 (20).jpg,1,1_Covid19,train
train/2_Pneumonia/Pneumonia-Bacterial (1400).jpg,2,2_Pneumonia,train
validation/2_Pneumonia/Pneumonia-Viral (1106).jpg,2,2_Pneumonia,train
train/1_Covid19/COVID-19 (350).jpg,1,1_Covid19,train
train/2_Pneumonia/Pneumonia-Viral (602).jpg,2,2_Pneumonia,train
train/1_Covid19/COVID-19 (14).jpg,1,1_Covid19,train
validation/1_Covid19/COVID-19 (1043).jpg,1,1_Covid19,train
validation/2_Pneumonia/Pneumonia-Viral (1630).jpg,2,2_Pneumonia,train
validation/0_Normal/Normal (2774).jpg,0,0_Normal,train
validation/0_Normal/Normal (3158).jpg,0,0_Normal,train
train/2_Pneumonia/Pneumonia-Bacterial (1008).jpg,2,2_Pneumonia,train
train/2_Pneumonia/Pneumonia-Viral (163).jpg,2,2_Pneumonia,train
train/0_Normal/Normal (1294).jpg,0,0_Normal,train
train/0_Normal/Normal (2294).jpg,0,0_Normal,train
train/2_Pneumonia/Pneumonia-Bacterial (771).jpg,2,2_Pneumonia,train
train/2_Pneumonia/Pneumonia-Bacterial (296).jpg,2,2_Pneumonia,train
train/2_Pneumonia/Pneumonia-Bacterial (613).jpg,2,2_Pneumonia,train
train/2_Pneumonia/Pneumonia-Bacterial (2767).jpg,2,2_Pneumonia,train
validation/2_Pneumonia/Pneumonia-Viral (1330).jpg,2,2_Pneumonia,train
train/0_Normal/Normal (2185).jpg,0,0_Normal,train
validation/0_Normal/Normal (3045).jpg,0,0_Normal,train
train/2_Pneumonia/Pneumonia-Bacterial (105).jpg,2,2_Pneumonia,train
train/2_Pneumonia/Pneumonia-Bacterial (2455).jpg,2,2_Pneumonia,train
train/2_Pneumonia/Pneumonia-Bacterial (2645).jpg,2,2_Pneumonia,train
train/0_Normal/Normal (1628).jpg,0,0_Normal,train
validation/1_Covid19/COVID-19 (1173).jpg,1,1_Covid19,train
train/0_Normal/Normal (198).jpg,0,0_Normal,train
train/0_Normal/Normal (1291).jpg,0,0_Normal,train
train/0_Normal/Normal (2272).jpg,0,0_Normal,train
validation/2_Pneumonia/Pneumonia-Viral (1533).jpg,2,2_Pneumonia,train
validation/2_Pneumonia/Pneumonia-Viral (1207).jpg,2,2_Pneumonia,train
validation/2_Pneumonia/Pneumonia-Viral (1123).jpg,2,2_Pneumonia,train
train/2_Pneumonia/Pneumonia-Bacterial (2751).jpg,2,2_Pneumonia,train
train/2_Pneumonia/Pneumonia-Bacterial (1270).jpg,2,2_Pneumonia,train
train/2_Pneumonia/Pneumonia-Bacterial (2341).jpg,2,2_Pneumonia,train
train/2_Pneumonia/Pneumonia-Bacterial (618).jpg,2,2_Pneumonia,train
train/2_Pneumonia/Pneumonia-Bacterial (1).jpg,2,2_Pneumonia,train
train/2_Pneumonia/Pneumonia-Bacterial (2247).jpg,2,2_Pneumonia,train
train/2_Pneumonia/Pneumonia-Bacterial (2149).jpg,2,2_Pneumonia,train
train/0_Normal/Normal (1278).jpg,0,0_Normal,train
validation/0_Normal/Normal (3136).jpg,0,0_Normal,train
train/2_Pneumonia/Pneumonia-Viral (5).jpg,2,2_Pneumonia,train
train/1_Covid19/COVID-19 (433).jpg,1,1_Covid19,train
train/2_Pneumonia/Pneumonia-Bacterial (1154).jpg,2,2_Pneumonia,train
train/0_Normal/Normal (1061).jpg,0,0_Normal,train
train/2_Pneumonia/Pneumonia-Bacterial (939).jpg,2,2_Pneumonia,train
train/2_Pneumonia/Pneumonia-Bacterial (657).jpg,2,2_Pneumonia,train
train/2_Pneumonia/Pneumonia-Viral (367).jpg,2,2_Pneumonia,train
train/2_Pneumonia/Pneumonia-Bacterial (2772).jpg,2,2_Pneumonia,train
train/0_Normal/Normal (505).jpg,0,0_Normal,train
validation/2_Pneumonia/Pneumonia-Viral (1541).jpg,2,2_Pneumonia,train
train/1_Covid19/COVID-19 (665).jpg,1,1_Covid19,train
train/0_Normal/Normal (1442).jpg,0,0_Normal,train
train/0_Normal/Normal (1763).jpg,0,0_Normal,train
train/0_Normal/Normal (486).jpg,0,0_Normal,train
validation/2_Pneumonia/Pneumonia-Viral (1435).jpg,2,2_Pneumonia,train
train/2_Pneumonia/Pneumonia-Bacterial (2221).jpg,2,2_Pneumonia,train
train/0_Normal/Normal (1281).jpg,0,0_Normal,train
train/2_Pneumonia/Pneumonia-Bacterial (1022).jpg,2,2_Pneumonia,train
validation/2_Pneumonia/Pneumonia-Viral (791).jpg,2,2_Pneumonia,train
train/2_Pneumonia/Pneumonia-Bacterial (611).jpg,2,2_Pneumonia,train
train/2_Pneumonia/Pneumonia-Bacterial (1808).jpg,2,2_Pneumonia,train
train/2_Pneumonia/Pneumonia-Bacterial (2857).jpg,2,2_Pneumonia,train
validation/2_Pneumonia/Pneumonia-Viral (1649).jpg,2,2_Pneumonia,train
train/2_Pneumonia/Pneumonia-Bacterial (1751).jpg,2,2_Pneumonia,train
validation/0_Normal/Normal (2894).jpg,0,0_Normal,train
train/0_Normal/Normal (1520).jpg,0,0_Normal,train
train/2_Pneumonia/Pneumonia-Bacterial (1193).jpg,2,2_Pneumonia,train
train/2_Pneumonia/Pneumonia-Bacterial (2372).jpg,2,2_Pneumonia,train
validation/0_Normal/Normal (3077).jpg,0,0_Normal,train
train/0_Normal/Normal (523).jpg,0,0_Normal,train
train/0_Normal/Normal (430).jpg,0,0_Normal,train
train/0_Normal/Normal (1664).jpg,0,0_Normal,train
train/0_Normal/Normal (412).jpg,0,0_Normal,train
train/0_Normal/Normal (531).jpg,0,0_Normal,train
train/0_Normal/Normal (1849).jpg,0,0_Normal,train
train/0_Normal/Normal (2170).jpg,0,0_Normal,train
train/0_Normal/Normal (2287).jpg,0,0_Normal,train
train/0_Normal/Normal (1100).jpg,0,0_Normal,train
train/2_Pneumonia/Pneumonia-Viral (436).jpg,2,2_Pneumonia,train
train/2_Pneumonia/Pneumonia-Bacterial (340).jpg,2,2_Pneumonia,train
train/2_Pneumonia/Pneumonia-Bacterial (818).jpg,2,2_Pneumonia,train
train/2_Pneumonia/Pneumonia-Bacterial (665).jpg,2,2_Pneumonia,train
train/2_Pneumonia/Pneumonia-Bacterial (1898).jpg,2,2_Pneumonia,train
train/2_Pneumonia/Pneumonia-Bacterial (1735).jpg,2,2_Pneumonia,train
train/2_Pneumonia/Pneumonia-Bacterial (2390).jpg,2,2_Pneumonia,train
train/2_Pneumonia/Pneumonia-Bacterial (168).jpg,2,2_Pneumonia,train
train/2_Pneumonia/Pneumonia-Viral (355).jpg,2,2_Pneumonia,train
train/2_Pneumonia/Pneumonia-Viral (435).jpg,2,2_Pneumonia,train
train/0_Normal/Normal (2028).jpg,0,0_Normal,train
train/2_Pneumonia/Pneumonia-Bacterial (628).jpg,2,2_Pneumonia,train
train/2_Pneumonia/Pneumonia-Bacterial (1200).jpg,2,2_Pneumonia,train
validation/2_Pneumonia/Pneumonia-Viral (780).jpg,2,2_Pneumonia,train
train/1_Covid19/COVID-19 (808).jpg,1,1_Covid19,train
train/2_Pneumonia/Pneumonia-Bacterial (944).jpg,2,2_Pneumonia,train
train/2_Pneumonia/Pneumonia-Bacterial (85).jpg,2,2_Pneumonia,train
train/2_Pneumonia/Pneumonia-Bacterial (1574).jpg,2,2_Pneumonia,train
train/0_Normal/Normal (1311).jpg,0,0_Normal,train
validation/0_Normal/Normal (3002).jpg,0,0_Normal,train
train/2_Pneumonia/Pneumonia-Bacterial (2869).jpg,2,2_Pneumonia,train
validation/0_Normal/Normal (2826).jpg,0,0_Normal,train
train/0_Normal/Normal (1035).jpg,0,0_Normal,train
train/2_Pneumonia/Pneumonia-Viral (554).jpg,2,2_Pneumonia,train
validation/0_Normal/Normal (2787).jpg,0,0_Normal,train
train/2_Pneumonia/Pneumonia-Bacterial (447).jpg,2,2_Pneumonia,train
validation/0_Normal/Normal (3249).jpg,0,0_Normal,train
train/2_Pneumonia/Pneumonia-Viral (600).jpg,2,2_Pneumonia,train
validation/1_Covid19/COVID-19 (1248).jpg,1,1_Covid19,train
train/2_Pneumonia/Pneumonia-Bacterial (2293).jpg,2,2_Pneumonia,train
train/0_Normal/Normal (2203).jpg,0,0_Normal,train
train/2_Pneumonia/Pneumonia-Bacterial (1627).jpg,2,2_Pneumonia,train
train/1_Covid19/COVID-19 (686).jpg,1,1_Covid19,train
train/2_Pneumonia/Pneumonia-Bacterial (2928).jpg,2,2_Pneumonia,train
validation/2_Pneumonia/Pneumonia-Viral (1631).jpg,2,2_Pneumonia,train
train/0_Normal/Normal (2386).jpg,0,0_Normal,train
validation/1_Covid19/COVID-19 (1185).jpg,1,1_Covid19,train
train/2_Pneumonia/Pneumonia-Viral (488).jpg,2,2_Pneumonia,train
validation/0_Normal/Normal (3208).jpg,0,0_Normal,train
train/0_Normal/Normal (792).jpg,0,0_Normal,train
train/0_Normal/Normal (2239).jpg,0,0_Normal,train
train/2_Pneumonia/Pneumonia-Bacterial (2671).jpg,2,2_Pneumonia,train
train/2_Pneumonia/Pneumonia-Bacterial (650).jpg,2,2_Pneumonia,train
validation/2_Pneumonia/Pneumonia-Viral (753).jpg,2,2_Pneumonia,train
train/0_Normal/Normal (1678).jpg,0,0_Normal,train
train/0_Normal/Normal (1658).jpg,0,0_Normal,train
train/2_Pneumonia/Pneumonia-Bacterial (1779).jpg,2,2_Pneumonia,train
train/2_Pneumonia/Pneumonia-Bacterial (489).jpg,2,2_Pneumonia,train
train/0_Normal/Normal (1937).jpg,0,0_Normal,train
train/1_Covid19/COVID-19 (502).jpg,1,1_Covid19,train
validation/0_Normal/Normal (2903).jpg,0,0_Normal,train
validation/1_Covid19/COVID-19 (1089).jpg,1,1_Covid19,train
train/1_Covid19/COVID-19 (990).jpg,1,1_Covid19,train
train/0_Normal/Normal (892).jpg,0,0_Normal,train
train/0_Normal/Normal (481).jpg,0,0_Normal,train
train/0_Normal/Normal (2603).jpg,0,0_Normal,train
train/2_Pneumonia/Pneumonia-Bacterial (1803).jpg,2,2_Pneumonia,train
train/2_Pneumonia/Pneumonia-Viral (70).jpg,2,2_Pneumonia,train
validation/2_Pneumonia/Pneumonia-Viral (1442).jpg,2,2_Pneumonia,train
train/0_Normal/Normal (1382).jpg,0,0_Normal,train
train/1_Covid19/COVID-19 (278).jpg,1,1_Covid19,train
train/0_Normal/Normal (2432).jpg,0,0_Normal,train
train/2_Pneumonia/Pneumonia-Bacterial (2533).jpg,2,2_Pneumonia,train
train/0_Normal/Normal (1709).jpg,0,0_Normal,train
train/0_Normal/Normal (528).jpg,0,0_Normal,train
validation/0_Normal/Normal (2618).jpg,0,0_Normal,train
validation/0_Normal/Normal (3146).jpg,0,0_Normal,train
validation/2_Pneumonia/Pneumonia-Viral (1554).jpg,2,2_Pneumonia,train
train/2_Pneumonia/Pneumonia-Bacterial (552).jpg,2,2_Pneumonia,train
train/1_Covid19/COVID-19 (260).jpg,1,1_Covid19,train
train/0_Normal/Normal (2284).jpg,0,0_Normal,train
train/0_Normal/Normal (337).jpg,0,0_Normal,train
train/0_Normal/Normal (2169).jpg,0,0_Normal,train
validation/2_Pneumonia/Pneumonia-Viral (1524).jpg,2,2_Pneumonia,train
train/0_Normal/Normal (1614).jpg,0,0_Normal,train
train/0_Normal/Normal (8).jpg,0,0_Normal,train
train/2_Pneumonia/Pneumonia-Viral (477).jpg,2,2_Pneumonia,train
train/0_Normal/Normal (1661).jpg,0,0_Normal,train
train/0_Normal/Normal (1497).jpg,0,0_Normal,train
train/1_Covid19/COVID-19 (3).jpg,1,1_Covid19,train
train/1_Covid19/COVID-19 (360).jpg,1,1_Covid19,train
train/0_Normal/Normal (1926).jpg,0,0_Normal,train
train/0_Normal/Normal (2605).jpg,0,0_Normal,train
train/2_Pneumonia/Pneumonia-Viral (517).jpg,2,2_Pneumonia,train
train/0_Normal/Normal (658).jpg,0,0_Normal,train
train/0_Normal/Normal (2030).jpg,0,0_Normal,train
train/2_Pneumonia/Pneumonia-Bacterial (1211).jpg,2,2_Pneumonia,train
train/2_Pneumonia/Pneumonia-Viral (676).jpg,2,2_Pneumonia,train
train/2_Pneumonia/Pneumonia-Bacterial (2094).jpg,2,2_Pneumonia,train
validation/2_Pneumonia/Pneumonia-Viral (1641).jpg,2,2_Pneumonia,train
validation/1_Covid19/COVID-19 (1079).jpg,1,1_Covid19,train
train/2_Pneumonia/Pneumonia-Bacterial (2059).jpg,2,2_Pneumonia,train
train/1_Covid19/COVID-19 (389).jpg,1,1_Covid19,train
validation/1_Covid19/COVID-19 (1217).jpg,1,1_Covid19,train
train/2_Pneumonia/Pneumonia-Bacterial (2173).jpg,2,2_Pneumonia,train
validation/0_Normal/Normal (3226).jpg,0,0_Normal,train
train/1_Covid19/COVID-19 (726).jpg,1,1_Covid19,train
validation/0_Normal/Normal (3107).jpg,0,0_Normal,train
validation/2_Pneumonia/Pneumonia-Viral (1406).jpg,2,2_Pneumonia,train
validation/1_Covid19/COVID-19 (1112).jpg,1,1_Covid19,train
train/2_Pneumonia/Pneumonia-Bacterial (2162).jpg,2,2_Pneumonia,train
train/2_Pneumonia/Pneumonia-Bacterial (1387).jpg,2,2_Pneumonia,train
train/0_Normal/Normal (1853).jpg,0,0_Normal,train
validation/0_Normal/Normal (3109).jpg,0,0_Normal,train
train/0_Normal/Normal (741).jpg,0,0_Normal,train
train/2_Pneumonia/Pneumonia-Bacterial (1866).jpg,2,2_Pneumonia,train
train/2_Pneumonia/Pneumonia-Bacterial (2350).jpg,2,2_Pneumonia,train
train/2_Pneumonia/Pneumonia-Viral (162).jpg,2,2_Pneumonia,train
train/0_Normal/Normal (1013).jpg,0,0_Normal,train
train/2_Pneumonia/Pneumonia-Viral (278).jpg,2,2_Pneumonia,train
train/2_Pneumonia/Pneumonia-Bacterial (2207).jpg,2,2_Pneumonia,train
validation/2_Pneumonia/Pneumonia-Viral (1336).jpg,2,2_Pneumonia,train
train/0_Normal/Normal (2333).jpg,0,0_Normal,train
train/2_Pneumonia/Pneumonia-Bacterial (889).jpg,2,2_Pneumonia,train
train/1_Covid19/COVID-19 (273).jpg,1,1_Covid19,train
train/2_Pneumonia/Pneumonia-Bacterial (2484).jpg,2,2_Pneumonia,train
validation/2_Pneumonia/Pneumonia-Viral (838).jpg,2,2_Pneumonia,train
train/2_Pneumonia/Pneumonia-Bacterial (2145).jpg,2,2_Pneumonia,train
train/0_Normal/Normal (2025).jpg,0,0_Normal,train
train/0_Normal/Normal (2522).jpg,0,0_Normal,train
train/2_Pneumonia/Pneumonia-Bacterial (40).jpg,2,2_Pneumonia,train
train/0_Normal/Normal (2365).jpg,0,0_Normal,train
train/0_Normal/Normal (341).jpg,0,0_Normal,train
train/2_Pneumonia/Pneumonia-Bacterial (2404).jpg,2,2_Pneumonia,train
train/2_Pneumonia/Pneumonia-Viral (434).jpg,2,2_Pneumonia,train
train/0_Normal/Normal (2474).jpg,0,0_Normal,train
train/2_Pneumonia/Pneumonia-Bacterial (120).jpg,2,2_Pneumonia,train
train/2_Pneumonia/Pneumonia-Bacterial (2721).jpg,2,2_Pneumonia,train
train/0_Normal/Normal (127).jpg,0,0_Normal,train
train/2_Pneumonia/Pneumonia-Bacterial (824).jpg,2,2_Pneumonia,train
train/2_Pneumonia/Pneumonia-Bacterial (2448).jpg,2,2_Pneumonia,train
train/1_Covid19/COVID-19 (880).jpg,1,1_Covid19,train
train/2_Pneumonia/Pneumonia-Bacterial (165).jpg,2,2_Pneumonia,train
validation/0_Normal/Normal (3098).jpg,0,0_Normal,train
train/2_Pneumonia/Pneumonia-Viral (567).jpg,2,2_Pneumonia,train
train/2_Pneumonia/Pneumonia-Bacterial (780).jpg,2,2_Pneumonia,train
train/2_Pneumonia/Pneumonia-Bacterial (420).jpg,2,2_Pneumonia,train
train/1_Covid19/COVID-19 (71).jpg,1,1_Covid19,train
train/2_Pneumonia/Pneumonia-Bacterial (1322).jpg,2,2_Pneumonia,train
train/0_Normal/Normal (35).jpg,0,0_Normal,train
train/0_Normal/Normal (1725).jpg,0,0_Normal,train
train/2_Pneumonia/Pneumonia-Bacterial (2750).jpg,2,2_Pneumonia,train
validation/2_Pneumonia/Pneumonia-Viral (1133).jpg,2,2_Pneumonia,train
validation/0_Normal/Normal (2961).jpg,0,0_Normal,train
train/0_Normal/Normal (1361).jpg,0,0_Normal,train
train/2_Pneumonia/Pneumonia-Bacterial (1711).jpg,2,2_Pneumonia,train
train/2_Pneumonia/Pneumonia-Viral (48).jpg,2,2_Pneumonia,train
train/1_Covid19/COVID-19 (485).jpg,1,1_Covid19,train
train/2_Pneumonia/Pneumonia-Viral (711).jpg,2,2_Pneumonia,train
train/0_Normal/Normal (467).jpg,0,0_Normal,train
train/2_Pneumonia/Pneumonia-Bacterial (2480).jpg,2,2_Pneumonia,train
train/2_Pneumonia/Pneumonia-Viral (587).jpg,2,2_Pneumonia,train
train/2_Pneumonia/Pneumonia-Viral (357).jpg,2,2_Pneumonia,train
train/2_Pneumonia/Pneumonia-Bacterial (1968).jpg,2,2_Pneumonia,train
train/0_Normal/Normal (723).jpg,0,0_Normal,train
validation/2_Pneumonia/Pneumonia-Viral (1029).jpg,2,2_Pneumonia,train
train/1_Covid19/COVID-19 (28).jpg,1,1_Covid19,train
train/2_Pneumonia/Pneumonia-Bacterial (211).jpg,2,2_Pneumonia,train
train/1_Covid19/COVID-19 (556).jpg,1,1_Covid19,train
train/0_Normal/Normal (2543).jpg,0,0_Normal,train
train/2_Pneumonia/Pneumonia-Bacterial (235).jpg,2,2_Pneumonia,train
train/2_Pneumonia/Pneumonia-Bacterial (1740).jpg,2,2_Pneumonia,train
train/2_Pneumonia/Pneumonia-Bacterial (770).jpg,2,2_Pneumonia,train
train/2_Pneumonia/Pneumonia-Bacterial (2100).jpg,2,2_Pneumonia,train
train/1_Covid19/COVID-19 (87).jpg,1,1_Covid19,train
validation/0_Normal/Normal (3088).jpg,0,0_Normal,train
train/2_Pneumonia/Pneumonia-Bacterial (1805).jpg,2,2_Pneumonia,train
validation/0_Normal/Normal (2626).jpg,0,0_Normal,train
train/1_Covid19/COVID-19 (106).jpg,1,1_Covid19,train
train/2_Pneumonia/Pneumonia-Bacterial (2820).jpg,2,2_Pneumonia,train
validation/0_Normal/Normal (2875).jpg,0,0_Normal,train
train/2_Pneumonia/Pneumonia-Viral (57).jpg,2,2_Pneumonia,train
train/0_Normal/Normal (1178).jpg,0,0_Normal,train
validation/2_Pneumonia/Pneumonia-Viral (1001).jpg,2,2_Pneumonia,train
train/0_Normal/Normal (158).jpg,0,0_Normal,train
train/0_Normal/Normal (708).jpg,0,0_Normal,train
validation/2_Pneumonia/Pneumonia-Viral (1175).jpg,2,2_Pneumonia,train
train/1_Covid19/COVID-19 (915).jpg,1,1_Covid19,train
train/2_Pneumonia/Pneumonia-Bacterial (367).jpg,2,2_Pneumonia,train
validation/2_Pneumonia/Pneumonia-Viral (1393).jpg,2,2_Pneumonia,train
train/0_Normal/Normal (2335).jpg,0,0_Normal,train
validation/0_Normal/Normal (3221).jpg,0,0_Normal,train
train/0_Normal/Normal (981).jpg,0,0_Normal,train
train/1_Covid19/COVID-19 (30).jpg,1,1_Covid19,train
validation/2_Pneumonia/Pneumonia-Viral (1007).jpg,2,2_Pneumonia,train
validation/0_Normal/Normal (3066).jpg,0,0_Normal,train
train/2_Pneumonia/Pneumonia-Bacterial (1349).jpg,2,2_Pneumonia,train
train/2_Pneumonia/Pneumonia-Viral (653).jpg,2,2_Pneumonia,train
train/2_Pneumonia/Pneumonia-Bacterial (1687).jpg,2,2_Pneumonia,train
train/2_Pneumonia/Pneumonia-Bacterial (1284).jpg,2,2_Pneumonia,train
train/2_Pneumonia/Pneumonia-Viral (242).jpg,2,2_Pneumonia,train
train/0_Normal/Normal (2455).jpg,0,0_Normal,train
validation/0_Normal/Normal (2939).jpg,0,0_Normal,train
validation/2_Pneumonia/Pneumonia-Viral (1241).jpg,2,2_Pneumonia,train
validation/2_Pneumonia/Pneumonia-Viral (1463).jpg,2,2_Pneumonia,train
train/1_Covid19/COVID-19 (898).jpg,1,1_Covid19,train
train/2_Pneumonia/Pneumonia-Bacterial (1197).jpg,2,2_Pneumonia,train
train/2_Pneumonia/Pneumonia-Bacterial (2835).jpg,2,2_Pneumonia,train
train/2_Pneumonia/Pneumonia-Bacterial (690).jpg,2,2_Pneumonia,train
train/2_Pneumonia/Pneumonia-Bacterial (640).jpg,2,2_Pneumonia,train
train/2_Pneumonia/Pneumonia-Bacterial (2124).jpg,2,2_Pneumonia,train
train/2_Pneumonia/Pneumonia-Bacterial (2847).jpg,2,2_Pneumonia,train
train/2_Pneumonia/Pneumonia-Bacterial (1343).jpg,2,2_Pneumonia,train
train/2_Pneumonia/Pneumonia-Bacterial (1220).jpg,2,2_Pneumonia,train
train/1_Covid19/COVID-19 (286).jpg,1,1_Covid19,train
train/2_Pneumonia/Pneumonia-Viral (270).jpg,2,2_Pneumonia,train
train/0_Normal/Normal (297).jpg,0,0_Normal,train
train/0_Normal/Normal (1829).jpg,0,0_Normal,train
train/2_Pneumonia/Pneumonia-Bacterial (1307).jpg,2,2_Pneumonia,train
train/2_Pneumonia/Pneumonia-Bacterial (2878).jpg,2,2_Pneumonia,train
train/1_Covid19/COVID-19 (784).jpg,1,1_Covid19,train
train/0_Normal/Normal (2178).jpg,0,0_Normal,train
train/0_Normal/Normal (1951).jpg,0,0_Normal,train
train/0_Normal/Normal (2190).jpg,0,0_Normal,train
train/2_Pneumonia/Pneumonia-Viral (394).jpg,2,2_Pneumonia,train
train/2_Pneumonia/Pneumonia-Viral (386).jpg,2,2_Pneumonia,train
train/1_Covid19/COVID-19 (404).jpg,1,1_Covid19,train
train/1_Covid19/COVID-19 (590).jpg,1,1_Covid19,train
train/2_Pneumonia/Pneumonia-Bacterial (2998).jpg,2,2_Pneumonia,train
train/0_Normal/Normal (2206).jpg,0,0_Normal,train
validation/1_Covid19/COVID-19 (1055).jpg,1,1_Covid19,train
train/2_Pneumonia/Pneumonia-Bacterial (169).jpg,2,2_Pneumonia,train
train/1_Covid19/COVID-19 (352).jpg,1,1_Covid19,train
train/2_Pneumonia/Pneumonia-Bacterial (23).jpg,2,2_Pneumonia,train
train/0_Normal/Normal (970).jpg,0,0_Normal,train
train/1_Covid19/COVID-19 (289).jpg,1,1_Covid19,train
validation/2_Pneumonia/Pneumonia-Viral (1119).jpg,2,2_Pneumonia,train
train/0_Normal/Normal (844).jpg,0,0_Normal,train
validation/0_Normal/Normal (2982).jpg,0,0_Normal,train
train/2_Pneumonia/Pneumonia-Bacterial (1672).jpg,2,2_Pneumonia,train
train/2_Pneumonia/Pneumonia-Bacterial (2806).jpg,2,2_Pneumonia,train
train/2_Pneumonia/Pneumonia-Bacterial (582).jpg,2,2_Pneumonia,train
train/0_Normal/Normal (570).jpg,0,0_Normal,train
train/0_Normal/Normal (2309).jpg,0,0_Normal,train
train/0_Normal/Normal (294).jpg,0,0_Normal,train
train/1_Covid19/COVID-19 (74).jpg,1,1_Covid19,train
train/2_Pneumonia/Pneumonia-Bacterial (966).jpg,2,2_Pneumonia,train
train/2_Pneumonia/Pneumonia-Bacterial (1300).jpg,2,2_Pneumonia,train
train/2_Pneumonia/Pneumonia-Bacterial (261).jpg,2,2_Pneumonia,train
train/0_Normal/Normal (313).jpg,0,0_Normal,train
validation/0_Normal/Normal (2668).jpg,0,0_Normal,train
train/2_Pneumonia/Pneumonia-Bacterial (233).jpg,2,2_Pneumonia,train
train/1_Covid19/COVID-19 (220).jpg,1,1_Covid19,train
train/2_Pneumonia/Pneumonia-Bacterial (2112).jpg,2,2_Pneumonia,train
train/0_Normal/Normal (1970).jpg,0,0_Normal,train
train/2_Pneumonia/Pneumonia-Bacterial (1359).jpg,2,2_Pneumonia,train
train/0_Normal/Normal (290).jpg,0,0_Normal,train
train/1_Covid19/COVID-19 (594).jpg,1,1_Covid19,train
train/2_Pneumonia/Pneumonia-Bacterial (673).jpg,2,2_Pneumonia,train
validation/2_Pneumonia/Pneumonia-Viral (1289).jpg,2,2_Pneumonia,train
train/2_Pneumonia/Pneumonia-Bacterial (274).jpg,2,2_Pneumonia,train
validation/0_Normal/Normal (2951).jpg,0,0_Normal,train
train/1_Covid19/COVID-19 (8).jpg,1,1_Covid19,train
train/0_Normal/Normal (510).jpg,0,0_Normal,train
train/2_Pneumonia/Pneumonia-Bacterial (1665).jpg,2,2_Pneumonia,train
train/1_Covid19/COVID-19 (62).jpg,1,1_Covid19,train
train/2_Pneumonia/Pneumonia-Bacterial (1836).jpg,2,2_Pneumonia,train
train/0_Normal/Normal (784).jpg,0,0_Normal,train
train/0_Normal/Normal (1555).jpg,0,0_Normal,train
train/2_Pneumonia/Pneumonia-Bacterial (2287).jpg,2,2_Pneumonia,train
train/2_Pneumonia/Pneumonia-Viral (5) (1).jpg,2,2_Pneumonia,train
validation/2_Pneumonia/Pneumonia-Viral (1553).jpg,2,2_Pneumonia,train
validation/1_Covid19/COVID-19 (1052).jpg,1,1_Covid19,train
train/2_Pneumonia/Pneumonia-Bacterial (1612).jpg,2,2_Pneumonia,train
train/2_Pneumonia/Pneumonia-Bacterial (1892).jpg,2,2_Pneumonia,train
train/1_Covid19/COVID-19 (862).jpg,1,1_Covid19,train
train/2_Pneumonia/Pneumonia-Bacterial (877).jpg,2,2_Pneumonia,train
validation/0_Normal/Normal (2944).jpg,0,0_Normal,train
validation/2_Pneumonia/Pneumonia-Viral (736).jpg,2,2_Pneumonia,train
train/0_Normal/Normal (376).jpg,0,0_Normal,train
train/0_Normal/Normal (2560).jpg,0,0_Normal,train
train/2_Pneumonia/Pneumonia-Bacterial (414).jpg,2,2_Pneumonia,train
train/2_Pneumonia/Pneumonia-Viral (124).jpg,2,2_Pneumonia,train
train/0_Normal/Normal (1848).jpg,0,0_Normal,train
train/0_Normal/Normal (928).jpg,0,0_Normal,train
train/2_Pneumonia/Pneumonia-Bacterial (2329).jpg,2,2_Pneumonia,train
validation/0_Normal/Normal (2901).jpg,0,0_Normal,train
train/0_Normal/Normal (2312).jpg,0,0_Normal,train
train/0_Normal/Normal (2534).jpg,0,0_Normal,train
train/2_Pneumonia/Pneumonia-Viral (204).jpg,2,2_Pneumonia,train
train/2_Pneumonia/Pneumonia-Bacterial (1844).jpg,2,2_Pneumonia,train
train/0_Normal/Normal (1599).jpg,0,0_Normal,train
train/2_Pneumonia/Pneumonia-Bacterial (2754).jpg,2,2_Pneumonia,train
train/2_Pneumonia/Pneumonia-Bacterial (2340).jpg,2,2_Pneumonia,train
train/1_Covid19/COVID-19 (256).jpg,1,1_Covid19,train
train/0_Normal/Normal (1367).jpg,0,0_Normal,train
validation/2_Pneumonia/Pneumonia-Viral (1395).jpg,2,2_Pneumonia,train
train/0_Normal/Normal (574).jpg,0,0_Normal,train
train/1_Covid19/COVID-19 (679).jpg,1,1_Covid19,train
train/0_Normal/Normal (2068).jpg,0,0_Normal,train
train/2_Pneumonia/Pneumonia-Bacterial (336).jpg,2,2_Pneumonia,train
train/1_Covid19/COVID-19 (877).jpg,1,1_Covid19,train
train/0_Normal/Normal (2408).jpg,0,0_Normal,train
train/0_Normal/Normal (621).jpg,0,0_Normal,train
validation/2_Pneumonia/Pneumonia-Viral (1542).jpg,2,2_Pneumonia,train
validation/2_Pneumonia/Pneumonia-Viral (1619).jpg,2,2_Pneumonia,train
train/2_Pneumonia/Pneumonia-Bacterial (1599).jpg,2,2_Pneumonia,train
train/0_Normal/Normal (1121).jpg,0,0_Normal,train
train/1_Covid19/COVID-19 (183).jpg,1,1_Covid19,train
train/0_Normal/Normal (1736).jpg,0,0_Normal,train
train/2_Pneumonia/Pneumonia-Bacterial (2458).jpg,2,2_Pneumonia,train
validation/0_Normal/Normal (2957).jpg,0,0_Normal,train
train/2_Pneumonia/Pneumonia-Viral (206).jpg,2,2_Pneumonia,train
train/2_Pneumonia/Pneumonia-Bacterial (2773).jpg,2,2_Pneumonia,train
train/1_Covid19/COVID-19 (978).jpg,1,1_Covid19,train
validation/1_Covid19/COVID-19 (1082).jpg,1,1_Covid19,train
train/0_Normal/Normal (1068).jpg,0,0_Normal,train
train/2_Pneumonia/Pneumonia-Viral (718).jpg,2,2_Pneumonia,train
train/0_Normal/Normal (1704).jpg,0,0_Normal,train
train/2_Pneumonia/Pneumonia-Bacterial (2628).jpg,2,2_Pneumonia,train
train/0_Normal/Normal (1421).jpg,0,0_Normal,train
train/2_Pneumonia/Pneumonia-Bacterial (661).jpg,2,2_Pneumonia,train
train/2_Pneumonia/Pneumonia-Bacterial (41).jpg,2,2_Pneumonia,train
validation/2_Pneumonia/Pneumonia-Viral (1262).jpg,2,2_Pneumonia,train
train/2_Pneumonia/Pneumonia-Bacterial (697).jpg,2,2_Pneumonia,train
validation/2_Pneumonia/Pneumonia-Viral (1275).jpg,2,2_Pneumonia,train
train/2_Pneumonia/Pneumonia-Bacterial (2138).jpg,2,2_Pneumonia,train
train/0_Normal/Normal (2087).jpg,0,0_Normal,train
validation/0_Normal/Normal (2830).jpg,0,0_Normal,train
train/1_Covid19/COVID-19 (460).jpg,1,1_Covid19,train
train/2_Pneumonia/Pneumonia-Viral (260).jpg,2,2_Pneumonia,train
train/0_Normal/Normal (134).jpg,0,0_Normal,train
validation/2_Pneumonia/Pneumonia-Viral (766).jpg,2,2_Pneumonia,train
train/2_Pneumonia/Pneumonia-Viral (621).jpg,2,2_Pneumonia,train
validation/2_Pneumonia/Pneumonia-Viral (1411).jpg,2,2_Pneumonia,train
train/0_Normal/Normal (1075).jpg,0,0_Normal,train
train/2_Pneumonia/Pneumonia-Bacterial (839).jpg,2,2_Pneumonia,train
train/1_Covid19/COVID-19 (250).jpg,1,1_Covid19,train
train/2_Pneumonia/Pneumonia-Bacterial (2610).jpg,2,2_Pneumonia,train
train/0_Normal/Normal (1149).jpg,0,0_Normal,train
validation/0_Normal/Normal (2744).jpg,0,0_Normal,train
train/2_Pneumonia/Pneumonia-Bacterial (844).jpg,2,2_Pneumonia,train
validation/2_Pneumonia/Pneumonia-Viral (1489).jpg,2,2_Pneumonia,train
train/2_Pneumonia/Pneumonia-Viral (4).jpg,2,2_Pneumonia,train
train/1_Covid19/COVID-19 (575).jpg,1,1_Covid19,train
train/2_Pneumonia/Pneumonia-Bacterial (893).jpg,2,2_Pneumonia,train
train/0_Normal/Normal (469).jpg,0,0_Normal,train
train/2_Pneumonia/Pneumonia-Bacterial (1547).jpg,2,2_Pneumonia,train
train/1_Covid19/COVID-19 (563).jpg,1,1_Covid19,train
train/2_Pneumonia/Pneumonia-Bacterial (1598).jpg,2,2_Pneumonia,train
train/0_Normal/Normal (2359).jpg,0,0_Normal,train
train/2_Pneumonia/Pneumonia-Bacterial (1126).jpg,2,2_Pneumonia,train
train/2_Pneumonia/Pneumonia-Bacterial (94).jpg,2,2_Pneumonia,train
train/2_Pneumonia/Pneumonia-Bacterial (1850).jpg,2,2_Pneumonia,train
train/0_Normal/Normal (1183).jpg,0,0_Normal,train
train/0_Normal/Normal (747).jpg,0,0_Normal,train
train/2_Pneumonia/Pneumonia-Bacterial (2254).jpg,2,2_Pneumonia,train
train/0_Normal/Normal (823).jpg,0,0_Normal,train
train/2_Pneumonia/Pneumonia-Viral (492).jpg,2,2_Pneumonia,train
train/2_Pneumonia/Pneumonia-Bacterial (1594).jpg,2,2_Pneumonia,train
validation/0_Normal/Normal (3034).jpg,0,0_Normal,train
train/0_Normal/Normal (1716).jpg,0,0_Normal,train
train/0_Normal/Normal (1815).jpg,0,0_Normal,train
train/1_Covid19/COVID-19 (1013).jpg,1,1_Covid19,train
train/0_Normal/Normal (352).jpg,0,0_Normal,train
train/2_Pneumonia/Pneumonia-Bacterial (2224).jpg,2,2_Pneumonia,train
validation/2_Pneumonia/Pneumonia-Viral (1325).jpg,2,2_Pneumonia,train
train/1_Covid19/COVID-19 (780).jpg,1,1_Covid19,train
train/0_Normal/Normal (1639).jpg,0,0_Normal,train
train/0_Normal/Normal (1088).jpg,0,0_Normal,train
train/1_Covid19/COVID-19 (924).jpg,1,1_Covid19,train
train/2_Pneumonia/Pneumonia-Bacterial (766).jpg,2,2_Pneumonia,train
train/2_Pneumonia/Pneumonia-Bacterial (2561).jpg,2,2_Pneumonia,train
train/2_Pneumonia/Pneumonia-Bacterial (2273).jpg,2,2_Pneumonia,train
train/0_Normal/Normal (1216).jpg,0,0_Normal,train
train/0_Normal/Normal (1916).jpg,0,0_Normal,train
train/0_Normal/Normal (2074).jpg,0,0_Normal,train
validation/0_Normal/Normal (3143).jpg,0,0_Normal,train
train/2_Pneumonia/Pneumonia-Bacterial (1718).jpg,2,2_Pneumonia,train
validation/2_Pneumonia/Pneumonia-Viral (1025).jpg,2,2_Pneumonia,train
train/2_Pneumonia/Pneumonia-Viral (7).jpg,2,2_Pneumonia,train
train/2_Pneumonia/Pneumonia-Bacterial (208).jpg,2,2_Pneumonia,train
validation/0_Normal/Normal (2925).jpg,0,0_Normal,train
train/0_Normal/Normal (1835).jpg,0,0_Normal,train
train/2_Pneumonia/Pneumonia-Bacterial (28).jpg,2,2_Pneumonia,train
train/0_Normal/Normal (272).jpg,0,0_Normal,train
train/1_Covid19/COVID-19 (940).jpg,1,1_Covid19,train
validation/2_Pneumonia/Pneumonia-Viral (1655).jpg,2,2_Pneumonia,train
train/0_Normal/Normal (1919).jpg,0,0_Normal,train
train/2_Pneumonia/Pneumonia-Viral (614).jpg,2,2_Pneumonia,train
train/0_Normal/Normal (2394).jpg,0,0_Normal,train
train/2_Pneumonia/Pneumonia-Bacterial (2930).jpg,2,2_Pneumonia,train
train/0_Normal/Normal (2053).jpg,0,0_Normal,train
train/1_Covid19/COVID-19 (262).jpg,1,1_Covid19,train
train/0_Normal/Normal (2241).jpg,0,0_Normal,train
validation/2_Pneumonia/Pneumonia-Viral (942).jpg,2,2_Pneumonia,train
validation/0_Normal/Normal (2716).jpg,0,0_Normal,train
train/0_Normal/Normal (434).jpg,0,0_Normal,train
train/1_Covid19/COVID-19 (95).jpg,1,1_Covid19,train
train/1_Covid19/COVID-19 (647).jpg,1,1_Covid19,train
train/2_Pneumonia/Pneumonia-Bacterial (35).jpg,2,2_Pneumonia,train
train/2_Pneumonia/Pneumonia-Viral (228).jpg,2,2_Pneumonia,train
train/2_Pneumonia/Pneumonia-Bacterial (1588).jpg,2,2_Pneumonia,train
train/2_Pneumonia/Pneumonia-Bacterial (1508).jpg,2,2_Pneumonia,train
train/2_Pneumonia/Pneumonia-Viral (338).jpg,2,2_Pneumonia,train
validation/2_Pneumonia/Pneumonia-Viral (1250).jpg,2,2_Pneumonia,train
train/1_Covid19/COVID-19 (473).jpg,1,1_Covid19,train
validation/0_Normal/Normal (2926).jpg,0,0_Normal,train
train/2_Pneumonia/Pneumonia-Bacterial (1825).jpg,2,2_Pneumonia,train
train/1_Covid19/COVID-19 (388).jpg,1,1_Covid19,train
train/2_Pneumonia/Pneumonia-Bacterial (436).jpg,2,2_Pneumonia,train
train/1_Covid19/COVID-19 (349).jpg,1,1_Covid19,train
train/0_Normal/Normal (370).jpg,0,0_Normal,train
train/1_Covid19/COVID-19 (337).jpg,1,1_Covid19,train
train/2_Pneumonia/Pneumonia-Bacterial (653).jpg,2,2_Pneumonia,train
validation/0_Normal/Normal (2924).jpg,0,0_Normal,train
train/0_Normal/Normal (540).jpg,0,0_Normal,train
validation/2_Pneumonia/Pneumonia-Viral (1057).jpg,2,2_Pneumonia,train
validation/2_Pneumonia/Pneumonia-Viral (865).jpg,2,2_Pneumonia,train
validation/2_Pneumonia/Pneumonia-Viral (1629).jpg,2,2_Pneumonia,train
train/0_Normal/Normal (205).jpg,0,0_Normal,train
train/0_Normal/Normal (1059).jpg,0,0_Normal,train
train/1_Covid19/COVID-19 (951).jpg,1,1_Covid19,train
train/2_Pneumonia/Pneumonia-Bacterial (1120).jpg,2,2_Pneumonia,train
validation/2_Pneumonia/Pneumonia-Viral (840).jpg,2,2_Pneumonia,train
train/2_Pneumonia/Pneumonia-Bacterial (2815).jpg,2,2_Pneumonia,train
train/2_Pneumonia/Pneumonia-Bacterial (1899).jpg,2,2_Pneumonia,train
train/2_Pneumonia/Pneumonia-Viral (85).jpg,2,2_Pneumonia,train
validation/2_Pneumonia/Pneumonia-Viral (1646).jpg,2,2_Pneumonia,train
train/2_Pneumonia/Pneumonia-Viral (444).jpg,2,2_Pneumonia,train
train/1_Covid19/COVID-19 (440).jpg,1,1_Covid19,train
validation/0_Normal/Normal (2633).jpg,0,0_Normal,train
train/2_Pneumonia/Pneumonia-Viral (577).jpg,2,2_Pneumonia,train
train/0_Normal/Normal (992).jpg,0,0_Normal,train
train/2_Pneumonia/Pneumonia-Bacterial (2574).jpg,2,2_Pneumonia,train
validation/1_Covid19/COVID-19 (1135).jpg,1,1_Covid19,train
validation/0_Normal/Normal (3126).jpg,0,0_Normal,train
train/2_Pneumonia/Pneumonia-Bacterial (786).jpg,2,2_Pneumonia,train
train/2_Pneumonia/Pneumonia-Viral (180).jpg,2,2_Pneumonia,train
train/0_Normal/Normal (2075).jpg,0,0_Normal,train
validation/1_Covid19/COVID-19 (1171).jpg,1,1_Covid19,train
train/1_Covid19/COVID-19 (487).jpg,1,1_Covid19,train
validation/2_Pneumonia/Pneumonia-Viral (1636).jpg,2,2_Pneumonia,train
train/0_Normal/Normal (289).jpg,0,0_Normal,train
train/2_Pneumonia/Pneumonia-Viral (599).jpg,2,2_Pneumonia,train
validation/2_Pneumonia/Pneumonia-Viral (1282).jpg,2,2_Pneumonia,train
train/1_Covid19/COVID-19 (111).jpg,1,1_Covid19,train
train/0_Normal/Normal (2383).jpg,0,0_Normal,train
train/0_Normal/Normal (244).jpg,0,0_Normal,train
train/0_Normal/Normal (2579).jpg,0,0_Normal,train
train/0_Normal/Normal (126).jpg,0,0_Normal,train
train/2_Pneumonia/Pneumonia-Bacterial (2942).jpg,2,2_Pneumonia,train
train/0_Normal/Normal (1198).jpg,0,0_Normal,train
train/0_Normal/Normal (98).jpg,0,0_Normal,train
train/2_Pneumonia/Pneumonia-Bacterial (529).jpg,2,2_Pneumonia,train
train/2_Pneumonia/Pneumonia-Bacterial (1367).jpg,2,2_Pneumonia,train
train/2_Pneumonia/Pneumonia-Bacterial (557).jpg,2,2_Pneumonia,train
train/1_Covid19/COVID-19 (610).jpg,1,1_Covid19,train
train/0_Normal/Normal (1523).jpg,0,0_Normal,train
train/0_Normal/Normal (459).jpg,0,0_Normal,train
validation/2_Pneumonia/Pneumonia-Viral (1580).jpg,2,2_Pneumonia,train
train/2_Pneumonia/Pneumonia-Bacterial (1694).jpg,2,2_Pneumonia,train
train/0_Normal/Normal (404).jpg,0,0_Normal,train
train/2_Pneumonia/Pneumonia-Bacterial (1429).jpg,2,2_Pneumonia,train
train/2_Pneumonia/Pneumonia-Bacterial (2131).jpg,2,2_Pneumonia,train
train/2_Pneumonia/Pneumonia-Viral (75).jpg,2,2_Pneumonia,train
validation/2_Pneumonia/Pneumonia-Viral (947).jpg,2,2_Pneumonia,train
train/1_Covid19/COVID-19 (482).jpg,1,1_Covid19,train
train/2_Pneumonia/Pneumonia-Bacterial (1580).jpg,2,2_Pneumonia,train
train/1_Covid19/COVID-19 (547).jpg,1,1_Covid19,train
validation/1_Covid19/COVID-19 (1241).jpg,1,1_Covid19,train
train/2_Pneumonia/Pneumonia-Bacterial (2780).jpg,2,2_Pneumonia,train
validation/0_Normal/Normal (3053).jpg,0,0_Normal,train
train/2_Pneumonia/Pneumonia-Bacterial (2021).jpg,2,2_Pneumonia,train
train/1_Covid19/COVID-19 (225).jpg,1,1_Covid19,train
train/0_Normal/Normal (2496).jpg,0,0_Normal,train
train/2_Pneumonia/Pneumonia-Bacterial (503).jpg,2,2_Pneumonia,train
train/2_Pneumonia/Pneumonia-Viral (3).jpg,2,2_Pneumonia,train
train/2_Pneumonia/Pneumonia-Viral (476).jpg,2,2_Pneumonia,train
train/0_Normal/Normal (2215).jpg,0,0_Normal,train
train/0_Normal/Normal (402).jpg,0,0_Normal,train
validation/1_Covid19/COVID-19 (1276).jpg,1,1_Covid19,train
train/1_Covid19/COVID-19 (79).jpg,1,1_Covid19,train
train/2_Pneumonia/Pneumonia-Bacterial (1462).jpg,2,2_Pneumonia,train
train/0_Normal/Normal (1365).jpg,0,0_Normal,train
train/1_Covid19/COVID-19 (39).jpg,1,1_Covid19,train
train/2_Pneumonia/Pneumonia-Bacterial (2545).jpg,2,2_Pneumonia,train
validation/2_Pneumonia/Pneumonia-Viral (914).jpg,2,2_Pneumonia,train
validation/2_Pneumonia/Pneumonia-Viral (822).jpg,2,2_Pneumonia,train
validation/0_Normal/Normal (3243).jpg,0,0_Normal,train
train/2_Pneumonia/Pneumonia-Bacterial (2383).jpg,2,2_Pneumonia,train
train/0_Normal/Normal (1479).jpg,0,0_Normal,train
train/0_Normal/Normal (2458).jpg,0,0_Normal,train
train/0_Normal/Normal (972).jpg,0,0_Normal,train
validation/0_Normal/Normal (3089).jpg,0,0_Normal,train
train/2_Pneumonia/Pneumonia-Bacterial (423).jpg,2,2_Pneumonia,train
validation/0_Normal/Normal (2673).jpg,0,0_Normal,train
train/2_Pneumonia/Pneumonia-Bacterial (720).jpg,2,2_Pneumonia,train
train/1_Covid19/COVID-19 (950).jpg,1,1_Covid19,train
train/2_Pneumonia/Pneumonia-Bacterial (2989).jpg,2,2_Pneumonia,train
train/2_Pneumonia/Pneumonia-Bacterial (2358).jpg,2,2_Pneumonia,train
train/1_Covid19/COVID-19 (684).jpg,1,1_Covid19,train
validation/2_Pneumonia/Pneumonia-Viral (1563).jpg,2,2_Pneumonia,train
train/1_Covid19/COVID-19 (889).jpg,1,1_Covid19,train
train/2_Pneumonia/Pneumonia-Bacterial (1374).jpg,2,2_Pneumonia,train
train/0_Normal/Normal (307).jpg,0,0_Normal,train
train/2_Pneumonia/Pneumonia-Bacterial (1111).jpg,2,2_Pneumonia,train
train/2_Pneumonia/Pneumonia-Bacterial (1989).jpg,2,2_Pneumonia,train
train/2_Pneumonia/Pneumonia-Bacterial (502).jpg,2,2_Pneumonia,train
train/2_Pneumonia/Pneumonia-Bacterial (2791).jpg,2,2_Pneumonia,train
train/2_Pneumonia/Pneumonia-Bacterial (1977).jpg,2,2_Pneumonia,train
train/2_Pneumonia/Pneumonia-Bacterial (111).jpg,2,2_Pneumonia,train
train/2_Pneumonia/Pneumonia-Bacterial (2550).jpg,2,2_Pneumonia,train
validation/2_Pneumonia/Pneumonia-Viral (934).jpg,2,2_Pneumonia,train
train/2_Pneumonia/Pneumonia-Bacterial (2376).jpg,2,2_Pneumonia,train
train/2_Pneumonia/Pneumonia-Bacterial (604).jpg,2,2_Pneumonia,train
train/0_Normal/Normal (606).jpg,0,0_Normal,train
train/0_Normal/Normal (157).jpg,0,0_Normal,train
train/0_Normal/Normal (2072).jpg,0,0_Normal,train
train/0_Normal/Normal (1083).jpg,0,0_Normal,train
train/1_Covid19/COVID-19 (164).jpg,1,1_Covid19,train
train/1_Covid19/COVID-19 (418).jpg,1,1_Covid19,train
train/2_Pneumonia/Pneumonia-Bacterial (1245).jpg,2,2_Pneumonia,train
train/2_Pneumonia/Pneumonia-Bacterial (213).jpg,2,2_Pneumonia,train
train/2_Pneumonia/Pneumonia-Bacterial (1108).jpg,2,2_Pneumonia,train
train/2_Pneumonia/Pneumonia-Bacterial (1948).jpg,2,2_Pneumonia,train
train/0_Normal/Normal (101).jpg,0,0_Normal,train
train/0_Normal/Normal (1295).jpg,0,0_Normal,train
train/0_Normal/Normal (3).jpg,0,0_Normal,train
train/1_Covid19/COVID-19 (130).jpg,1,1_Covid19,train
train/2_Pneumonia/Pneumonia-Bacterial (674).jpg,2,2_Pneumonia,train
train/0_Normal/Normal (1891).jpg,0,0_Normal,train
validation/2_Pneumonia/Pneumonia-Viral (1160).jpg,2,2_Pneumonia,train
validation/2_Pneumonia/Pneumonia-Viral (1080).jpg,2,2_Pneumonia,train
train/0_Normal/Normal (2274).jpg,0,0_Normal,train
validation/2_Pneumonia/Pneumonia-Viral (1023).jpg,2,2_Pneumonia,train
validation/1_Covid19/COVID-19 (1267).jpg,1,1_Covid19,train
train/1_Covid19/COVID-19 (593).jpg,1,1_Covid19,train
train/1_Covid19/COVID-19 (462).jpg,1,1_Covid19,train
train/1_Covid19/COVID-19 (916).jpg,1,1_Covid19,train
train/0_Normal/Normal (240).jpg,0,0_Normal,train
train/0_Normal/Normal (74).jpg,0,0_Normal,train
validation/2_Pneumonia/Pneumonia-Viral (1634).jpg,2,2_Pneumonia,train
train/2_Pneumonia/Pneumonia-Bacterial (1319).jpg,2,2_Pneumonia,train
train/1_Covid19/COVID-19 (26).jpg,1,1_Covid19,train
train/2_Pneumonia/Pneumonia-Bacterial (1310).jpg,2,2_Pneumonia,train
train/0_Normal/Normal (1993).jpg,0,0_Normal,train
train/2_Pneumonia/Pneumonia-Viral (271).jpg,2,2_Pneumonia,train
train/1_Covid19/COVID-19 (91).jpg,1,1_Covid19,train
train/0_Normal/Normal (613).jpg,0,0_Normal,train
train/1_Covid19/COVID-19 (822).jpg,1,1_Covid19,train
train/2_Pneumonia/Pneumonia-Bacterial (1117).jpg,2,2_Pneumonia,train
train/0_Normal/Normal (1566).jpg,0,0_Normal,train
train/2_Pneumonia/Pneumonia-Bacterial (907).jpg,2,2_Pneumonia,train
train/2_Pneumonia/Pneumonia-Bacterial (70).jpg,2,2_Pneumonia,train
validation/0_Normal/Normal (2909).jpg,0,0_Normal,train
validation/2_Pneumonia/Pneumonia-Viral (1405).jpg,2,2_Pneumonia,train
train/0_Normal/Normal (2390).jpg,0,0_Normal,train
validation/2_Pneumonia/Pneumonia-Viral (1399).jpg,2,2_Pneumonia,train
validation/0_Normal/Normal (2842).jpg,0,0_Normal,train
train/2_Pneumonia/Pneumonia-Bacterial (2573).jpg,2,2_Pneumonia,train
train/0_Normal/Normal (1524).jpg,0,0_Normal,train
train/2_Pneumonia/Pneumonia-Bacterial (2968).jpg,2,2_Pneumonia,train
train/0_Normal/Normal (2279).jpg,0,0_Normal,train
train/1_Covid19/COVID-19 (78).jpg,1,1_Covid19,train
train/2_Pneumonia/Pneumonia-Bacterial (1790).jpg,2,2_Pneumonia,train
train/2_Pneumonia/Pneumonia-Bacterial (432).jpg,2,2_Pneumonia,train
validation/0_Normal/Normal (2978).jpg,0,0_Normal,train
validation/2_Pneumonia/Pneumonia-Viral (1193).jpg,2,2_Pneumonia,train
validation/2_Pneumonia/Pneumonia-Viral (733).jpg,2,2_Pneumonia,train
train/2_Pneumonia/Pneumonia-Bacterial (1224).jpg,2,2_Pneumonia,train
train/1_Covid19/COVID-19 (671).jpg,1,1_Covid19,train
train/2_Pneumonia/Pneumonia-Viral (209).jpg,2,2_Pneumonia,train
train/0_Normal/Normal (447).jpg,0,0_Normal,train
train/2_Pneumonia/Pneumonia-Bacterial (1650).jpg,2,2_Pneumonia,train
train/2_Pneumonia/Pneumonia-Bacterial (1051).jpg,2,2_Pneumonia,train
validation/0_Normal/Normal (2836).jpg,0,0_Normal,train
train/1_Covid19/COVID-19 (328).jpg,1,1_Covid19,train
train/2_Pneumonia/Pneumonia-Bacterial (1908).jpg,2,2_Pneumonia,train
train/2_Pneumonia/Pneumonia-Bacterial (171).jpg,2,2_Pneumonia,train
train/2_Pneumonia/Pneumonia-Bacterial (2651).jpg,2,2_Pneumonia,train
train/2_Pneumonia/Pneumonia-Bacterial (1452).jpg,2,2_Pneumonia,train
train/1_Covid19/COVID-19 (171).jpg,1,1_Covid19,train
validation/1_Covid19/COVID-19 (1138).jpg,1,1_Covid19,train
validation/1_Covid19/COVID-19 (1054).jpg,1,1_Covid19,train
train/2_Pneumonia/Pneumonia-Bacterial (2945).jpg,2,2_Pneumonia,train
train/2_Pneumonia/Pneumonia-Bacterial (2252).jpg,2,2_Pneumonia,train
train/2_Pneumonia/Pneumonia-Bacterial (987).jpg,2,2_Pneumonia,train
validation/0_Normal/Normal (2828).jpg,0,0_Normal,train
validation/1_Covid19/COVID-19 (1229).jpg,1,1_Covid19,train
validation/0_Normal/Normal (3263).jpg,0,0_Normal,train
train/2_Pneumonia/Pneumonia-Viral (378).jpg,2,2_Pneumonia,train
train/0_Normal/Normal (1413).jpg,0,0_Normal,train
train/2_Pneumonia/Pneumonia-Bacterial (1430).jpg,2,2_Pneumonia,train
train/2_Pneumonia/Pneumonia-Bacterial (2730).jpg,2,2_Pneumonia,train
validation/2_Pneumonia/Pneumonia-Viral (871).jpg,2,2_Pneumonia,train
train/0_Normal/Normal (674).jpg,0,0_Normal,train
train/1_Covid19/COVID-19 (155).jpg,1,1_Covid19,train
train/2_Pneumonia/Pneumonia-Bacterial (2873).jpg,2,2_Pneumonia,train
validation/0_Normal/Normal (2989).jpg,0,0_Normal,train
train/0_Normal/Normal (2285).jpg,0,0_Normal,train
train/0_Normal/Normal (329).jpg,0,0_Normal,train
train/1_Covid19/COVID-19 (4).jpg,1,1_Covid19,train
validation/2_Pneumonia/Pneumonia-Viral (1179).jpg,2,2_Pneumonia,train
validation/0_Normal/Normal (3170).jpg,0,0_Normal,train
train/1_Covid19/COVID-19 (525).jpg,1,1_Covid19,train
train/0_Normal/Normal (2558).jpg,0,0_Normal,train
train/0_Normal/Normal (246).jpg,0,0_Normal,train
validation/0_Normal/Normal (2952).jpg,0,0_Normal,train
train/0_Normal/Normal (783).jpg,0,0_Normal,train
train/2_Pneumonia/Pneumonia-Bacterial (1793).jpg,2,2_Pneumonia,train
train/0_Normal/Normal (441).jpg,0,0_Normal,train
train/2_Pneumonia/Pneumonia-Bacterial (143).jpg,2,2_Pneumonia,train
train/0_Normal/Normal (2331).jpg,0,0_Normal,train
validation/2_Pneumonia/Pneumonia-Viral (1610).jpg,2,2_Pneumonia,train
train/0_Normal/Normal (1012).jpg,0,0_Normal,train
train/1_Covid19/COVID-19 (641).jpg,1,1_Covid19,train
train/1_Covid19/COVID-19 (43).jpg,1,1_Covid19,train
train/2_Pneumonia/Pneumonia-Viral (502).jpg,2,2_Pneumonia,train
validation/0_Normal/Normal (2777).jpg,0,0_Normal,train
train/0_Normal/Normal (983).jpg,0,0_Normal,train
train/2_Pneumonia/Pneumonia-Bacterial (1660).jpg,2,2_Pneumonia,train
train/2_Pneumonia/Pneumonia-Bacterial (366).jpg,2,2_Pneumonia,train
train/2_Pneumonia/Pneumonia-Bacterial (2620).jpg,2,2_Pneumonia,train
train/0_Normal/Normal (2400).jpg,0,0_Normal,train
train/2_Pneumonia/Pneumonia-Bacterial (1202).jpg,2,2_Pneumonia,train
train/2_Pneumonia/Pneumonia-Bacterial (2763).jpg,2,2_Pneumonia,train
train/0_Normal/Normal (1688).jpg,0,0_Normal,train
train/2_Pneumonia/Pneumonia-Bacterial (2092).jpg,2,2_Pneumonia,train
validation/2_Pneumonia/Pneumonia-Viral (1070).jpg,2,2_Pneumonia,train
train/2_Pneumonia/Pneumonia-Bacterial (2337).jpg,2,2_Pneumonia,train
train/2_Pneumonia/Pneumonia-Viral (265).jpg,2,2_Pneumonia,train
train/2_Pneumonia/Pneumonia-Viral (233).jpg,2,2_Pneumonia,train
train/2_Pneumonia/Pneumonia-Bacterial (2498).jpg,2,2_Pneumonia,train
train/0_Normal/Normal (1344).jpg,0,0_Normal,train
train/1_Covid19/COVID-19 (422).jpg,1,1_Covid19,train
train/0_Normal/Normal (1953).jpg,0,0_Normal,train
train/0_Normal/Normal (1306).jpg,0,0_Normal,train
train/0_Normal/Normal (1681).jpg,0,0_Normal,train
train/2_Pneumonia/Pneumonia-Bacterial (2560).jpg,2,2_Pneumonia,train
train/0_Normal/Normal (1686).jpg,0,0_Normal,train
train/0_Normal/Normal (498).jpg,0,0_Normal,train
validation/2_Pneumonia/Pneumonia-Viral (1358).jpg,2,2_Pneumonia,train
train/0_Normal/Normal (1154).jpg,0,0_Normal,train
train/0_Normal/Normal (295).jpg,0,0_Normal,train
train/2_Pneumonia/Pneumonia-Bacterial (1280).jpg,2,2_Pneumonia,train
train/2_Pneumonia/Pneumonia-Bacterial (1248).jpg,2,2_Pneumonia,train
train/0_Normal/Normal (1493).jpg,0,0_Normal,train
train/0_Normal/Normal (1724).jpg,0,0_Normal,train
train/1_Covid19/COVID-19 (946).jpg,1,1_Covid19,train
train/0_Normal/Normal (419).jpg,0,0_Normal,train
train/0_Normal/Normal (348).jpg,0,0_Normal,train
train/2_Pneumonia/Pneumonia-Bacterial (2657).jpg,2,2_Pneumonia,train
train/2_Pneumonia/Pneumonia-Bacterial (1869).jpg,2,2_Pneumonia,train
train/2_Pneumonia/Pneumonia-Bacterial (1739).jpg,2,2_Pneumonia,train
validation/2_Pneumonia/Pneumonia-Viral (1500).jpg,2,2_Pneumonia,train
train/0_Normal/Normal (1692).jpg,0,0_Normal,train
train/2_Pneumonia/Pneumonia-Viral (626).jpg,2,2_Pneumonia,train
validation/2_Pneumonia/Pneumonia-Viral (1439).jpg,2,2_Pneumonia,train
train/2_Pneumonia/Pneumonia-Bacterial (1729).jpg,2,2_Pneumonia,train
train/1_Covid19/COVID-19 (988).jpg,1,1_Covid19,train
train/2_Pneumonia/Pneumonia-Bacterial (223).jpg,2,2_Pneumonia,train
train/0_Normal/Normal (1978).jpg,0,0_Normal,train
train/2_Pneumonia/Pneumonia-Bacterial (2899).jpg,2,2_Pneumonia,train
validation/2_Pneumonia/Pneumonia-Viral (1492).jpg,2,2_Pneumonia,train
train/1_Covid19/COVID-19 (393).jpg,1,1_Covid19,train
train/1_Covid19/COVID-19 (384).jpg,1,1_Covid19,train
train/2_Pneumonia/Pneumonia-Bacterial (1781).jpg,2,2_Pneumonia,train
validation/2_Pneumonia/Pneumonia-Viral (867).jpg,2,2_Pneumonia,train
validation/1_Covid19/COVID-19 (1071).jpg,1,1_Covid19,train
train/2_Pneumonia/Pneumonia-Bacterial (933).jpg,2,2_Pneumonia,train
train/1_Covid19/COVID-19 (475).jpg,1,1_Covid19,train
validation/2_Pneumonia/Pneumonia-Viral (1373).jpg,2,2_Pneumonia,train
train/0_Normal/Normal (1304).jpg,0,0_Normal,train
train/1_Covid19/COVID-19 (704).jpg,1,1_Covid19,train
train/2_Pneumonia/Pneumonia-Bacterial (389).jpg,2,2_Pneumonia,train
train/2_Pneumonia/Pneumonia-Bacterial (2676).jpg,2,2_Pneumonia,train
validation/2_Pneumonia/Pneumonia-Viral (908).jpg,2,2_Pneumonia,train
validation/2_Pneumonia/Pneumonia-Viral (734).jpg,2,2_Pneumonia,train
validation/1_Covid19/COVID-19 (1232).jpg,1,1_Covid19,train
train/2_Pneumonia/Pneumonia-Viral (110).jpg,2,2_Pneumonia,train
train/2_Pneumonia/Pneumonia-Bacterial (323).jpg,2,2_Pneumonia,train
train/0_Normal/Normal (1481).jpg,0,0_Normal,train
validation/2_Pneumonia/Pneumonia-Viral (1031).jpg,2,2_Pneumonia,train
train/2_Pneumonia/Pneumonia-Bacterial (2598).jpg,2,2_Pneumonia,train
train/2_Pneumonia/Pneumonia-Bacterial (2093).jpg,2,2_Pneumonia,train
train/2_Pneumonia/Pneumonia-Bacterial (1098).jpg,2,2_Pneumonia,train
train/2_Pneumonia/Pneumonia-Bacterial (290).jpg,2,2_Pneumonia,train
train/0_Normal/Normal (359).jpg,0,0_Normal,train
validation/2_Pneumonia/Pneumonia-Viral (1260).jpg,2,2_Pneumonia,train
validation/2_Pneumonia/Pneumonia-Viral (1056).jpg,2,2_Pneumonia,train
train/2_Pneumonia/Pneumonia-Viral (583).jpg,2,2_Pneumonia,train
train/2_Pneumonia/Pneumonia-Bacterial (899).jpg,2,2_Pneumonia,train
train/2_Pneumonia/Pneumonia-Viral (263).jpg,2,2_Pneumonia,train
train/0_Normal/Normal (1577).jpg,0,0_Normal,train
train/0_Normal/Normal (1902).jpg,0,0_Normal,train
validation/0_Normal/Normal (2725).jpg,0,0_Normal,train
train/2_Pneumonia/Pneumonia-Bacterial (1253).jpg,2,2_Pneumonia,train
train/2_Pneumonia/Pneumonia-Bacterial (397).jpg,2,2_Pneumonia,train
train/2_Pneumonia/Pneumonia-Viral (17).jpg,2,2_Pneumonia,train
train/0_Normal/Normal (1820).jpg,0,0_Normal,train
train/2_Pneumonia/Pneumonia-Bacterial (1156).jpg,2,2_Pneumonia,train
validation/2_Pneumonia/Pneumonia-Viral (1252).jpg,2,2_Pneumonia,train
train/2_Pneumonia/Pneumonia-Viral (400).jpg,2,2_Pneumonia,train
train/2_Pneumonia/Pneumonia-Bacterial (906).jpg,2,2_Pneumonia,train
train/1_Covid19/COVID-19 (638).jpg,1,1_Covid19,train
validation/0_Normal/Normal (3116).jpg,0,0_Normal,train
train/2_Pneumonia/Pneumonia-Bacterial (2682).jpg,2,2_Pneumonia,train
train/0_Normal/Normal (1672).jpg,0,0_Normal,train
train/1_Covid19/COVID-19 (170).jpg,1,1_Covid19,train
train/1_Covid19/COVID-19 (731).jpg,1,1_Covid19,train
train/1_Covid19/COVID-19 (680).jpg,1,1_Covid19,train
train/2_Pneumonia/Pneumonia-Bacterial (2608).jpg,2,2_Pneumonia,train
train/0_Normal/Normal (2012).jpg,0,0_Normal,train
train/2_Pneumonia/Pneumonia-Bacterial (2571).jpg,2,2_Pneumonia,train
train/2_Pneumonia/Pneumonia-Bacterial (327).jpg,2,2_Pneumonia,train
validation/2_Pneumonia/Pneumonia-Viral (913).jpg,2,2_Pneumonia,train
train/2_Pneumonia/Pneumonia-Bacterial (699).jpg,2,2_Pneumonia,train
train/0_Normal/Normal (451).jpg,0,0_Normal,train
validation/2_Pneumonia/Pneumonia-Viral (746).jpg,2,2_Pneumonia,train
train/1_Covid19/COVID-19 (636).jpg,1,1_Covid19,train
train/2_Pneumonia/Pneumonia-Bacterial (2463).jpg,2,2_Pneumonia,train
train/2_Pneumonia/Pneumonia-Bacterial (2643).jpg,2,2_Pneumonia,train
train/2_Pneumonia/Pneumonia-Bacterial (1600).jpg,2,2_Pneumonia,train
train/0_Normal/Normal (2110).jpg,0,0_Normal,train
validation/0_Normal/Normal (2622).jpg,0,0_Normal,train
train/2_Pneumonia/Pneumonia-Bacterial (1587).jpg,2,2_Pneumonia,train
validation/0_Normal/Normal (2895).jpg,0,0_Normal,train
train/2_Pneumonia/Pneumonia-Bacterial (424).jpg,2,2_Pneumonia,train
train/2_Pneumonia/Pneumonia-Bacterial (1397).jpg,2,2_Pneumonia,train
train/1_Covid19/COVID-19 (706).jpg,1,1_Covid19,train
train/0_Normal/Normal (736).jpg,0,0_Normal,train
validation/2_Pneumonia/Pneumonia-Viral (1024).jpg,2,2_Pneumonia,train
train/2_Pneumonia/Pneumonia-Bacterial (2916).jpg,2,2_Pneumonia,train
train/2_Pneumonia/Pneumonia-Bacterial (2405).jpg,2,2_Pneumonia,train
train/2_Pneumonia/Pneumonia-Viral (612).jpg,2,2_Pneumonia,train
train/2_Pneumonia/Pneumonia-Bacterial (412).jpg,2,2_Pneumonia,train
train/1_Covid19/COVID-19 (468).jpg,1,1_Covid19,train
train/2_Pneumonia/Pneumonia-Bacterial (66).jpg,2,2_Pneumonia,train
train/2_Pneumonia/Pneumonia-Bacterial (578).jpg,2,2_Pneumonia,train
train/0_Normal/Normal (987).jpg,0,0_Normal,train
train/1_Covid19/COVID-19 (570).jpg,1,1_Covid19,train
train/1_Covid19/COVID-19 (304).jpg,1,1_Covid19,train
validation/2_Pneumonia/Pneumonia-Viral (1495).jpg,2,2_Pneumonia,train
train/2_Pneumonia/Pneumonia-Viral (323).jpg,2,2_Pneumonia,train
train/2_Pneumonia/Pneumonia-Bacterial (1328).jpg,2,2_Pneumonia,train
train/0_Normal/Normal (440).jpg,0,0_Normal,train
validation/0_Normal/Normal (3092).jpg,0,0_Normal,train
train/1_Covid19/COVID-19 (191).jpg,1,1_Covid19,train
train/0_Normal/Normal (631).jpg,0,0_Normal,train
train/0_Normal/Normal (2368).jpg,0,0_Normal,train
train/0_Normal/Normal (2159).jpg,0,0_Normal,train
train/1_Covid19/COVID-19 (572).jpg,1,1_Covid19,train
train/0_Normal/Normal (2378).jpg,0,0_Normal,train
train/2_Pneumonia/Pneumonia-Bacterial (1811).jpg,2,2_Pneumonia,train
train/2_Pneumonia/Pneumonia-Bacterial (2921).jpg,2,2_Pneumonia,train
validation/2_Pneumonia/Pneumonia-Viral (1145).jpg,2,2_Pneumonia,train
train/2_Pneumonia/Pneumonia-Bacterial (643).jpg,2,2_Pneumonia,train
train/2_Pneumonia/Pneumonia-Viral (253).jpg,2,2_Pneumonia,train
train/0_Normal/Normal (1901).jpg,0,0_Normal,train
train/2_Pneumonia/Pneumonia-Bacterial (1172).jpg,2,2_Pneumonia,train
train/2_Pneumonia/Pneumonia-Viral (696).jpg,2,2_Pneumonia,train
train/2_Pneumonia/Pneumonia-Viral (234).jpg,2,2_Pneumonia,train
train/0_Normal/Normal (2410).jpg,0,0_Normal,train
train/2_Pneumonia/Pneumonia-Bacterial (2264).jpg,2,2_Pneumonia,train
train/2_Pneumonia/Pneumonia-Bacterial (1468).jpg,2,2_Pneumonia,train
train/2_Pneumonia/Pneumonia-Bacterial (2908).jpg,2,2_Pneumonia,train
train/2_Pneumonia/Pneumonia-Bacterial (2583).jpg,2,2_Pneumonia,train
train/2_Pneumonia/Pneumonia-Bacterial (2442).jpg,2,2_Pneumonia,train
train/1_Covid19/COVID-19 (800).jpg,1,1_Covid19,train
validation/2_Pneumonia/Pneumonia-Viral (1504).jpg,2,2_Pneumonia,train
validation/1_Covid19/COVID-19 (1048).jpg,1,1_Covid19,train
train/0_Normal/Normal (1565).jpg,0,0_Normal,train
train/2_Pneumonia/Pneumonia-Bacterial (259).jpg,2,2_Pneumonia,train
validation/2_Pneumonia/Pneumonia-Viral (1418).jpg,2,2_Pneumonia,train
train/2_Pneumonia/Pneumonia-Bacterial (869).jpg,2,2_Pneumonia,train
train/2_Pneumonia/Pneumonia-Bacterial (135).jpg,2,2_Pneumonia,train
train/2_Pneumonia/Pneumonia-Bacterial (2166).jpg,2,2_Pneumonia,train
train/2_Pneumonia/Pneumonia-Bacterial (147).jpg,2,2_Pneumonia,train
train/2_Pneumonia/Pneumonia-Bacterial (2217).jpg,2,2_Pneumonia,train
validation/2_Pneumonia/Pneumonia-Viral (783).jpg,2,2_Pneumonia,train
validation/0_Normal/Normal (2806).jpg,0,0_Normal,train
train/1_Covid19/COVID-19 (666).jpg,1,1_Covid19,train
train/1_Covid19/COVID-19 (124).jpg,1,1_Covid19,train
validation/2_Pneumonia/Pneumonia-Viral (1640).jpg,2,2_Pneumonia,train
validation/2_Pneumonia/Pneumonia-Viral (1535).jpg,2,2_Pneumonia,train
train/2_Pneumonia/Pneumonia-Bacterial (470).jpg,2,2_Pneumonia,train
validation/2_Pneumonia/Pneumonia-Viral (1052).jpg,2,2_Pneumonia,train
validation/0_Normal/Normal (2704).jpg,0,0_Normal,train
train/1_Covid19/COVID-19 (86).jpg,1,1_Covid19,train
train/1_Covid19/COVID-19 (871).jpg,1,1_Covid19,train
train/2_Pneumonia/Pneumonia-Viral (455).jpg,2,2_Pneumonia,train
train/0_Normal/Normal (287).jpg,0,0_Normal,train
train/2_Pneumonia/Pneumonia-Bacterial (2809).jpg,2,2_Pneumonia,train
train/2_Pneumonia/Pneumonia-Bacterial (849).jpg,2,2_Pneumonia,train
validation/2_Pneumonia/Pneumonia-Viral (831).jpg,2,2_Pneumonia,train
validation/1_Covid19/COVID-19 (1122).jpg,1,1_Covid19,train
train/1_Covid19/COVID-19 (458).jpg,1,1_Covid19,train
train/2_Pneumonia/Pneumonia-Bacterial (721).jpg,2,2_Pneumonia,train
train/2_Pneumonia/Pneumonia-Bacterial (981).jpg,2,2_Pneumonia,train
train/2_Pneumonia/Pneumonia-Bacterial (2795).jpg,2,2_Pneumonia,train
train/2_Pneumonia/Pneumonia-Bacterial (10).jpg,2,2_Pneumonia,train
train/0_Normal/Normal (230).jpg,0,0_Normal,train
train/0_Normal/Normal (288).jpg,0,0_Normal,train
validation/2_Pneumonia/Pneumonia-Viral (1240).jpg,2,2_Pneumonia,train
train/1_Covid19/COVID-19 (708).jpg,1,1_Covid19,train
validation/2_Pneumonia/Pneumonia-Viral (1060).jpg,2,2_Pneumonia,train
train/2_Pneumonia/Pneumonia-Bacterial (1963).jpg,2,2_Pneumonia,train
train/0_Normal/Normal (392).jpg,0,0_Normal,train
validation/0_Normal/Normal (2996).jpg,0,0_Normal,train
train/2_Pneumonia/Pneumonia-Bacterial (2626).jpg,2,2_Pneumonia,train
train/2_Pneumonia/Pneumonia-Bacterial (459).jpg,2,2_Pneumonia,train
train/2_Pneumonia/Pneumonia-Bacterial (2060).jpg,2,2_Pneumonia,train
validation/0_Normal/Normal (3204).jpg,0,0_Normal,train
train/0_Normal/Normal (2226).jpg,0,0_Normal,train
train/0_Normal/Normal (1722).jpg,0,0_Normal,train
train/1_Covid19/COVID-19 (249).jpg,1,1_Covid19,train
train/0_Normal/Normal (389).jpg,0,0_Normal,train
train/0_Normal/Normal (2252).jpg,0,0_Normal,train
train/2_Pneumonia/Pneumonia-Bacterial (39).jpg,2,2_Pneumonia,train
train/2_Pneumonia/Pneumonia-Bacterial (2630).jpg,2,2_Pneumonia,train
train/1_Covid19/COVID-19 (323).jpg,1,1_Covid19,train
train/2_Pneumonia/Pneumonia-Viral (247).jpg,2,2_Pneumonia,train
validation/0_Normal/Normal (2642).jpg,0,0_Normal,train
train/0_Normal/Normal (2344).jpg,0,0_Normal,train
train/2_Pneumonia/Pneumonia-Bacterial (863).jpg,2,2_Pneumonia,train
train/1_Covid19/COVID-19 (894).jpg,1,1_Covid19,train
train/1_Covid19/COVID-19 (1000).jpg,1,1_Covid19,train
train/0_Normal/Normal (1597).jpg,0,0_Normal,train
validation/0_Normal/Normal (3122).jpg,0,0_Normal,train
train/2_Pneumonia/Pneumonia-Bacterial (2339).jpg,2,2_Pneumonia,train
validation/0_Normal/Normal (2652).jpg,0,0_Normal,train
train/1_Covid19/COVID-19 (94).jpg,1,1_Covid19,train
train/0_Normal/Normal (270).jpg,0,0_Normal,train
train/2_Pneumonia/Pneumonia-Bacterial (1067).jpg,2,2_Pneumonia,train
train/2_Pneumonia/Pneumonia-Viral (716).jpg,2,2_Pneumonia,train
train/2_Pneumonia/Pneumonia-Bacterial (2270).jpg,2,2_Pneumonia,train
train/2_Pneumonia/Pneumonia-Bacterial (1719).jpg,2,2_Pneumonia,train
train/2_Pneumonia/Pneumonia-Viral (296).jpg,2,2_Pneumonia,train
train/2_Pneumonia/Pneumonia-Bacterial (2887).jpg,2,2_Pneumonia,train
train/0_Normal/Normal (1114).jpg,0,0_Normal,train
train/2_Pneumonia/Pneumonia-Viral (512).jpg,2,2_Pneumonia,train
train/2_Pneumonia/Pneumonia-Bacterial (1037).jpg,2,2_Pneumonia,train
train/0_Normal/Normal (2607).jpg,0,0_Normal,train
validation/2_Pneumonia/Pneumonia-Viral (1172).jpg,2,2_Pneumonia,train
train/0_Normal/Normal (1783).jpg,0,0_Normal,train
validation/2_Pneumonia/Pneumonia-Viral (1627).jpg,2,2_Pneumonia,train
validation/1_Covid19/COVID-19 (1061).jpg,1,1_Covid19,train
train/0_Normal/Normal (1732).jpg,0,0_Normal,train
validation/2_Pneumonia/Pneumonia-Viral (1570).jpg,2,2_Pneumonia,train
train/2_Pneumonia/Pneumonia-Bacterial (668).jpg,2,2_Pneumonia,train
train/2_Pneumonia/Pneumonia-Bacterial (1404).jpg,2,2_Pneumonia,train
train/2_Pneumonia/Pneumonia-Bacterial (2703).jpg,2,2_Pneumonia,train
train/0_Normal/Normal (1883).jpg,0,0_Normal,train
train/0_Normal/Normal (152).jpg,0,0_Normal,train
train/2_Pneumonia/Pneumonia-Viral (199).jpg,2,2_Pneumonia,train
train/1_Covid19/COVID-19 (237).jpg,1,1_Covid19,train
validation/1_Covid19/COVID-19 (1191).jpg,1,1_Covid19,train
train/2_Pneumonia/Pneumonia-Bacterial (54).jpg,2,2_Pneumonia,train
validation/2_Pneumonia/Pneumonia-Viral (1565).jpg,2,2_Pneumonia,train
train/1_Covid19/COVID-19 (356).jpg,1,1_Covid19,train
train/0_Normal/Normal (29).jpg,0,0_Normal,train
train/0_Normal/Normal (729).jpg,0,0_Normal,train
train/2_Pneumonia/Pneumonia-Viral (118).jpg,2,2_Pneumonia,train
train/2_Pneumonia/Pneumonia-Bacterial (1593).jpg,2,2_Pneumonia,train
train/2_Pneumonia/Pneumonia-Bacterial (2172).jpg,2,2_Pneumonia,train
validation/2_Pneumonia/Pneumonia-Viral (1010).jpg,2,2_Pneumonia,train
validation/2_Pneumonia/Pneumonia-Viral (796).jpg,2,2_Pneumonia,train
train/2_Pneumonia/Pneumonia-Viral (392).jpg,2,2_Pneumonia,train
train/1_Covid19/COVID-19 (285).jpg,1,1_Covid19,train
validation/0_Normal/Normal (2816).jpg,0,0_Normal,train
train/0_Normal/Normal (364).jpg,0,0_Normal,train
train/2_Pneumonia/Pneumonia-Viral (244).jpg,2,2_Pneumonia,train
validation/2_Pneumonia/Pneumonia-Viral (1062).jpg,2,2_Pneumonia,train
train/0_Normal/Normal (2327).jpg,0,0_Normal,train
train/1_Covid19/COVID-19 (720).jpg,1,1_Covid19,train
train/0_Normal/Normal (2360).jpg,0,0_Normal,train
validation/1_Covid19/COVID-19 (1277).jpg,1,1_Covid19,train
train/2_Pneumonia/Pneumonia-Bacterial (109).jpg,2,2_Pneumonia,train
train/2_Pneumonia/Pneumonia-Bacterial (896).jpg,2,2_Pneumonia,train
train/2_Pneumonia/Pneumonia-Bacterial (375).jpg,2,2_Pneumonia,train
train/0_Normal/Normal (1531).jpg,0,0_Normal,train
train/2_Pneumonia/Pneumonia-Bacterial (2368).jpg,2,2_Pneumonia,train
train/2_Pneumonia/Pneumonia-Bacterial (1865).jpg,2,2_Pneumonia,train
train/2_Pneumonia/Pneumonia-Bacterial (1944).jpg,2,2_Pneumonia,train
train/0_Normal/Normal (2448).jpg,0,0_Normal,train
train/0_Normal/Normal (448).jpg,0,0_Normal,train
train/0_Normal/Normal (1781).jpg,0,0_Normal,train
train/2_Pneumonia/Pneumonia-Bacterial (257).jpg,2,2_Pneumonia,train
train/1_Covid19/COVID-19 (979).jpg,1,1_Covid19,train
train/2_Pneumonia/Pneumonia-Bacterial (1169).jpg,2,2_Pneumonia,train
train/2_Pneumonia/Pneumonia-Bacterial (2832).jpg,2,2_Pneumonia,train
train/0_Normal/Normal (300).jpg,0,0_Normal,train
validation/0_Normal/Normal (2938).jpg,0,0_Normal,train
validation/0_Normal/Normal (2646).jpg,0,0_Normal,train
train/1_Covid19/COVID-19 (867).jpg,1,1_Covid19,train
train/2_Pneumonia/Pneumonia-Viral (617).jpg,2,2_Pneumonia,train
train/2_Pneumonia/Pneumonia-Bacterial (595).jpg,2,2_Pneumonia,train
train/1_Covid19/COVID-19 (174).jpg,1,1_Covid19,train
train/0_Normal/Normal (1967).jpg,0,0_Normal,train
validation/2_Pneumonia/Pneumonia-Viral (1440).jpg,2,2_Pneumonia,train
train/2_Pneumonia/Pneumonia-Bacterial (978).jpg,2,2_Pneumonia,train
train/0_Normal/Normal (1301).jpg,0,0_Normal,train
train/2_Pneumonia/Pneumonia-Bacterial (527).jpg,2,2_Pneumonia,train
train/0_Normal/Normal (2081).jpg,0,0_Normal,train
train/2_Pneumonia/Pneumonia-Bacterial (512).jpg,2,2_Pneumonia,train
train/2_Pneumonia/Pneumonia-Viral (409).jpg,2,2_Pneumonia,train
train/0_Normal/Normal (2477).jpg,0,0_Normal,train
train/2_Pneumonia/Pneumonia-Bacterial (161).jpg,2,2_Pneumonia,train
train/2_Pneumonia/Pneumonia-Bacterial (1873).jpg,2,2_Pneumonia,train
train/2_Pneumonia/Pneumonia-Bacterial (908).jpg,2,2_Pneumonia,train
validation/2_Pneumonia/Pneumonia-Viral (1600).jpg,2,2_Pneumonia,train
train/2_Pneumonia/Pneumonia-Viral (97).jpg,2,2_Pneumonia,train
train/2_Pneumonia/Pneumonia-Bacterial (544).jpg,2,2_Pneumonia,train
train/2_Pneumonia/Pneumonia-Bacterial (1785).jpg,2,2_Pneumonia,train
train/0_Normal/Normal (885).jpg,0,0_Normal,train
train/2_Pneumonia/Pneumonia-Bacterial (4).jpg,2,2_Pneumonia,train
train/2_Pneumonia/Pneumonia-Bacterial (2211).jpg,2,2_Pneumonia,train
validation/2_Pneumonia/Pneumonia-Viral (852).jpg,2,2_Pneumonia,train
train/2_Pneumonia/Pneumonia-Bacterial (2313).jpg,2,2_Pneumonia,train
train/0_Normal/Normal (1526).jpg,0,0_Normal,train
train/0_Normal/Normal (1113).jpg,0,0_Normal,train
validation/2_Pneumonia/Pneumonia-Viral (799).jpg,2,2_Pneumonia,train
validation/2_Pneumonia/Pneumonia-Viral (1054).jpg,2,2_Pneumonia,train
train/2_Pneumonia/Pneumonia-Bacterial (1186).jpg,2,2_Pneumonia,train
train/0_Normal/Normal (519).jpg,0,0_Normal,train
validation/2_Pneumonia/Pneumonia-Viral (898).jpg,2,2_Pneumonia,train
train/2_Pneumonia/Pneumonia-Bacterial (1475).jpg,2,2_Pneumonia,train
train/2_Pneumonia/Pneumonia-Bacterial (2808).jpg,2,2_Pneumonia,train
train/0_Normal/Normal (1090).jpg,0,0_Normal,train
validation/1_Covid19/COVID-19 (1108).jpg,1,1_Covid19,train
train/0_Normal/Normal (354).jpg,0,0_Normal,train
train/2_Pneumonia/Pneumonia-Bacterial (631).jpg,2,2_Pneumonia,train
train/2_Pneumonia/Pneumonia-Bacterial (2132).jpg,2,2_Pneumonia,train
train/2_Pneumonia/Pneumonia-Bacterial (479).jpg,2,2_Pneumonia,train
train/0_Normal/Normal (1312).jpg,0,0_Normal,train
train/0_Normal/Normal (1063).jpg,0,0_Normal,train
train/2_Pneumonia/Pneumonia-Bacterial (1760).jpg,2,2_Pneumonia,train
train/0_Normal/Normal (2597).jpg,0,0_Normal,train
train/2_Pneumonia/Pneumonia-Bacterial (2051).jpg,2,2_Pneumonia,train
train/2_Pneumonia/Pneumonia-Bacterial (76).jpg,2,2_Pneumonia,train
validation/2_Pneumonia/Pneumonia-Viral (1503).jpg,2,2_Pneumonia,train
train/1_Covid19/COVID-19 (21).jpg,1,1_Covid19,train
train/1_Covid19/COVID-19 (392).jpg,1,1_Covid19,train
train/2_Pneumonia/Pneumonia-Bacterial (614).jpg,2,2_Pneumonia,train
validation/2_Pneumonia/Pneumonia-Viral (821).jpg,2,2_Pneumonia,train
train/0_Normal/Normal (1973).jpg,0,0_Normal,train
train/1_Covid19/COVID-19 (416).jpg,1,1_Covid19,train
train/2_Pneumonia/Pneumonia-Viral (445).jpg,2,2_Pneumonia,train
train/2_Pneumonia/Pneumonia-Bacterial (2830).jpg,2,2_Pneumonia,train
train/2_Pneumonia/Pneumonia-Bacterial (1376).jpg,2,2_Pneumonia,train
train/2_Pneumonia/Pneumonia-Viral (248).jpg,2,2_Pneumonia,train
train/2_Pneumonia/Pneumonia-Bacterial (1520).jpg,2,2_Pneumonia,train
validation/0_Normal/Normal (3233).jpg,0,0_Normal,train
train/2_Pneumonia/Pneumonia-Bacterial (2432).jpg,2,2_Pneumonia,train
train/2_Pneumonia/Pneumonia-Bacterial (1659).jpg,2,2_Pneumonia,train
train/0_Normal/Normal (81).jpg,0,0_Normal,train
validation/2_Pneumonia/Pneumonia-Viral (1482).jpg,2,2_Pneumonia,train
train/0_Normal/Normal (1299).jpg,0,0_Normal,train
validation/0_Normal/Normal (3048).jpg,0,0_Normal,train
validation/2_Pneumonia/Pneumonia-Viral (896).jpg,2,2_Pneumonia,train
train/2_Pneumonia/Pneumonia-Bacterial (1509).jpg,2,2_Pneumonia,train
train/0_Normal/Normal (2352).jpg,0,0_Normal,train
train/1_Covid19/COVID-19 (596).jpg,1,1_Covid19,train
train/2_Pneumonia/Pneumonia-Bacterial (1721).jpg,2,2_Pneumonia,train
train/1_Covid19/COVID-19 (98).jpg,1,1_Covid19,train
train/2_Pneumonia/Pneumonia-Bacterial (763).jpg,2,2_Pneumonia,train
train/0_Normal/Normal (777).jpg,0,0_Normal,train
train/1_Covid19/COVID-19 (138).jpg,1,1_Covid19,train
train/2_Pneumonia/Pneumonia-Bacterial (825).jpg,2,2_Pneumonia,train
validation/2_Pneumonia/Pneumonia-Viral (826).jpg,2,2_Pneumonia,train
train/2_Pneumonia/Pneumonia-Bacterial (2115).jpg,2,2_Pneumonia,train
train/0_Normal/Normal (1735).jpg,0,0_Normal,train
train/2_Pneumonia/Pneumonia-Viral (310).jpg,2,2_Pneumonia,train
train/2_Pneumonia/Pneumonia-Viral (2).jpg,2,2_Pneumonia,train
train/1_Covid19/COVID-19 (317).jpg,1,1_Covid19,train
train/2_Pneumonia/Pneumonia-Bacterial (787).jpg,2,2_Pneumonia,train
validation/0_Normal/Normal (3229).jpg,0,0_Normal,train
train/0_Normal/Normal (1282).jpg,0,0_Normal,train
train/2_Pneumonia/Pneumonia-Bacterial (2940).jpg,2,2_Pneumonia,train
train/2_Pneumonia/Pneumonia-Bacterial (1835).jpg,2,2_Pneumonia,train
train/0_Normal/Normal (776).jpg,0,0_Normal,train
train/2_Pneumonia/Pneumonia-Bacterial (355).jpg,2,2_Pneumonia,train
train/0_Normal/Normal (1371).jpg,0,0_Normal,train
train/0_Normal/Normal (1475).jpg,0,0_Normal,train
train/2_Pneumonia/Pneumonia-Viral (113).jpg,2,2_Pneumonia,train
train/1_Covid19/COVID-19 (529).jpg,1,1_Covid19,train
train/0_Normal/Normal (346).jpg,0,0_Normal,train
train/2_Pneumonia/Pneumonia-Bacterial (1234).jpg,2,2_Pneumonia,train
train/2_Pneumonia/Pneumonia-Bacterial (417).jpg,2,2_Pneumonia,train
validation/1_Covid19/COVID-19 (1080).jpg,1,1_Covid19,train
validation/0_Normal/Normal (2962).jpg,0,0_Normal,train
train/1_Covid19/COVID-19 (550).jpg,1,1_Covid19,train
train/2_Pneumonia/Pneumonia-Viral (547).jpg,2,2_Pneumonia,train
train/0_Normal/Normal (919).jpg,0,0_Normal,train
train/2_Pneumonia/Pneumonia-Bacterial (1415).jpg,2,2_Pneumonia,train
train/0_Normal/Normal (398).jpg,0,0_Normal,train
train/1_Covid19/COVID-19 (627).jpg,1,1_Covid19,train
train/0_Normal/Normal (867).jpg,0,0_Normal,train
train/0_Normal/Normal (1276).jpg,0,0_Normal,train
train/1_Covid19/COVID-19 (129).jpg,1,1_Covid19,train
train/2_Pneumonia/Pneumonia-Bacterial (1174).jpg,2,2_Pneumonia,train
train/2_Pneumonia/Pneumonia-Bacterial (2946).jpg,2,2_Pneumonia,train
validation/2_Pneumonia/Pneumonia-Viral (1110).jpg,2,2_Pneumonia,train
train/2_Pneumonia/Pneumonia-Bacterial (1972).jpg,2,2_Pneumonia,train
train/0_Normal/Normal (1864).jpg,0,0_Normal,train
train/2_Pneumonia/Pneumonia-Bacterial (2334).jpg,2,2_Pneumonia,train
train/2_Pneumonia/Pneumonia-Bacterial (1077).jpg,2,2_Pneumonia,train
train/0_Normal/Normal (2451).jpg,0,0_Normal,train
train/1_Covid19/COVID-19 (281).jpg,1,1_Covid19,train
train/2_Pneumonia/Pneumonia-Bacterial (678).jpg,2,2_Pneumonia,train
validation/0_Normal/Normal (2877).jpg,0,0_Normal,train
train/0_Normal/Normal (1192).jpg,0,0_Normal,train
train/0_Normal/Normal (2214).jpg,0,0_Normal,train
train/0_Normal/Normal (2187).jpg,0,0_Normal,train
train/2_Pneumonia/Pneumonia-Bacterial (887).jpg,2,2_Pneumonia,train
train/2_Pneumonia/Pneumonia-Bacterial (1831).jpg,2,2_Pneumonia,train
train/2_Pneumonia/Pneumonia-Bacterial (2958).jpg,2,2_Pneumonia,train
train/1_Covid19/COVID-19 (470).jpg,1,1_Covid19,train
train/0_Normal/Normal (509).jpg,0,0_Normal,train
train/0_Normal/Normal (2005).jpg,0,0_Normal,train
validation/2_Pneumonia/Pneumonia-Viral (1521).jpg,2,2_Pneumonia,train
train/0_Normal/Normal (2192).jpg,0,0_Normal,train
train/0_Normal/Normal (1030).jpg,0,0_Normal,train
train/2_Pneumonia/Pneumonia-Bacterial (2449).jpg,2,2_Pneumonia,train
train/0_Normal/Normal (2314).jpg,0,0_Normal,train
train/2_Pneumonia/Pneumonia-Bacterial (2213).jpg,2,2_Pneumonia,train
validation/2_Pneumonia/Pneumonia-Viral (1234) (1).jpg,2,2_Pneumonia,train
train/1_Covid19/COVID-19 (16).jpg,1,1_Covid19,train
train/1_Covid19/COVID-19 (402).jpg,1,1_Covid19,train
train/2_Pneumonia/Pneumonia-Bacterial (1626).jpg,2,2_Pneumonia,train
validation/2_Pneumonia/Pneumonia-Viral (1129).jpg,2,2_Pneumonia,train
validation/2_Pneumonia/Pneumonia-Viral (1511).jpg,2,2_Pneumonia,train
train/0_Normal/Normal (2575).jpg,0,0_Normal,train
validation/2_Pneumonia/Pneumonia-Viral (823).jpg,2,2_Pneumonia,train
train/2_Pneumonia/Pneumonia-Bacterial (1379).jpg,2,2_Pneumonia,train
train/2_Pneumonia/Pneumonia-Bacterial (1351).jpg,2,2_Pneumonia,train
train/2_Pneumonia/Pneumonia-Bacterial (80).jpg,2,2_Pneumonia,train
train/0_Normal/Normal (677).jpg,0,0_Normal,train
validation/0_Normal/Normal (3082).jpg,0,0_Normal,train
train/2_Pneumonia/Pneumonia-Viral (279).jpg,2,2_Pneumonia,train
validation/2_Pneumonia/Pneumonia-Viral (1353).jpg,2,2_Pneumonia,train
train/2_Pneumonia/Pneumonia-Viral (411).jpg,2,2_Pneumonia,train
train/1_Covid19/COVID-19 (737).jpg,1,1_Covid19,train
train/2_Pneumonia/Pneumonia-Bacterial (2716).jpg,2,2_Pneumonia,train
validation/2_Pneumonia/Pneumonia-Viral (985).jpg,2,2_Pneumonia,train
train/2_Pneumonia/Pneumonia-Bacterial (1088).jpg,2,2_Pneumonia,train
train/2_Pneumonia/Pneumonia-Bacterial (519).jpg,2,2_Pneumonia,train
train/2_Pneumonia/Pneumonia-Bacterial (543).jpg,2,2_Pneumonia,train
train/0_Normal/Normal (2385).jpg,0,0_Normal,train
train/2_Pneumonia/Pneumonia-Bacterial (641).jpg,2,2_Pneumonia,train
train/1_Covid19/COVID-19 (452).jpg,1,1_Covid19,train
train/2_Pneumonia/Pneumonia-Viral (505).jpg,2,2_Pneumonia,train
train/0_Normal/Normal (655).jpg,0,0_Normal,train
train/1_Covid19/COVID-19 (783).jpg,1,1_Covid19,train
train/2_Pneumonia/Pneumonia-Bacterial (1642).jpg,2,2_Pneumonia,train
validation/0_Normal/Normal (2929).jpg,0,0_Normal,train
train/0_Normal/Normal (355).jpg,0,0_Normal,train
train/2_Pneumonia/Pneumonia-Bacterial (2861).jpg,2,2_Pneumonia,train
validation/0_Normal/Normal (3134).jpg,0,0_Normal,train
train/2_Pneumonia/Pneumonia-Bacterial (1254).jpg,2,2_Pneumonia,train
train/2_Pneumonia/Pneumonia-Bacterial (540).jpg,2,2_Pneumonia,train
train/2_Pneumonia/Pneumonia-Viral (185).jpg,2,2_Pneumonia,train
train/2_Pneumonia/Pneumonia-Bacterial (1965).jpg,2,2_Pneumonia,train
validation/2_Pneumonia/Pneumonia-Viral (1182).jpg,2,2_Pneumonia,train
train/0_Normal/Normal (1302).jpg,0,0_Normal,train
validation/2_Pneumonia/Pneumonia-Viral (818).jpg,2,2_Pneumonia,train
train/2_Pneumonia/Pneumonia-Bacterial (1391).jpg,2,2_Pneumonia,train
train/0_Normal/Normal (916).jpg,0,0_Normal,train
train/1_Covid19/COVID-19 (243).jpg,1,1_Covid19,train
train/0_Normal/Normal (1755).jpg,0,0_Normal,train
train/2_Pneumonia/Pneumonia-Bacterial (1246).jpg,2,2_Pneumonia,train
train/0_Normal/Normal (339).jpg,0,0_Normal,train
validation/2_Pneumonia/Pneumonia-Viral (1362).jpg,2,2_Pneumonia,train
train/2_Pneumonia/Pneumonia-Bacterial (310).jpg,2,2_Pneumonia,train
train/2_Pneumonia/Pneumonia-Bacterial (2).jpg,2,2_Pneumonia,train
validation/1_Covid19/COVID-19 (1036).jpg,1,1_Covid19,train
train/2_Pneumonia/Pneumonia-Bacterial (814).jpg,2,2_Pneumonia,train
train/2_Pneumonia/Pneumonia-Bacterial (288).jpg,2,2_Pneumonia,train
train/2_Pneumonia/Pneumonia-Bacterial (1227).jpg,2,2_Pneumonia,train
train/2_Pneumonia/Pneumonia-Bacterial (2384).jpg,2,2_Pneumonia,train
train/2_Pneumonia/Pneumonia-Bacterial (871).jpg,2,2_Pneumonia,train
train/0_Normal/Normal (1618).jpg,0,0_Normal,train
train/2_Pneumonia/Pneumonia-Bacterial (1335).jpg,2,2_Pneumonia,train
train/0_Normal/Normal (1929).jpg,0,0_Normal,train
train/2_Pneumonia/Pneumonia-Bacterial (2632).jpg,2,2_Pneumonia,train
train/0_Normal/Normal (2606).jpg,0,0_Normal,train
train/2_Pneumonia/Pneumonia-Bacterial (1575).jpg,2,2_Pneumonia,train
train/1_Covid19/COVID-19 (758).jpg,1,1_Covid19,train
train/0_Normal/Normal (208).jpg,0,0_Normal,train
train/0_Normal/Normal (627).jpg,0,0_Normal,train
train/2_Pneumonia/Pneumonia-Viral (641).jpg,2,2_Pneumonia,train
validation/2_Pneumonia/Pneumonia-Viral (1280).jpg,2,2_Pneumonia,train
train/0_Normal/Normal (1542).jpg,0,0_Normal,train
validation/2_Pneumonia/Pneumonia-Viral (1360).jpg,2,2_Pneumonia,train
train/2_Pneumonia/Pneumonia-Viral (408).jpg,2,2_Pneumonia,train
train/0_Normal/Normal (1798).jpg,0,0_Normal,train
train/0_Normal/Normal (1003).jpg,0,0_Normal,train
validation/0_Normal/Normal (2917).jpg,0,0_Normal,train
train/2_Pneumonia/Pneumonia-Viral (506) (1).jpg,2,2_Pneumonia,train
train/2_Pneumonia/Pneumonia-Viral (652).jpg,2,2_Pneumonia,train
train/0_Normal/Normal (2613).jpg,0,0_Normal,train
validation/1_Covid19/COVID-19 (1140).jpg,1,1_Covid19,train
train/1_Covid19/COVID-19 (611).jpg,1,1_Covid19,train
validation/2_Pneumonia/Pneumonia-Viral (864).jpg,2,2_Pneumonia,train
train/0_Normal/Normal (1224).jpg,0,0_Normal,train
validation/0_Normal/Normal (2688).jpg,0,0_Normal,train
train/0_Normal/Normal (1351).jpg,0,0_Normal,train
train/0_Normal/Normal (745).jpg,0,0_Normal,train
train/0_Normal/Normal (363).jpg,0,0_Normal,train
train/2_Pneumonia/Pneumonia-Bacterial (1548).jpg,2,2_Pneumonia,train
train/2_Pneumonia/Pneumonia-Bacterial (2849).jpg,2,2_Pneumonia,train
train/0_Normal/Normal (97).jpg,0,0_Normal,train
train/0_Normal/Normal (99).jpg,0,0_Normal,train
validation/0_Normal/Normal (3036).jpg,0,0_Normal,train
validation/0_Normal/Normal (2711).jpg,0,0_Normal,train
validation/2_Pneumonia/Pneumonia-Viral (1586).jpg,2,2_Pneumonia,train
train/2_Pneumonia/Pneumonia-Bacterial (2734).jpg,2,2_Pneumonia,train
train/2_Pneumonia/Pneumonia-Bacterial (1792).jpg,2,2_Pneumonia,train
train/0_Normal/Normal (607).jpg,0,0_Normal,train
validation/0_Normal/Normal (2857).jpg,0,0_Normal,train
validation/2_Pneumonia/Pneumonia-Viral (1612).jpg,2,2_Pneumonia,train
train/2_Pneumonia/Pneumonia-Bacterial (2755).jpg,2,2_Pneumonia,train
train/1_Covid19/COVID-19 (173).jpg,1,1_Covid19,train
validation/0_Normal/Normal (3061).jpg,0,0_Normal,train
train/2_Pneumonia/Pneumonia-Viral (322).jpg,2,2_Pneumonia,train
train/2_Pneumonia/Pneumonia-Bacterial (2184).jpg,2,2_Pneumonia,train
train/2_Pneumonia/Pneumonia-Viral (691).jpg,2,2_Pneumonia,train
validation/2_Pneumonia/Pneumonia-Viral (1078).jpg,2,2_Pneumonia,train
validation/2_Pneumonia/Pneumonia-Viral (1319).jpg,2,2_Pneumonia,train
train/2_Pneumonia/Pneumonia-Bacterial (1528).jpg,2,2_Pneumonia,train
train/0_Normal/Normal (2123).jpg,0,0_Normal,train
train/2_Pneumonia/Pneumonia-Viral (484).jpg,2,2_Pneumonia,train
train/0_Normal/Normal (811).jpg,0,0_Normal,train
train/0_Normal/Normal (1432).jpg,0,0_Normal,train
validation/0_Normal/Normal (2714).jpg,0,0_Normal,train
train/2_Pneumonia/Pneumonia-Bacterial (2214).jpg,2,2_Pneumonia,train
validation/0_Normal/Normal (2824).jpg,0,0_Normal,train
validation/2_Pneumonia/Pneumonia-Viral (981).jpg,2,2_Pneumonia,train
train/0_Normal/Normal (1768).jpg,0,0_Normal,train
train/2_Pneumonia/Pneumonia-Bacterial (1222).jpg,2,2_Pneumonia,train
train/2_Pneumonia/Pneumonia-Bacterial (836).jpg,2,2_Pneumonia,train
train/0_Normal/Normal (2452).jpg,0,0_Normal,train
train/2_Pneumonia/Pneumonia-Bacterial (2285).jpg,2,2_Pneumonia,train
validation/2_Pneumonia/Pneumonia-Viral (1475).jpg,2,2_Pneumonia,train
train/0_Normal/Normal (320).jpg,0,0_Normal,train
train/0_Normal/Normal (2161).jpg,0,0_Normal,train
train/2_Pneumonia/Pneumonia-Bacterial (1925).jpg,2,2_Pneumonia,train
train/0_Normal/Normal (929).jpg,0,0_Normal,train
validation/1_Covid19/COVID-19 (1167).jpg,1,1_Covid19,train
train/2_Pneumonia/Pneumonia-Bacterial (351).jpg,2,2_Pneumonia,train
train/0_Normal/Normal (1657).jpg,0,0_Normal,train
validation/1_Covid19/COVID-19 (1066).jpg,1,1_Covid19,train
train/2_Pneumonia/Pneumonia-Bacterial (885).jpg,2,2_Pneumonia,train
validation/0_Normal/Normal (2779).jpg,0,0_Normal,train
train/0_Normal/Normal (1960).jpg,0,0_Normal,train
train/2_Pneumonia/Pneumonia-Bacterial (113).jpg,2,2_Pneumonia,train
train/2_Pneumonia/Pneumonia-Viral (122).jpg,2,2_Pneumonia,train
train/2_Pneumonia/Pneumonia-Bacterial (1708).jpg,2,2_Pneumonia,train
train/2_Pneumonia/Pneumonia-Bacterial (2472).jpg,2,2_Pneumonia,train
train/2_Pneumonia/Pneumonia-Bacterial (2353).jpg,2,2_Pneumonia,train
train/2_Pneumonia/Pneumonia-Bacterial (363).jpg,2,2_Pneumonia,train
train/2_Pneumonia/Pneumonia-Bacterial (1806).jpg,2,2_Pneumonia,train
validation/0_Normal/Normal (2800).jpg,0,0_Normal,train
train/0_Normal/Normal (1373).jpg,0,0_Normal,train
validation/0_Normal/Normal (2733).jpg,0,0_Normal,train
train/2_Pneumonia/Pneumonia-Bacterial (706).jpg,2,2_Pneumonia,train
train/2_Pneumonia/Pneumonia-Bacterial (826).jpg,2,2_Pneumonia,train
train/2_Pneumonia/Pneumonia-Bacterial (1693).jpg,2,2_Pneumonia,train
train/2_Pneumonia/Pneumonia-Bacterial (458).jpg,2,2_Pneumonia,train
train/0_Normal/Normal (2131).jpg,0,0_Normal,train
train/2_Pneumonia/Pneumonia-Bacterial (924).jpg,2,2_Pneumonia,train
train/1_Covid19/COVID-19 (335).jpg,1,1_Covid19,train
train/0_Normal/Normal (1726).jpg,0,0_Normal,train
train/2_Pneumonia/Pneumonia-Bacterial (2256).jpg,2,2_Pneumonia,train
train/1_Covid19/COVID-19 (359).jpg,1,1_Covid19,train
train/2_Pneumonia/Pneumonia-Bacterial (2428).jpg,2,2_Pneumonia,train
train/2_Pneumonia/Pneumonia-Bacterial (2231).jpg,2,2_Pneumonia,train
train/0_Normal/Normal (1850).jpg,0,0_Normal,train
train/0_Normal/Normal (2374).jpg,0,0_Normal,train
train/1_Covid19/COVID-19 (982).jpg,1,1_Covid19,train
train/2_Pneumonia/Pneumonia-Bacterial (2939).jpg,2,2_Pneumonia,train
train/1_Covid19/COVID-19 (338).jpg,1,1_Covid19,train
validation/2_Pneumonia/Pneumonia-Viral (1356).jpg,2,2_Pneumonia,train
train/2_Pneumonia/Pneumonia-Viral (390).jpg,2,2_Pneumonia,train
train/0_Normal/Normal (73).jpg,0,0_Normal,train
train/0_Normal/Normal (1029).jpg,0,0_Normal,train
train/2_Pneumonia/Pneumonia-Bacterial (2898).jpg,2,2_Pneumonia,train
train/0_Normal/Normal (862).jpg,0,0_Normal,train
train/1_Covid19/COVID-19 (331).jpg,1,1_Covid19,train
train/2_Pneumonia/Pneumonia-Bacterial (334).jpg,2,2_Pneumonia,train
train/2_Pneumonia/Pneumonia-Bacterial (277).jpg,2,2_Pneumonia,train
train/2_Pneumonia/Pneumonia-Bacterial (1249).jpg,2,2_Pneumonia,train
train/2_Pneumonia/Pneumonia-Bacterial (1081).jpg,2,2_Pneumonia,train
train/2_Pneumonia/Pneumonia-Bacterial (1036).jpg,2,2_Pneumonia,train
train/2_Pneumonia/Pneumonia-Bacterial (312).jpg,2,2_Pneumonia,train
train/1_Covid19/COVID-19 (147).jpg,1,1_Covid19,train
train/0_Normal/Normal (1572).jpg,0,0_Normal,train
train/2_Pneumonia/Pneumonia-Viral (100).jpg,2,2_Pneumonia,train
train/0_Normal/Normal (1994).jpg,0,0_Normal,train
validation/0_Normal/Normal (3013).jpg,0,0_Normal,train
train/0_Normal/Normal (730).jpg,0,0_Normal,train
validation/2_Pneumonia/Pneumonia-Viral (1425).jpg,2,2_Pneumonia,train
validation/2_Pneumonia/Pneumonia-Viral (1141).jpg,2,2_Pneumonia,train
train/1_Covid19/COVID-19 (182).jpg,1,1_Covid19,train
validation/2_Pneumonia/Pneumonia-Viral (774).jpg,2,2_Pneumonia,train
validation/0_Normal/Normal (3145).jpg,0,0_Normal,train
validation/2_Pneumonia/Pneumonia-Viral (904).jpg,2,2_Pneumonia,train
train/1_Covid19/COVID-19 (477).jpg,1,1_Covid19,train
validation/2_Pneumonia/Pneumonia-Viral (1590).jpg,2,2_Pneumonia,train
train/2_Pneumonia/Pneumonia-Bacterial (2777).jpg,2,2_Pneumonia,train
train/0_Normal/Normal (714).jpg,0,0_Normal,train
train/2_Pneumonia/Pneumonia-Bacterial (568).jpg,2,2_Pneumonia,train
train/2_Pneumonia/Pneumonia-Bacterial (680).jpg,2,2_Pneumonia,train
train/2_Pneumonia/Pneumonia-Viral (144).jpg,2,2_Pneumonia,train
train/2_Pneumonia/Pneumonia-Bacterial (1647).jpg,2,2_Pneumonia,train
train/2_Pneumonia/Pneumonia-Viral (16).jpg,2,2_Pneumonia,train
train/2_Pneumonia/Pneumonia-Bacterial (743).jpg,2,2_Pneumonia,train
train/2_Pneumonia/Pneumonia-Bacterial (384).jpg,2,2_Pneumonia,train
train/2_Pneumonia/Pneumonia-Bacterial (670).jpg,2,2_Pneumonia,train
train/0_Normal/Normal (13).jpg,0,0_Normal,train
train/2_Pneumonia/Pneumonia-Bacterial (1278).jpg,2,2_Pneumonia,train
validation/0_Normal/Normal (2752).jpg,0,0_Normal,train
train/2_Pneumonia/Pneumonia-Viral (407).jpg,2,2_Pneumonia,train
train/2_Pneumonia/Pneumonia-Bacterial (1091).jpg,2,2_Pneumonia,train
train/2_Pneumonia/Pneumonia-Viral (202).jpg,2,2_Pneumonia,train
train/2_Pneumonia/Pneumonia-Bacterial (2496).jpg,2,2_Pneumonia,train
train/0_Normal/Normal (1125).jpg,0,0_Normal,train
train/2_Pneumonia/Pneumonia-Viral (148).jpg,2,2_Pneumonia,train
train/0_Normal/Normal (1104).jpg,0,0_Normal,train
train/0_Normal/Normal (123).jpg,0,0_Normal,train
train/0_Normal/Normal (1116).jpg,0,0_Normal,train
train/0_Normal/Normal (779).jpg,0,0_Normal,train
train/2_Pneumonia/Pneumonia-Bacterial (1085).jpg,2,2_Pneumonia,train
train/0_Normal/Normal (1050).jpg,0,0_Normal,train
validation/2_Pneumonia/Pneumonia-Viral (983).jpg,2,2_Pneumonia,train
train/1_Covid19/COVID-19 (723).jpg,1,1_Covid19,train
train/0_Normal/Normal (1770).jpg,0,0_Normal,train
train/2_Pneumonia/Pneumonia-Bacterial (2109).jpg,2,2_Pneumonia,train
train/0_Normal/Normal (1957).jpg,0,0_Normal,train
train/0_Normal/Normal (1487).jpg,0,0_Normal,train
train/2_Pneumonia/Pneumonia-Bacterial (444).jpg,2,2_Pneumonia,train
validation/0_Normal/Normal (2732).jpg,0,0_Normal,train
validation/2_Pneumonia/Pneumonia-Viral (1606).jpg,2,2_Pneumonia,train
train/2_Pneumonia/Pneumonia-Bacterial (1767).jpg,2,2_Pneumonia,train
train/2_Pneumonia/Pneumonia-Bacterial (1954).jpg,2,2_Pneumonia,train
train/0_Normal/Normal (2373).jpg,0,0_Normal,train
train/2_Pneumonia/Pneumonia-Viral (127).jpg,2,2_Pneumonia,train
train/2_Pneumonia/Pneumonia-Bacterial (2069).jpg,2,2_Pneumonia,train
train/0_Normal/Normal (362).jpg,0,0_Normal,train
train/2_Pneumonia/Pneumonia-Bacterial (1261).jpg,2,2_Pneumonia,train
train/0_Normal/Normal (1018).jpg,0,0_Normal,train
train/0_Normal/Normal (475).jpg,0,0_Normal,train
train/2_Pneumonia/Pneumonia-Bacterial (708).jpg,2,2_Pneumonia,train
validation/2_Pneumonia/Pneumonia-Viral (1512).jpg,2,2_Pneumonia,train
train/2_Pneumonia/Pneumonia-Bacterial (1208).jpg,2,2_Pneumonia,train
train/0_Normal/Normal (2238).jpg,0,0_Normal,train
train/0_Normal/Normal (810).jpg,0,0_Normal,train
train/1_Covid19/COVID-19 (258).jpg,1,1_Covid19,train
train/2_Pneumonia/Pneumonia-Bacterial (2931).jpg,2,2_Pneumonia,train
train/0_Normal/Normal (774).jpg,0,0_Normal,train
train/2_Pneumonia/Pneumonia-Bacterial (1539).jpg,2,2_Pneumonia,train
train/0_Normal/Normal (2000).jpg,0,0_Normal,train
train/2_Pneumonia/Pneumonia-Bacterial (875).jpg,2,2_Pneumonia,train
train/2_Pneumonia/Pneumonia-Bacterial (2181).jpg,2,2_Pneumonia,train
train/0_Normal/Normal (2507).jpg,0,0_Normal,train
train/2_Pneumonia/Pneumonia-Bacterial (1296).jpg,2,2_Pneumonia,train
train/2_Pneumonia/Pneumonia-Viral (406).jpg,2,2_Pneumonia,train
validation/2_Pneumonia/Pneumonia-Viral (1177).jpg,2,2_Pneumonia,train
train/0_Normal/Normal (2119).jpg,0,0_Normal,train
validation/2_Pneumonia/Pneumonia-Viral (805).jpg,2,2_Pneumonia,train
train/2_Pneumonia/Pneumonia-Viral (277).jpg,2,2_Pneumonia,train
validation/1_Covid19/COVID-19 (1216).jpg,1,1_Covid19,train
train/0_Normal/Normal (1011).jpg,0,0_Normal,train
validation/0_Normal/Normal (3185).jpg,0,0_Normal,train
train/2_Pneumonia/Pneumonia-Bacterial (842).jpg,2,2_Pneumonia,train
validation/0_Normal/Normal (2921).jpg,0,0_Normal,train
train/0_Normal/Normal (976).jpg,0,0_Normal,train
validation/1_Covid19/COVID-19 (1086).jpg,1,1_Covid19,train
train/2_Pneumonia/Pneumonia-Bacterial (1160).jpg,2,2_Pneumonia,train
validation/1_Covid19/COVID-19 (1070).jpg,1,1_Covid19,train
train/0_Normal/Normal (2539).jpg,0,0_Normal,train
train/1_Covid19/COVID-19 (378).jpg,1,1_Covid19,train
validation/2_Pneumonia/Pneumonia-Viral (966).jpg,2,2_Pneumonia,train
train/2_Pneumonia/Pneumonia-Viral (416).jpg,2,2_Pneumonia,train
train/0_Normal/Normal (1368).jpg,0,0_Normal,train
validation/2_Pneumonia/Pneumonia-Viral (1558).jpg,2,2_Pneumonia,train
train/2_Pneumonia/Pneumonia-Bacterial (1906).jpg,2,2_Pneumonia,train
train/2_Pneumonia/Pneumonia-Bacterial (2758).jpg,2,2_Pneumonia,train
train/2_Pneumonia/Pneumonia-Bacterial (2065).jpg,2,2_Pneumonia,train
validation/0_Normal/Normal (2667).jpg,0,0_Normal,train
train/0_Normal/Normal (2172).jpg,0,0_Normal,train
train/0_Normal/Normal (2100).jpg,0,0_Normal,train
train/0_Normal/Normal (572).jpg,0,0_Normal,train
train/0_Normal/Normal (1536).jpg,0,0_Normal,train
train/0_Normal/Normal (1459).jpg,0,0_Normal,train
train/2_Pneumonia/Pneumonia-Viral (150).jpg,2,2_Pneumonia,train
train/2_Pneumonia/Pneumonia-Bacterial (2896).jpg,2,2_Pneumonia,train
train/2_Pneumonia/Pneumonia-Viral (240).jpg,2,2_Pneumonia,train
train/2_Pneumonia/Pneumonia-Bacterial (16).jpg,2,2_Pneumonia,train
train/2_Pneumonia/Pneumonia-Bacterial (471).jpg,2,2_Pneumonia,train
train/2_Pneumonia/Pneumonia-Viral (630).jpg,2,2_Pneumonia,train
train/0_Normal/Normal (2616).jpg,0,0_Normal,train
train/0_Normal/Normal (1266).jpg,0,0_Normal,train
train/0_Normal/Normal (1501).jpg,0,0_Normal,train
train/0_Normal/Normal (2417).jpg,0,0_Normal,train
train/0_Normal/Normal (2303).jpg,0,0_Normal,train
train/2_Pneumonia/Pneumonia-Bacterial (1949).jpg,2,2_Pneumonia,train
validation/2_Pneumonia/Pneumonia-Viral (1625).jpg,2,2_Pneumonia,train
validation/0_Normal/Normal (3064).jpg,0,0_Normal,train
train/2_Pneumonia/Pneumonia-Bacterial (2787).jpg,2,2_Pneumonia,train
train/2_Pneumonia/Pneumonia-Bacterial (735).jpg,2,2_Pneumonia,train
train/2_Pneumonia/Pneumonia-Bacterial (1766).jpg,2,2_Pneumonia,train
train/0_Normal/Normal (1762).jpg,0,0_Normal,train
train/2_Pneumonia/Pneumonia-Bacterial (1552).jpg,2,2_Pneumonia,train
train/0_Normal/Normal (1084).jpg,0,0_Normal,train
train/2_Pneumonia/Pneumonia-Bacterial (903).jpg,2,2_Pneumonia,train
train/0_Normal/Normal (495).jpg,0,0_Normal,train
train/0_Normal/Normal (1434).jpg,0,0_Normal,train
train/2_Pneumonia/Pneumonia-Bacterial (2492).jpg,2,2_Pneumonia,train
train/2_Pneumonia/Pneumonia-Bacterial (2529).jpg,2,2_Pneumonia,train
train/2_Pneumonia/Pneumonia-Viral (307).jpg,2,2_Pneumonia,train
train/2_Pneumonia/Pneumonia-Bacterial (2889).jpg,2,2_Pneumonia,train
train/2_Pneumonia/Pneumonia-Viral (402).jpg,2,2_Pneumonia,train
train/0_Normal/Normal (2258).jpg,0,0_Normal,train
validation/2_Pneumonia/Pneumonia-Viral (1477).jpg,2,2_Pneumonia,train
train/1_Covid19/COVID-19 (55).jpg,1,1_Covid19,train
train/2_Pneumonia/Pneumonia-Bacterial (1106).jpg,2,2_Pneumonia,train
train/0_Normal/Normal (1002).jpg,0,0_Normal,train
validation/2_Pneumonia/Pneumonia-Viral (975).jpg,2,2_Pneumonia,train
train/2_Pneumonia/Pneumonia-Bacterial (2106).jpg,2,2_Pneumonia,train
validation/2_Pneumonia/Pneumonia-Viral (1414).jpg,2,2_Pneumonia,train
train/0_Normal/Normal (1759).jpg,0,0_Normal,train
train/1_Covid19/COVID-19 (484).jpg,1,1_Covid19,train
validation/1_Covid19/COVID-19 (1205).jpg,1,1_Covid19,train
validation/0_Normal/Normal (2985).jpg,0,0_Normal,train
train/2_Pneumonia/Pneumonia-Bacterial (32).jpg,2,2_Pneumonia,train
train/1_Covid19/COVID-19 (264).jpg,1,1_Covid19,train
train/2_Pneumonia/Pneumonia-Bacterial (976).jpg,2,2_Pneumonia,train
train/2_Pneumonia/Pneumonia-Bacterial (2544).jpg,2,2_Pneumonia,train
validation/2_Pneumonia/Pneumonia-Viral (754).jpg,2,2_Pneumonia,train
validation/2_Pneumonia/Pneumonia-Viral (1155).jpg,2,2_Pneumonia,train
train/2_Pneumonia/Pneumonia-Bacterial (46).jpg,2,2_Pneumonia,train
train/2_Pneumonia/Pneumonia-Bacterial (1465).jpg,2,2_Pneumonia,train
train/2_Pneumonia/Pneumonia-Viral (401).jpg,2,2_Pneumonia,train
validation/0_Normal/Normal (3099).jpg,0,0_Normal,train
train/0_Normal/Normal (1132).jpg,0,0_Normal,train
train/0_Normal/Normal (2032).jpg,0,0_Normal,train
train/1_Covid19/COVID-19 (843).jpg,1,1_Covid19,train
train/0_Normal/Normal (2495).jpg,0,0_Normal,train
train/1_Covid19/COVID-19 (203).jpg,1,1_Covid19,train
train/0_Normal/Normal (675).jpg,0,0_Normal,train
train/0_Normal/Normal (1898).jpg,0,0_Normal,train
validation/2_Pneumonia/Pneumonia-Viral (1491).jpg,2,2_Pneumonia,train
validation/0_Normal/Normal (2839).jpg,0,0_Normal,train
validation/1_Covid19/COVID-19 (1240).jpg,1,1_Covid19,train
train/0_Normal/Normal (798).jpg,0,0_Normal,train
validation/2_Pneumonia/Pneumonia-Viral (1006).jpg,2,2_Pneumonia,train
train/2_Pneumonia/Pneumonia-Bacterial (2001).jpg,2,2_Pneumonia,train
train/2_Pneumonia/Pneumonia-Bacterial (2200).jpg,2,2_Pneumonia,train
train/1_Covid19/COVID-19 (430).jpg,1,1_Covid19,train
validation/2_Pneumonia/Pneumonia-Viral (1180).jpg,2,2_Pneumonia,train
train/2_Pneumonia/Pneumonia-Viral (166).jpg,2,2_Pneumonia,train
train/0_Normal/Normal (1396).jpg,0,0_Normal,train
train/2_Pneumonia/Pneumonia-Bacterial (629).jpg,2,2_Pneumonia,train
validation/2_Pneumonia/Pneumonia-Viral (825).jpg,2,2_Pneumonia,train
train/2_Pneumonia/Pneumonia-Bacterial (627).jpg,2,2_Pneumonia,train
validation/0_Normal/Normal (2999).jpg,0,0_Normal,train
train/0_Normal/Normal (1516).jpg,0,0_Normal,train
train/0_Normal/Normal (1473).jpg,0,0_Normal,train
train/2_Pneumonia/Pneumonia-Bacterial (1750).jpg,2,2_Pneumonia,train
train/0_Normal/Normal (620).jpg,0,0_Normal,train
validation/0_Normal/Normal (2882).jpg,0,0_Normal,train
train/2_Pneumonia/Pneumonia-Bacterial (872).jpg,2,2_Pneumonia,train
validation/2_Pneumonia/Pneumonia-Viral (1257).jpg,2,2_Pneumonia,train
train/0_Normal/Normal (1626).jpg,0,0_Normal,train
validation/0_Normal/Normal (2919).jpg,0,0_Normal,train
train/0_Normal/Normal (2061).jpg,0,0_Normal,train
train/0_Normal/Normal (231).jpg,0,0_Normal,train
train/0_Normal/Normal (2295).jpg,0,0_Normal,train
train/2_Pneumonia/Pneumonia-Bacterial (2588).jpg,2,2_Pneumonia,train
train/2_Pneumonia/Pneumonia-Bacterial (2653).jpg,2,2_Pneumonia,train
validation/0_Normal/Normal (2765).jpg,0,0_Normal,train
train/1_Covid19/COVID-19 (996).jpg,1,1_Covid19,train
train/2_Pneumonia/Pneumonia-Bacterial (1526).jpg,2,2_Pneumonia,train
train/0_Normal/Normal (2098).jpg,0,0_Normal,train
train/0_Normal/Normal (1372).jpg,0,0_Normal,train
train/0_Normal/Normal (1254).jpg,0,0_Normal,train
validation/0_Normal/Normal (3018).jpg,0,0_Normal,train
train/2_Pneumonia/Pneumonia-Bacterial (2523).jpg,2,2_Pneumonia,train
train/1_Covid19/COVID-19 (40).jpg,1,1_Covid19,train
train/2_Pneumonia/Pneumonia-Bacterial (2343).jpg,2,2_Pneumonia,train
train/0_Normal/Normal (1945).jpg,0,0_Normal,train
train/0_Normal/Normal (141).jpg,0,0_Normal,train
train/0_Normal/Normal (2056).jpg,0,0_Normal,train
validation/2_Pneumonia/Pneumonia-Viral (1611).jpg,2,2_Pneumonia,train
train/2_Pneumonia/Pneumonia-Bacterial (2728).jpg,2,2_Pneumonia,train
train/0_Normal/Normal (1569).jpg,0,0_Normal,train
validation/2_Pneumonia/Pneumonia-Viral (1364).jpg,2,2_Pneumonia,train
train/0_Normal/Normal (1020).jpg,0,0_Normal,train
validation/0_Normal/Normal (2729).jpg,0,0_Normal,train
train/2_Pneumonia/Pneumonia-Bacterial (511).jpg,2,2_Pneumonia,train
validation/2_Pneumonia/Pneumonia-Viral (843).jpg,2,2_Pneumonia,train
train/0_Normal/Normal (979).jpg,0,0_Normal,train
train/1_Covid19/COVID-19 (717).jpg,1,1_Covid19,train
train/0_Normal/Normal (1129).jpg,0,0_Normal,train
train/2_Pneumonia/Pneumonia-Bacterial (2796).jpg,2,2_Pneumonia,train
train/2_Pneumonia/Pneumonia-Bacterial (873).jpg,2,2_Pneumonia,train
train/2_Pneumonia/Pneumonia-Bacterial (1002).jpg,2,2_Pneumonia,train
train/2_Pneumonia/Pneumonia-Bacterial (2933).jpg,2,2_Pneumonia,train
train/0_Normal/Normal (1559).jpg,0,0_Normal,train
train/0_Normal/Normal (1004).jpg,0,0_Normal,train
train/2_Pneumonia/Pneumonia-Viral (160).jpg,2,2_Pneumonia,train
train/2_Pneumonia/Pneumonia-Bacterial (2951).jpg,2,2_Pneumonia,train
train/2_Pneumonia/Pneumonia-Bacterial (687).jpg,2,2_Pneumonia,train
train/2_Pneumonia/Pneumonia-Viral (708).jpg,2,2_Pneumonia,train
train/0_Normal/Normal (1356).jpg,0,0_Normal,train
train/2_Pneumonia/Pneumonia-Viral (308).jpg,2,2_Pneumonia,train
train/2_Pneumonia/Pneumonia-Bacterial (724).jpg,2,2_Pneumonia,train
validation/0_Normal/Normal (2724).jpg,0,0_Normal,train
validation/2_Pneumonia/Pneumonia-Viral (993).jpg,2,2_Pneumonia,train
train/2_Pneumonia/Pneumonia-Bacterial (2035).jpg,2,2_Pneumonia,train
train/2_Pneumonia/Pneumonia-Bacterial (270).jpg,2,2_Pneumonia,train
validation/2_Pneumonia/Pneumonia-Viral (1339).jpg,2,2_Pneumonia,train
train/2_Pneumonia/Pneumonia-Bacterial (2218).jpg,2,2_Pneumonia,train
train/1_Covid19/COVID-19 (194).jpg,1,1_Covid19,train
validation/2_Pneumonia/Pneumonia-Viral (744).jpg,2,2_Pneumonia,train
train/2_Pneumonia/Pneumonia-Bacterial (1741).jpg,2,2_Pneumonia,train
validation/0_Normal/Normal (2833).jpg,0,0_Normal,train
train/2_Pneumonia/Pneumonia-Bacterial (2507).jpg,2,2_Pneumonia,train
train/1_Covid19/COVID-19 (589).jpg,1,1_Covid19,train
train/0_Normal/Normal (265).jpg,0,0_Normal,train
train/2_Pneumonia/Pneumonia-Bacterial (1959).jpg,2,2_Pneumonia,train
train/0_Normal/Normal (2319).jpg,0,0_Normal,train
train/2_Pneumonia/Pneumonia-Viral (282).jpg,2,2_Pneumonia,train
train/0_Normal/Normal (584).jpg,0,0_Normal,train
train/2_Pneumonia/Pneumonia-Viral (646).jpg,2,2_Pneumonia,train
train/2_Pneumonia/Pneumonia-Bacterial (1698).jpg,2,2_Pneumonia,train
train/2_Pneumonia/Pneumonia-Bacterial (2169).jpg,2,2_Pneumonia,train
train/0_Normal/Normal (906).jpg,0,0_Normal,train
train/0_Normal/Normal (855).jpg,0,0_Normal,train
train/0_Normal/Normal (2537).jpg,0,0_Normal,train
validation/0_Normal/Normal (3137).jpg,0,0_Normal,train
train/0_Normal/Normal (848).jpg,0,0_Normal,train
train/2_Pneumonia/Pneumonia-Viral (405).jpg,2,2_Pneumonia,train
train/0_Normal/Normal (410).jpg,0,0_Normal,train
train/2_Pneumonia/Pneumonia-Bacterial (1040).jpg,2,2_Pneumonia,train
train/0_Normal/Normal (853).jpg,0,0_Normal,train
train/0_Normal/Normal (1677).jpg,0,0_Normal,train
train/1_Covid19/COVID-19 (479).jpg,1,1_Covid19,train
train/2_Pneumonia/Pneumonia-Bacterial (2929).jpg,2,2_Pneumonia,train
validation/2_Pneumonia/Pneumonia-Viral (763).jpg,2,2_Pneumonia,train
train/2_Pneumonia/Pneumonia-Bacterial (2602).jpg,2,2_Pneumonia,train
train/2_Pneumonia/Pneumonia-Bacterial (1715).jpg,2,2_Pneumonia,train
train/2_Pneumonia/Pneumonia-Bacterial (1355).jpg,2,2_Pneumonia,train
validation/1_Covid19/COVID-19 (1145).jpg,1,1_Covid19,train
validation/0_Normal/Normal (2798).jpg,0,0_Normal,train
train/2_Pneumonia/Pneumonia-Bacterial (490).jpg,2,2_Pneumonia,train
train/1_Covid19/COVID-19 (711).jpg,1,1_Covid19,train
train/0_Normal/Normal (476).jpg,0,0_Normal,train
train/0_Normal/Normal (1669).jpg,0,0_Normal,train
train/2_Pneumonia/Pneumonia-Viral (170).jpg,2,2_Pneumonia,train
train/0_Normal/Normal (2221).jpg,0,0_Normal,train
train/0_Normal/Normal (715).jpg,0,0_Normal,train
train/0_Normal/Normal (2600).jpg,0,0_Normal,train
validation/1_Covid19/COVID-19 (1073).jpg,1,1_Covid19,train
train/2_Pneumonia/Pneumonia-Bacterial (185).jpg,2,2_Pneumonia,train
train/2_Pneumonia/Pneumonia-Bacterial (648).jpg,2,2_Pneumonia,train
train/0_Normal/Normal (271).jpg,0,0_Normal,train
train/0_Normal/Normal (1823).jpg,0,0_Normal,train
train/0_Normal/Normal (796).jpg,0,0_Normal,train
train/2_Pneumonia/Pneumonia-Bacterial (1894).jpg,2,2_Pneumonia,train
train/2_Pneumonia/Pneumonia-Viral (438).jpg,2,2_Pneumonia,train
train/1_Covid19/COVID-19 (24).jpg,1,1_Covid19,train
train/0_Normal/Normal (1261).jpg,0,0_Normal,train
train/2_Pneumonia/Pneumonia-Viral (544).jpg,2,2_Pneumonia,train
validation/2_Pneumonia/Pneumonia-Viral (1149).jpg,2,2_Pneumonia,train
train/1_Covid19/COVID-19 (576).jpg,1,1_Covid19,train
train/0_Normal/Normal (2292).jpg,0,0_Normal,train
train/1_Covid19/COVID-19 (377).jpg,1,1_Covid19,train
train/2_Pneumonia/Pneumonia-Bacterial (1065).jpg,2,2_Pneumonia,train
train/0_Normal/Normal (1243).jpg,0,0_Normal,train
train/2_Pneumonia/Pneumonia-Bacterial (2056).jpg,2,2_Pneumonia,train
train/1_Covid19/COVID-19 (520).jpg,1,1_Covid19,train
train/2_Pneumonia/Pneumonia-Bacterial (419).jpg,2,2_Pneumonia,train
train/2_Pneumonia/Pneumonia-Bacterial (2662).jpg,2,2_Pneumonia,train
validation/0_Normal/Normal (2890).jpg,0,0_Normal,train
validation/2_Pneumonia/Pneumonia-Viral (1058).jpg,2,2_Pneumonia,train
train/0_Normal/Normal (2402).jpg,0,0_Normal,train
validation/0_Normal/Normal (2851).jpg,0,0_Normal,train
train/2_Pneumonia/Pneumonia-Bacterial (2966).jpg,2,2_Pneumonia,train
train/1_Covid19/COVID-19 (251).jpg,1,1_Covid19,train
validation/0_Normal/Normal (2883).jpg,0,0_Normal,train
train/0_Normal/Normal (2062).jpg,0,0_Normal,train
train/0_Normal/Normal (1905).jpg,0,0_Normal,train
train/2_Pneumonia/Pneumonia-Bacterial (1791).jpg,2,2_Pneumonia,train
train/2_Pneumonia/Pneumonia-Bacterial (491).jpg,2,2_Pneumonia,train
validation/0_Normal/Normal (2675).jpg,0,0_Normal,train
train/2_Pneumonia/Pneumonia-Bacterial (29).jpg,2,2_Pneumonia,train
validation/2_Pneumonia/Pneumonia-Viral (1643).jpg,2,2_Pneumonia,train
train/2_Pneumonia/Pneumonia-Bacterial (967).jpg,2,2_Pneumonia,train
train/2_Pneumonia/Pneumonia-Bacterial (2765).jpg,2,2_Pneumonia,train
train/2_Pneumonia/Pneumonia-Bacterial (1525).jpg,2,2_Pneumonia,train
train/0_Normal/Normal (947).jpg,0,0_Normal,train
train/2_Pneumonia/Pneumonia-Bacterial (2050).jpg,2,2_Pneumonia,train
train/2_Pneumonia/Pneumonia-Bacterial (1189).jpg,2,2_Pneumonia,train
validation/2_Pneumonia/Pneumonia-Viral (1137).jpg,2,2_Pneumonia,train
train/0_Normal/Normal (1612).jpg,0,0_Normal,train
validation/2_Pneumonia/Pneumonia-Viral (1416).jpg,2,2_Pneumonia,train
train/1_Covid19/COVID-19 (1023).jpg,1,1_Covid19,train
train/2_Pneumonia/Pneumonia-Bacterial (855).jpg,2,2_Pneumonia,train
validation/1_Covid19/COVID-19 (1133).jpg,1,1_Covid19,train
train/0_Normal/Normal (1941).jpg,0,0_Normal,train
train/2_Pneumonia/Pneumonia-Bacterial (2686).jpg,2,2_Pneumonia,train
train/2_Pneumonia/Pneumonia-Viral (359).jpg,2,2_Pneumonia,train
train/2_Pneumonia/Pneumonia-Viral (654).jpg,2,2_Pneumonia,train
train/2_Pneumonia/Pneumonia-Bacterial (2515).jpg,2,2_Pneumonia,train
train/0_Normal/Normal (2105).jpg,0,0_Normal,train
train/2_Pneumonia/Pneumonia-Viral (65).jpg,2,2_Pneumonia,train
train/0_Normal/Normal (1563).jpg,0,0_Normal,train
train/0_Normal/Normal (193).jpg,0,0_Normal,train
train/2_Pneumonia/Pneumonia-Bacterial (2204).jpg,2,2_Pneumonia,train
validation/0_Normal/Normal (2727).jpg,0,0_Normal,train
train/1_Covid19/COVID-19 (912).jpg,1,1_Covid19,train
validation/2_Pneumonia/Pneumonia-Viral (936).jpg,2,2_Pneumonia,train
train/0_Normal/Normal (977).jpg,0,0_Normal,train
train/0_Normal/Normal (1227).jpg,0,0_Normal,train
train/2_Pneumonia/Pneumonia-Bacterial (411).jpg,2,2_Pneumonia,train
train/2_Pneumonia/Pneumonia-Bacterial (2909).jpg,2,2_Pneumonia,train
train/0_Normal/Normal (1354).jpg,0,0_Normal,train
train/2_Pneumonia/Pneumonia-Bacterial (507).jpg,2,2_Pneumonia,train
train/0_Normal/Normal (874).jpg,0,0_Normal,train
train/0_Normal/Normal (835).jpg,0,0_Normal,train
validation/0_Normal/Normal (3000).jpg,0,0_Normal,train
train/0_Normal/Normal (442).jpg,0,0_Normal,train
train/1_Covid19/COVID-19 (455).jpg,1,1_Covid19,train
train/1_Covid19/COVID-19 (870).jpg,1,1_Covid19,train
validation/0_Normal/Normal (3203).jpg,0,0_Normal,train
validation/2_Pneumonia/Pneumonia-Viral (1277).jpg,2,2_Pneumonia,train
validation/2_Pneumonia/Pneumonia-Viral (1639).jpg,2,2_Pneumonia,train
train/0_Normal/Normal (2033).jpg,0,0_Normal,train
validation/2_Pneumonia/Pneumonia-Viral (1098).jpg,2,2_Pneumonia,train
train/0_Normal/Normal (787).jpg,0,0_Normal,train
train/2_Pneumonia/Pneumonia-Bacterial (1712).jpg,2,2_Pneumonia,train
validation/2_Pneumonia/Pneumonia-Viral (1343).jpg,2,2_Pneumonia,train
train/0_Normal/Normal (1764).jpg,0,0_Normal,train
train/1_Covid19/COVID-19 (674).jpg,1,1_Covid19,train
train/2_Pneumonia/Pneumonia-Bacterial (1514).jpg,2,2_Pneumonia,train
train/1_Covid19/COVID-19 (892).jpg,1,1_Covid19,train
train/0_Normal/Normal (1051).jpg,0,0_Normal,train
train/2_Pneumonia/Pneumonia-Bacterial (1576).jpg,2,2_Pneumonia,train
train/0_Normal/Normal (1437).jpg,0,0_Normal,train
train/2_Pneumonia/Pneumonia-Bacterial (714).jpg,2,2_Pneumonia,train
validation/1_Covid19/COVID-19 (1211).jpg,1,1_Covid19,train
train/2_Pneumonia/Pneumonia-Bacterial (2530).jpg,2,2_Pneumonia,train
validation/2_Pneumonia/Pneumonia-Viral (919).jpg,2,2_Pneumonia,train
train/0_Normal/Normal (1517).jpg,0,0_Normal,train
train/1_Covid19/COVID-19 (883).jpg,1,1_Covid19,train
train/2_Pneumonia/Pneumonia-Viral (461).jpg,2,2_Pneumonia,train
train/0_Normal/Normal (1226).jpg,0,0_Normal,train
train/2_Pneumonia/Pneumonia-Bacterial (1671).jpg,2,2_Pneumonia,train
train/2_Pneumonia/Pneumonia-Bacterial (2144).jpg,2,2_Pneumonia,train
train/2_Pneumonia/Pneumonia-Bacterial (2555).jpg,2,2_Pneumonia,train
train/2_Pneumonia/Pneumonia-Viral (196).jpg,2,2_Pneumonia,train
train/0_Normal/Normal (1841).jpg,0,0_Normal,train
validation/2_Pneumonia/Pneumonia-Viral (892).jpg,2,2_Pneumonia,train
train/1_Covid19/COVID-19 (491).jpg,1,1_Covid19,train
train/2_Pneumonia/Pneumonia-Bacterial (2536).jpg,2,2_Pneumonia,train
train/2_Pneumonia/Pneumonia-Bacterial (2346).jpg,2,2_Pneumonia,train
train/0_Normal/Normal (738).jpg,0,0_Normal,train
train/1_Covid19/COVID-19 (664).jpg,1,1_Covid19,train
train/2_Pneumonia/Pneumonia-Bacterial (2826).jpg,2,2_Pneumonia,train
validation/1_Covid19/COVID-19 (1266).jpg,1,1_Covid19,train
train/0_Normal/Normal (1033).jpg,0,0_Normal,train
validation/0_Normal/Normal (3245).jpg,0,0_Normal,train
validation/2_Pneumonia/Pneumonia-Viral (1162).jpg,2,2_Pneumonia,train
validation/2_Pneumonia/Pneumonia-Viral (1244).jpg,2,2_Pneumonia,train
train/2_Pneumonia/Pneumonia-Bacterial (1078).jpg,2,2_Pneumonia,train
train/2_Pneumonia/Pneumonia-Bacterial (287).jpg,2,2_Pneumonia,train
train/0_Normal/Normal (877).jpg,0,0_Normal,train
train/0_Normal/Normal (224).jpg,0,0_Normal,train
train/2_Pneumonia/Pneumonia-Bacterial (2888).jpg,2,2_Pneumonia,train
train/0_Normal/Normal (2321).jpg,0,0_Normal,train
validation/1_Covid19/COVID-19 (1196).jpg,1,1_Covid19,train
train/2_Pneumonia/Pneumonia-Bacterial (47).jpg,2,2_Pneumonia,train
validation/0_Normal/Normal (3129).jpg,0,0_Normal,train
train/2_Pneumonia/Pneumonia-Bacterial (1985).jpg,2,2_Pneumonia,train
train/0_Normal/Normal (806).jpg,0,0_Normal,train
train/2_Pneumonia/Pneumonia-Viral (230).jpg,2,2_Pneumonia,train
train/2_Pneumonia/Pneumonia-Bacterial (2023).jpg,2,2_Pneumonia,train
train/0_Normal/Normal (860).jpg,0,0_Normal,train
train/2_Pneumonia/Pneumonia-Bacterial (1841).jpg,2,2_Pneumonia,train
train/2_Pneumonia/Pneumonia-Bacterial (1353).jpg,2,2_Pneumonia,train
train/2_Pneumonia/Pneumonia-Viral (193).jpg,2,2_Pneumonia,train
train/0_Normal/Normal (1150).jpg,0,0_Normal,train
train/2_Pneumonia/Pneumonia-Bacterial (1064).jpg,2,2_Pneumonia,train
train/2_Pneumonia/Pneumonia-Bacterial (2810).jpg,2,2_Pneumonia,train
train/2_Pneumonia/Pneumonia-Bacterial (2522).jpg,2,2_Pneumonia,train
train/1_Covid19/COVID-19 (786).jpg,1,1_Covid19,train
validation/0_Normal/Normal (2794).jpg,0,0_Normal,train
train/0_Normal/Normal (1884).jpg,0,0_Normal,train
train/2_Pneumonia/Pneumonia-Bacterial (2153).jpg,2,2_Pneumonia,train
train/0_Normal/Normal (887).jpg,0,0_Normal,train
train/2_Pneumonia/Pneumonia-Bacterial (2893).jpg,2,2_Pneumonia,train
validation/1_Covid19/COVID-19 (1087).jpg,1,1_Covid19,train
validation/0_Normal/Normal (2928).jpg,0,0_Normal,train
train/2_Pneumonia/Pneumonia-Bacterial (1347).jpg,2,2_Pneumonia,train
train/2_Pneumonia/Pneumonia-Bacterial (751).jpg,2,2_Pneumonia,train
train/1_Covid19/COVID-19 (802).jpg,1,1_Covid19,train
train/0_Normal/Normal (379).jpg,0,0_Normal,train
train/0_Normal/Normal (1193).jpg,0,0_Normal,train
validation/0_Normal/Normal (2835).jpg,0,0_Normal,train
train/2_Pneumonia/Pneumonia-Bacterial (1916).jpg,2,2_Pneumonia,train
train/2_Pneumonia/Pneumonia-Bacterial (2937).jpg,2,2_Pneumonia,train
train/2_Pneumonia/Pneumonia-Bacterial (1087).jpg,2,2_Pneumonia,train
train/1_Covid19/COVID-19 (107).jpg,1,1_Covid19,train
train/1_Covid19/COVID-19 (585).jpg,1,1_Covid19,train
train/0_Normal/Normal (1868).jpg,0,0_Normal,train
train/1_Covid19/COVID-19 (828).jpg,1,1_Covid19,train
train/0_Normal/Normal (1387).jpg,0,0_Normal,train
train/2_Pneumonia/Pneumonia-Bacterial (204).jpg,2,2_Pneumonia,train
train/2_Pneumonia/Pneumonia-Bacterial (986).jpg,2,2_Pneumonia,train
train/0_Normal/Normal (406).jpg,0,0_Normal,train
train/0_Normal/Normal (2437).jpg,0,0_Normal,train
train/1_Covid19/COVID-19 (614).jpg,1,1_Covid19,train
train/2_Pneumonia/Pneumonia-Bacterial (745).jpg,2,2_Pneumonia,train
train/2_Pneumonia/Pneumonia-Bacterial (2120).jpg,2,2_Pneumonia,train
validation/1_Covid19/COVID-19 (1175).jpg,1,1_Covid19,train
train/0_Normal/Normal (1077).jpg,0,0_Normal,train
train/2_Pneumonia/Pneumonia-Bacterial (2084).jpg,2,2_Pneumonia,train
train/2_Pneumonia/Pneumonia-Bacterial (2518).jpg,2,2_Pneumonia,train
validation/0_Normal/Normal (2669).jpg,0,0_Normal,train
train/2_Pneumonia/Pneumonia-Bacterial (2974).jpg,2,2_Pneumonia,train
train/0_Normal/Normal (1976).jpg,0,0_Normal,train
train/2_Pneumonia/Pneumonia-Bacterial (93).jpg,2,2_Pneumonia,train
train/2_Pneumonia/Pneumonia-Bacterial (1993).jpg,2,2_Pneumonia,train
train/2_Pneumonia/Pneumonia-Bacterial (2803).jpg,2,2_Pneumonia,train
train/0_Normal/Normal (1275).jpg,0,0_Normal,train
train/1_Covid19/COVID-19 (22).jpg,1,1_Covid19,train
train/2_Pneumonia/Pneumonia-Viral (382).jpg,2,2_Pneumonia,train
train/0_Normal/Normal (2247).jpg,0,0_Normal,train
train/2_Pneumonia/Pneumonia-Bacterial (658).jpg,2,2_Pneumonia,train
train/0_Normal/Normal (1540).jpg,0,0_Normal,train
train/0_Normal/Normal (2018).jpg,0,0_Normal,train
validation/1_Covid19/COVID-19 (1223).jpg,1,1_Covid19,train
train/0_Normal/Normal (1144).jpg,0,0_Normal,train
validation/0_Normal/Normal (2739).jpg,0,0_Normal,train
train/0_Normal/Normal (564).jpg,0,0_Normal,train
train/0_Normal/Normal (2462).jpg,0,0_Normal,train
validation/0_Normal/Normal (2731).jpg,0,0_Normal,train
train/2_Pneumonia/Pneumonia-Bacterial (990).jpg,2,2_Pneumonia,train
validation/2_Pneumonia/Pneumonia-Viral (1412).jpg,2,2_Pneumonia,train
train/0_Normal/Normal (111).jpg,0,0_Normal,train
train/1_Covid19/COVID-19 (966).jpg,1,1_Covid19,train
train/2_Pneumonia/Pneumonia-Viral (171).jpg,2,2_Pneumonia,train
train/0_Normal/Normal (114).jpg,0,0_Normal,train
train/0_Normal/Normal (60).jpg,0,0_Normal,train
train/0_Normal/Normal (1469).jpg,0,0_Normal,train
train/0_Normal/Normal (2589).jpg,0,0_Normal,train
train/2_Pneumonia/Pneumonia-Bacterial (1744).jpg,2,2_Pneumonia,train
train/0_Normal/Normal (1629).jpg,0,0_Normal,train
validation/0_Normal/Normal (2723).jpg,0,0_Normal,train
train/1_Covid19/COVID-19 (688).jpg,1,1_Covid19,train
train/0_Normal/Normal (1522).jpg,0,0_Normal,train
validation/2_Pneumonia/Pneumonia-Viral (1085).jpg,2,2_Pneumonia,train
train/0_Normal/Normal (2091).jpg,0,0_Normal,train
train/1_Covid19/COVID-19 (789).jpg,1,1_Covid19,train
train/2_Pneumonia/Pneumonia-Bacterial (1393).jpg,2,2_Pneumonia,train
train/0_Normal/Normal (1034).jpg,0,0_Normal,train
train/2_Pneumonia/Pneumonia-Bacterial (2414).jpg,2,2_Pneumonia,train
train/2_Pneumonia/Pneumonia-Viral (425).jpg,2,2_Pneumonia,train
train/2_Pneumonia/Pneumonia-Bacterial (2947).jpg,2,2_Pneumonia,train
train/2_Pneumonia/Pneumonia-Viral (128).jpg,2,2_Pneumonia,train
train/2_Pneumonia/Pneumonia-Viral (502) (1).jpg,2,2_Pneumonia,train
train/2_Pneumonia/Pneumonia-Viral (238).jpg,2,2_Pneumonia,train
validation/2_Pneumonia/Pneumonia-Viral (1604).jpg,2,2_Pneumonia,train
train/2_Pneumonia/Pneumonia-Bacterial (619).jpg,2,2_Pneumonia,train
train/2_Pneumonia/Pneumonia-Bacterial (1012).jpg,2,2_Pneumonia,train
train/0_Normal/Normal (910).jpg,0,0_Normal,train
validation/1_Covid19/COVID-19 (1246).jpg,1,1_Covid19,train
train/2_Pneumonia/Pneumonia-Viral (467).jpg,2,2_Pneumonia,train
train/2_Pneumonia/Pneumonia-Bacterial (2814).jpg,2,2_Pneumonia,train
train/0_Normal/Normal (2086).jpg,0,0_Normal,train
train/2_Pneumonia/Pneumonia-Bacterial (221).jpg,2,2_Pneumonia,train
train/1_Covid19/COVID-19 (401).jpg,1,1_Covid19,train
train/0_Normal/Normal (1233).jpg,0,0_Normal,train
validation/0_Normal/Normal (2795).jpg,0,0_Normal,train
validation/2_Pneumonia/Pneumonia-Viral (861).jpg,2,2_Pneumonia,train
train/0_Normal/Normal (2060).jpg,0,0_Normal,train
train/2_Pneumonia/Pneumonia-Bacterial (1205).jpg,2,2_Pneumonia,train
train/0_Normal/Normal (2212).jpg,0,0_Normal,train
train/2_Pneumonia/Pneumonia-Bacterial (954).jpg,2,2_Pneumonia,train
train/2_Pneumonia/Pneumonia-Bacterial (2564).jpg,2,2_Pneumonia,train
train/2_Pneumonia/Pneumonia-Bacterial (483).jpg,2,2_Pneumonia,train
train/1_Covid19/COVID-19 (73).jpg,1,1_Covid19,train
train/0_Normal/Normal (58).jpg,0,0_Normal,train
train/2_Pneumonia/Pneumonia-Bacterial (1641).jpg,2,2_Pneumonia,train
train/0_Normal/Normal (319).jpg,0,0_Normal,train
train/2_Pneumonia/Pneumonia-Viral (175).jpg,2,2_Pneumonia,train
train/2_Pneumonia/Pneumonia-Bacterial (454).jpg,2,2_Pneumonia,train
train/1_Covid19/COVID-19 (565).jpg,1,1_Covid19,train
train/0_Normal/Normal (915).jpg,0,0_Normal,train
train/2_Pneumonia/Pneumonia-Bacterial (926).jpg,2,2_Pneumonia,train
train/1_Covid19/COVID-19 (166).jpg,1,1_Covid19,train
train/2_Pneumonia/Pneumonia-Viral (239).jpg,2,2_Pneumonia,train
train/1_Covid19/COVID-19 (742).jpg,1,1_Covid19,train
train/0_Normal/Normal (1636).jpg,0,0_Normal,train
train/0_Normal/Normal (941).jpg,0,0_Normal,train
train/0_Normal/Normal (2065).jpg,0,0_Normal,train
train/0_Normal/Normal (746).jpg,0,0_Normal,train
train/0_Normal/Normal (1923).jpg,0,0_Normal,train
train/0_Normal/Normal (1164).jpg,0,0_Normal,train
validation/0_Normal/Normal (3023).jpg,0,0_Normal,train
train/2_Pneumonia/Pneumonia-Bacterial (2227).jpg,2,2_Pneumonia,train
train/2_Pneumonia/Pneumonia-Bacterial (2495).jpg,2,2_Pneumonia,train
train/2_Pneumonia/Pneumonia-Bacterial (1417).jpg,2,2_Pneumonia,train
validation/0_Normal/Normal (3052).jpg,0,0_Normal,train
train/0_Normal/Normal (254).jpg,0,0_Normal,train
validation/2_Pneumonia/Pneumonia-Viral (1497).jpg,2,2_Pneumonia,train
train/2_Pneumonia/Pneumonia-Bacterial (2983).jpg,2,2_Pneumonia,train
validation/2_Pneumonia/Pneumonia-Viral (982).jpg,2,2_Pneumonia,train
train/0_Normal/Normal (1346).jpg,0,0_Normal,train
train/0_Normal/Normal (1380).jpg,0,0_Normal,train
train/2_Pneumonia/Pneumonia-Bacterial (748).jpg,2,2_Pneumonia,train
train/2_Pneumonia/Pneumonia-Viral (207).jpg,2,2_Pneumonia,train
train/0_Normal/Normal (538).jpg,0,0_Normal,train
train/0_Normal/Normal (2220).jpg,0,0_Normal,train
train/2_Pneumonia/Pneumonia-Viral (66).jpg,2,2_Pneumonia,train
train/0_Normal/Normal (1796).jpg,0,0_Normal,train
train/2_Pneumonia/Pneumonia-Bacterial (2057).jpg,2,2_Pneumonia,train
validation/0_Normal/Normal (2811).jpg,0,0_Normal,train
train/2_Pneumonia/Pneumonia-Bacterial (53).jpg,2,2_Pneumonia,train
train/0_Normal/Normal (2250).jpg,0,0_Normal,train
train/2_Pneumonia/Pneumonia-Bacterial (2579).jpg,2,2_Pneumonia,train
validation/2_Pneumonia/Pneumonia-Viral (1335).jpg,2,2_Pneumonia,train
train/2_Pneumonia/Pneumonia-Viral (450).jpg,2,2_Pneumonia,train
validation/1_Covid19/COVID-19 (1214).jpg,1,1_Covid19,train
train/2_Pneumonia/Pneumonia-Bacterial (2868).jpg,2,2_Pneumonia,train
train/0_Normal/Normal (1422).jpg,0,0_Normal,train
train/2_Pneumonia/Pneumonia-Bacterial (2552).jpg,2,2_Pneumonia,train
train/1_Covid19/COVID-19 (423).jpg,1,1_Covid19,train
train/2_Pneumonia/Pneumonia-Viral (705).jpg,2,2_Pneumonia,train
train/2_Pneumonia/Pneumonia-Bacterial (64).jpg,2,2_Pneumonia,train
train/2_Pneumonia/Pneumonia-Bacterial (2095).jpg,2,2_Pneumonia,train
validation/2_Pneumonia/Pneumonia-Viral (1208).jpg,2,2_Pneumonia,train
validation/2_Pneumonia/Pneumonia-Viral (1409).jpg,2,2_Pneumonia,train
train/2_Pneumonia/Pneumonia-Bacterial (2535).jpg,2,2_Pneumonia,train
train/1_Covid19/COVID-19 (83).jpg,1,1_Covid19,train
train/2_Pneumonia/Pneumonia-Viral (720).jpg,2,2_Pneumonia,train
train/1_Covid19/COVID-19 (747).jpg,1,1_Covid19,train
train/2_Pneumonia/Pneumonia-Bacterial (2412).jpg,2,2_Pneumonia,train
train/2_Pneumonia/Pneumonia-Bacterial (2066).jpg,2,2_Pneumonia,train
train/1_Covid19/COVID-19 (152).jpg,1,1_Covid19,train
train/2_Pneumonia/Pneumonia-Bacterial (2915).jpg,2,2_Pneumonia,train
train/1_Covid19/COVID-19 (1007).jpg,1,1_Covid19,train
train/2_Pneumonia/Pneumonia-Bacterial (1714).jpg,2,2_Pneumonia,train
train/2_Pneumonia/Pneumonia-Bacterial (2048).jpg,2,2_Pneumonia,train
train/2_Pneumonia/Pneumonia-Viral (324).jpg,2,2_Pneumonia,train
train/0_Normal/Normal (2305).jpg,0,0_Normal,train
validation/0_Normal/Normal (3020).jpg,0,0_Normal,train
train/0_Normal/Normal (604).jpg,0,0_Normal,train
train/2_Pneumonia/Pneumonia-Bacterial (1901).jpg,2,2_Pneumonia,train
train/2_Pneumonia/Pneumonia-Bacterial (2973).jpg,2,2_Pneumonia,train
validation/0_Normal/Normal (2665).jpg,0,0_Normal,train
train/0_Normal/Normal (1613).jpg,0,0_Normal,train
train/2_Pneumonia/Pneumonia-Bacterial (1136).jpg,2,2_Pneumonia,train
train/2_Pneumonia/Pneumonia-Bacterial (1853).jpg,2,2_Pneumonia,train
validation/0_Normal/Normal (2845).jpg,0,0_Normal,train
train/0_Normal/Normal (1806).jpg,0,0_Normal,train
train/2_Pneumonia/Pneumonia-Bacterial (948).jpg,2,2_Pneumonia,train
train/0_Normal/Normal (1073).jpg,0,0_Normal,train
train/2_Pneumonia/Pneumonia-Bacterial (464).jpg,2,2_Pneumonia,train
train/2_Pneumonia/Pneumonia-Bacterial (1786).jpg,2,2_Pneumonia,train
train/2_Pneumonia/Pneumonia-Viral (439).jpg,2,2_Pneumonia,train
train/0_Normal/Normal (1196).jpg,0,0_Normal,train
train/0_Normal/Normal (1495).jpg,0,0_Normal,train
train/2_Pneumonia/Pneumonia-Bacterial (2133).jpg,2,2_Pneumonia,train
train/1_Covid19/COVID-19 (846).jpg,1,1_Covid19,train
validation/2_Pneumonia/Pneumonia-Viral (1397).jpg,2,2_Pneumonia,train
train/0_Normal/Normal (2446).jpg,0,0_Normal,train
train/2_Pneumonia/Pneumonia-Bacterial (918).jpg,2,2_Pneumonia,train
train/0_Normal/Normal (814).jpg,0,0_Normal,train
train/2_Pneumonia/Pneumonia-Bacterial (2262).jpg,2,2_Pneumonia,train
train/2_Pneumonia/Pneumonia-Bacterial (2421).jpg,2,2_Pneumonia,train
train/0_Normal/Normal (1554).jpg,0,0_Normal,train
validation/2_Pneumonia/Pneumonia-Viral (1474).jpg,2,2_Pneumonia,train
validation/1_Covid19/COVID-19 (1186).jpg,1,1_Covid19,train
train/2_Pneumonia/Pneumonia-Bacterial (2801).jpg,2,2_Pneumonia,train
validation/2_Pneumonia/Pneumonia-Viral (1139).jpg,2,2_Pneumonia,train
train/0_Normal/Normal (2055).jpg,0,0_Normal,train
train/2_Pneumonia/Pneumonia-Bacterial (2426).jpg,2,2_Pneumonia,train
validation/2_Pneumonia/Pneumonia-Viral (1551).jpg,2,2_Pneumonia,train
validation/0_Normal/Normal (2664).jpg,0,0_Normal,train
train/0_Normal/Normal (1719).jpg,0,0_Normal,train
train/0_Normal/Normal (2573).jpg,0,0_Normal,train
validation/1_Covid19/COVID-19 (1204).jpg,1,1_Covid19,train
train/2_Pneumonia/Pneumonia-Bacterial (1692).jpg,2,2_Pneumonia,train
train/0_Normal/Normal (673).jpg,0,0_Normal,train
train/0_Normal/Normal (502).jpg,0,0_Normal,train
train/0_Normal/Normal (2498).jpg,0,0_Normal,train
train/0_Normal/Normal (89).jpg,0,0_Normal,train
train/0_Normal/Normal (1310).jpg,0,0_Normal,train
validation/2_Pneumonia/Pneumonia-Viral (922).jpg,2,2_Pneumonia,train
train/2_Pneumonia/Pneumonia-Bacterial (2427).jpg,2,2_Pneumonia,train
train/0_Normal/Normal (1593).jpg,0,0_Normal,train
train/1_Covid19/COVID-19 (819).jpg,1,1_Covid19,train
train/2_Pneumonia/Pneumonia-Bacterial (1668).jpg,2,2_Pneumonia,train
train/2_Pneumonia/Pneumonia-Viral (432).jpg,2,2_Pneumonia,train
train/2_Pneumonia/Pneumonia-Bacterial (59).jpg,2,2_Pneumonia,train
train/2_Pneumonia/Pneumonia-Bacterial (1761).jpg,2,2_Pneumonia,train
train/2_Pneumonia/Pneumonia-Viral (501) (1).jpg,2,2_Pneumonia,train
train/2_Pneumonia/Pneumonia-Bacterial (1366).jpg,2,2_Pneumonia,train
train/1_Covid19/COVID-19 (980).jpg,1,1_Covid19,train
train/0_Normal/Normal (1538).jpg,0,0_Normal,train
train/2_Pneumonia/Pneumonia-Bacterial (815).jpg,2,2_Pneumonia,train
train/0_Normal/Normal (1812).jpg,0,0_Normal,train
validation/2_Pneumonia/Pneumonia-Viral (1333).jpg,2,2_Pneumonia,train
train/0_Normal/Normal (1315).jpg,0,0_Normal,train
train/2_Pneumonia/Pneumonia-Bacterial (612).jpg,2,2_Pneumonia,train
train/2_Pneumonia/Pneumonia-Bacterial (1073).jpg,2,2_Pneumonia,train
validation/1_Covid19/COVID-19 (1033).jpg,1,1_Covid19,train
validation/2_Pneumonia/Pneumonia-Viral (1384).jpg,2,2_Pneumonia,train
train/2_Pneumonia/Pneumonia-Bacterial (2104).jpg,2,2_Pneumonia,train
validation/0_Normal/Normal (2802).jpg,0,0_Normal,train
validation/0_Normal/Normal (3104).jpg,0,0_Normal,train
train/2_Pneumonia/Pneumonia-Viral (32).jpg,2,2_Pneumonia,train
validation/2_Pneumonia/Pneumonia-Viral (1219).jpg,2,2_Pneumonia,train
train/0_Normal/Normal (2160).jpg,0,0_Normal,train
train/2_Pneumonia/Pneumonia-Bacterial (2525).jpg,2,2_Pneumonia,train
train/0_Normal/Normal (2433).jpg,0,0_Normal,train
train/2_Pneumonia/Pneumonia-Bacterial (2577).jpg,2,2_Pneumonia,train
train/1_Covid19/COVID-19 (769).jpg,1,1_Covid19,train
train/2_Pneumonia/Pneumonia-Bacterial (68).jpg,2,2_Pneumonia,train
train/1_Covid19/COVID-19 (48).jpg,1,1_Covid19,train
train/0_Normal/Normal (800).jpg,0,0_Normal,train
train/2_Pneumonia/Pneumonia-Viral (290).jpg,2,2_Pneumonia,train
validation/2_Pneumonia/Pneumonia-Viral (1552).jpg,2,2_Pneumonia,train
train/2_Pneumonia/Pneumonia-Bacterial (2072).jpg,2,2_Pneumonia,train
train/2_Pneumonia/Pneumonia-Bacterial (769).jpg,2,2_Pneumonia,train
validation/0_Normal/Normal (2625).jpg,0,0_Normal,train
train/0_Normal/Normal (1086).jpg,0,0_Normal,train
train/2_Pneumonia/Pneumonia-Bacterial (576).jpg,2,2_Pneumonia,train
train/1_Covid19/COVID-19 (511).jpg,1,1_Covid19,train
train/0_Normal/Normal (2264).jpg,0,0_Normal,train
train/0_Normal/Normal (690).jpg,0,0_Normal,train
train/2_Pneumonia/Pneumonia-Bacterial (731).jpg,2,2_Pneumonia,train
validation/2_Pneumonia/Pneumonia-Viral (866).jpg,2,2_Pneumonia,train
train/1_Covid19/COVID-19 (1018).jpg,1,1_Covid19,train
train/0_Normal/Normal (2197).jpg,0,0_Normal,train
train/0_Normal/Normal (501).jpg,0,0_Normal,train
train/0_Normal/Normal (2116).jpg,0,0_Normal,train
train/0_Normal/Normal (1026).jpg,0,0_Normal,train
train/2_Pneumonia/Pneumonia-Bacterial (1783).jpg,2,2_Pneumonia,train
validation/0_Normal/Normal (2735).jpg,0,0_Normal,train
train/2_Pneumonia/Pneumonia-Bacterial (2986).jpg,2,2_Pneumonia,train
train/2_Pneumonia/Pneumonia-Bacterial (1500).jpg,2,2_Pneumonia,train
train/2_Pneumonia/Pneumonia-Viral (399).jpg,2,2_Pneumonia,train
validation/0_Normal/Normal (2621).jpg,0,0_Normal,train
train/2_Pneumonia/Pneumonia-Bacterial (1893).jpg,2,2_Pneumonia,train
train/1_Covid19/COVID-19 (761).jpg,1,1_Covid19,train
train/2_Pneumonia/Pneumonia-Bacterial (1388).jpg,2,2_Pneumonia,train
train/0_Normal/Normal (229).jpg,0,0_Normal,train
train/1_Covid19/COVID-19 (776).jpg,1,1_Covid19,train
train/2_Pneumonia/Pneumonia-Bacterial (616).jpg,2,2_Pneumonia,train
validation/1_Covid19/COVID-19 (1114).jpg,1,1_Covid19,train
validation/2_Pneumonia/Pneumonia-Viral (1094).jpg,2,2_Pneumonia,train
train/2_Pneumonia/Pneumonia-Viral (679).jpg,2,2_Pneumonia,train
train/2_Pneumonia/Pneumonia-Bacterial (782).jpg,2,2_Pneumonia,train
train/1_Covid19/COVID-19 (499).jpg,1,1_Covid19,train
train/2_Pneumonia/Pneumonia-Viral (208).jpg,2,2_Pneumonia,train
validation/2_Pneumonia/Pneumonia-Viral (955).jpg,2,2_Pneumonia,train
train/2_Pneumonia/Pneumonia-Viral (396).jpg,2,2_Pneumonia,train
train/1_Covid19/COVID-19 (910).jpg,1,1_Covid19,train
train/0_Normal/Normal (1697).jpg,0,0_Normal,train
train/1_Covid19/COVID-19 (383).jpg,1,1_Covid19,train
train/2_Pneumonia/Pneumonia-Bacterial (888).jpg,2,2_Pneumonia,train
train/0_Normal/Normal (2311).jpg,0,0_Normal,train
train/0_Normal/Normal (1700).jpg,0,0_Normal,train
train/1_Covid19/COVID-19 (297).jpg,1,1_Covid19,train
train/2_Pneumonia/Pneumonia-Bacterial (1373).jpg,2,2_Pneumonia,train
validation/0_Normal/Normal (2884).jpg,0,0_Normal,train
train/2_Pneumonia/Pneumonia-Bacterial (2708).jpg,2,2_Pneumonia,train
validation/0_Normal/Normal (2772).jpg,0,0_Normal,train
validation/0_Normal/Normal (3207).jpg,0,0_Normal,train
validation/2_Pneumonia/Pneumonia-Viral (1170).jpg,2,2_Pneumonia,train
train/1_Covid19/COVID-19 (365).jpg,1,1_Covid19,train
train/0_Normal/Normal (1048).jpg,0,0_Normal,train
validation/1_Covid19/COVID-19 (1260).jpg,1,1_Covid19,train
train/1_Covid19/COVID-19 (408).jpg,1,1_Covid19,train
train/2_Pneumonia/Pneumonia-Bacterial (1323).jpg,2,2_Pneumonia,train
train/2_Pneumonia/Pneumonia-Bacterial (307).jpg,2,2_Pneumonia,train
train/0_Normal/Normal (1691).jpg,0,0_Normal,train
train/1_Covid19/COVID-19 (226).jpg,1,1_Covid19,train
validation/2_Pneumonia/Pneumonia-Viral (1429).jpg,2,2_Pneumonia,train
validation/2_Pneumonia/Pneumonia-Viral (1225).jpg,2,2_Pneumonia,train
train/0_Normal/Normal (2518).jpg,0,0_Normal,train
train/1_Covid19/COVID-19 (125).jpg,1,1_Covid19,train
train/2_Pneumonia/Pneumonia-Bacterial (2304).jpg,2,2_Pneumonia,train
train/2_Pneumonia/Pneumonia-Bacterial (1116).jpg,2,2_Pneumonia,train
validation/1_Covid19/COVID-19 (1254).jpg,1,1_Covid19,train
train/2_Pneumonia/Pneumonia-Viral (115).jpg,2,2_Pneumonia,train
train/0_Normal/Normal (2193).jpg,0,0_Normal,train
train/2_Pneumonia/Pneumonia-Bacterial (2673).jpg,2,2_Pneumonia,train
train/0_Normal/Normal (2165).jpg,0,0_Normal,train
train/0_Normal/Normal (700).jpg,0,0_Normal,train
validation/0_Normal/Normal (2757).jpg,0,0_Normal,train
train/1_Covid19/COVID-19 (824).jpg,1,1_Covid19,train
train/2_Pneumonia/Pneumonia-Bacterial (110).jpg,2,2_Pneumonia,train
train/0_Normal/Normal (2151).jpg,0,0_Normal,train
train/2_Pneumonia/Pneumonia-Bacterial (704).jpg,2,2_Pneumonia,train
train/2_Pneumonia/Pneumonia-Bacterial (106).jpg,2,2_Pneumonia,train
train/2_Pneumonia/Pneumonia-Viral (566).jpg,2,2_Pneumonia,train
train/0_Normal/Normal (456).jpg,0,0_Normal,train
train/0_Normal/Normal (770).jpg,0,0_Normal,train
validation/2_Pneumonia/Pneumonia-Viral (849).jpg,2,2_Pneumonia,train
validation/1_Covid19/COVID-19 (1115).jpg,1,1_Covid19,train
train/2_Pneumonia/Pneumonia-Bacterial (1014).jpg,2,2_Pneumonia,train
train/2_Pneumonia/Pneumonia-Bacterial (1859).jpg,2,2_Pneumonia,train
train/0_Normal/Normal (400).jpg,0,0_Normal,train
train/0_Normal/Normal (596).jpg,0,0_Normal,train
train/0_Normal/Normal (603).jpg,0,0_Normal,train
train/0_Normal/Normal (1369).jpg,0,0_Normal,train
train/0_Normal/Normal (965).jpg,0,0_Normal,train
train/0_Normal/Normal (285).jpg,0,0_Normal,train
train/2_Pneumonia/Pneumonia-Bacterial (2205).jpg,2,2_Pneumonia,train
train/0_Normal/Normal (1447).jpg,0,0_Normal,train
train/2_Pneumonia/Pneumonia-Viral (365).jpg,2,2_Pneumonia,train
validation/0_Normal/Normal (2671).jpg,0,0_Normal,train
validation/0_Normal/Normal (3216).jpg,0,0_Normal,train
train/0_Normal/Normal (2031).jpg,0,0_Normal,train
train/0_Normal/Normal (1402).jpg,0,0_Normal,train
validation/0_Normal/Normal (2827).jpg,0,0_Normal,train
train/0_Normal/Normal (1279).jpg,0,0_Normal,train
train/1_Covid19/COVID-19 (305).jpg,1,1_Covid19,train
train/2_Pneumonia/Pneumonia-Bacterial (139).jpg,2,2_Pneumonia,train
validation/0_Normal/Normal (3217).jpg,0,0_Normal,train
validation/1_Covid19/COVID-19 (1251).jpg,1,1_Covid19,train
validation/2_Pneumonia/Pneumonia-Viral (819).jpg,2,2_Pneumonia,train
train/2_Pneumonia/Pneumonia-Bacterial (853).jpg,2,2_Pneumonia,train
train/2_Pneumonia/Pneumonia-Viral (553).jpg,2,2_Pneumonia,train
train/2_Pneumonia/Pneumonia-Bacterial (1043).jpg,2,2_Pneumonia,train
train/0_Normal/Normal (2528).jpg,0,0_Normal,train
train/0_Normal/Normal (2229).jpg,0,0_Normal,train
validation/2_Pneumonia/Pneumonia-Viral (1044).jpg,2,2_Pneumonia,train
train/2_Pneumonia/Pneumonia-Bacterial (1327).jpg,2,2_Pneumonia,train
validation/0_Normal/Normal (2720).jpg,0,0_Normal,train
train/2_Pneumonia/Pneumonia-Bacterial (2054).jpg,2,2_Pneumonia,train
train/1_Covid19/COVID-19 (175).jpg,1,1_Covid19,train
train/0_Normal/Normal (1869).jpg,0,0_Normal,train
train/0_Normal/Normal (1179).jpg,0,0_Normal,train
train/0_Normal/Normal (154).jpg,0,0_Normal,train
train/0_Normal/Normal (2219).jpg,0,0_Normal,train
train/2_Pneumonia/Pneumonia-Bacterial (493).jpg,2,2_Pneumonia,train
train/0_Normal/Normal (1831).jpg,0,0_Normal,train
train/0_Normal/Normal (1892).jpg,0,0_Normal,train
validation/1_Covid19/COVID-19 (1127).jpg,1,1_Covid19,train
train/0_Normal/Normal (1110).jpg,0,0_Normal,train
validation/2_Pneumonia/Pneumonia-Viral (747).jpg,2,2_Pneumonia,train
train/0_Normal/Normal (585).jpg,0,0_Normal,train
train/2_Pneumonia/Pneumonia-Viral (331).jpg,2,2_Pneumonia,train
train/2_Pneumonia/Pneumonia-Bacterial (1238).jpg,2,2_Pneumonia,train
train/0_Normal/Normal (1252).jpg,0,0_Normal,train
train/0_Normal/Normal (20).jpg,0,0_Normal,train
train/1_Covid19/COVID-19 (247).jpg,1,1_Covid19,train
train/2_Pneumonia/Pneumonia-Bacterial (430).jpg,2,2_Pneumonia,train
train/2_Pneumonia/Pneumonia-Bacterial (278).jpg,2,2_Pneumonia,train
train/0_Normal/Normal (581).jpg,0,0_Normal,train
train/0_Normal/Normal (1342).jpg,0,0_Normal,train
validation/2_Pneumonia/Pneumonia-Viral (776).jpg,2,2_Pneumonia,train
train/2_Pneumonia/Pneumonia-Bacterial (356).jpg,2,2_Pneumonia,train
train/2_Pneumonia/Pneumonia-Bacterial (1287).jpg,2,2_Pneumonia,train
train/2_Pneumonia/Pneumonia-Viral (459).jpg,2,2_Pneumonia,train
train/2_Pneumonia/Pneumonia-Bacterial (499).jpg,2,2_Pneumonia,train
train/2_Pneumonia/Pneumonia-Bacterial (2971).jpg,2,2_Pneumonia,train
train/2_Pneumonia/Pneumonia-Bacterial (1243).jpg,2,2_Pneumonia,train
validation/1_Covid19/COVID-19 (1227).jpg,1,1_Covid19,train
validation/0_Normal/Normal (2645).jpg,0,0_Normal,train
train/2_Pneumonia/Pneumonia-Viral (694).jpg,2,2_Pneumonia,train
train/2_Pneumonia/Pneumonia-Bacterial (2792).jpg,2,2_Pneumonia,train
train/2_Pneumonia/Pneumonia-Viral (300).jpg,2,2_Pneumonia,train
train/0_Normal/Normal (1389).jpg,0,0_Normal,train
train/2_Pneumonia/Pneumonia-Bacterial (2652).jpg,2,2_Pneumonia,train
train/0_Normal/Normal (1326).jpg,0,0_Normal,train
validation/0_Normal/Normal (2980).jpg,0,0_Normal,train
train/0_Normal/Normal (1108).jpg,0,0_Normal,train
train/1_Covid19/COVID-19 (561).jpg,1,1_Covid19,train
train/2_Pneumonia/Pneumonia-Bacterial (953).jpg,2,2_Pneumonia,train
train/2_Pneumonia/Pneumonia-Viral (479).jpg,2,2_Pneumonia,train
train/0_Normal/Normal (1445).jpg,0,0_Normal,train
train/0_Normal/Normal (2198).jpg,0,0_Normal,train
train/0_Normal/Normal (650).jpg,0,0_Normal,train
train/2_Pneumonia/Pneumonia-Bacterial (1191).jpg,2,2_Pneumonia,train
train/2_Pneumonia/Pneumonia-Bacterial (1976).jpg,2,2_Pneumonia,train
train/0_Normal/Normal (950).jpg,0,0_Normal,train
train/2_Pneumonia/Pneumonia-Viral (503).jpg,2,2_Pneumonia,train
train/2_Pneumonia/Pneumonia-Bacterial (800).jpg,2,2_Pneumonia,train
train/0_Normal/Normal (1717).jpg,0,0_Normal,train
train/2_Pneumonia/Pneumonia-Bacterial (1919).jpg,2,2_Pneumonia,train
validation/2_Pneumonia/Pneumonia-Viral (1603).jpg,2,2_Pneumonia,train
train/2_Pneumonia/Pneumonia-Bacterial (2978).jpg,2,2_Pneumonia,train
train/2_Pneumonia/Pneumonia-Viral (154).jpg,2,2_Pneumonia,train
train/2_Pneumonia/Pneumonia-Bacterial (190).jpg,2,2_Pneumonia,train
train/2_Pneumonia/Pneumonia-Bacterial (802).jpg,2,2_Pneumonia,train
train/2_Pneumonia/Pneumonia-Bacterial (956).jpg,2,2_Pneumonia,train
train/0_Normal/Normal (239).jpg,0,0_Normal,train
train/0_Normal/Normal (1655).jpg,0,0_Normal,train
train/2_Pneumonia/Pneumonia-Bacterial (1586).jpg,2,2_Pneumonia,train
train/1_Covid19/COVID-19 (239).jpg,1,1_Covid19,train
train/0_Normal/Normal (858).jpg,0,0_Normal,train
train/1_Covid19/COVID-19 (295).jpg,1,1_Covid19,train
train/1_Covid19/COVID-19 (969).jpg,1,1_Covid19,train
train/0_Normal/Normal (366).jpg,0,0_Normal,train
train/1_Covid19/COVID-19 (137).jpg,1,1_Covid19,train
validation/2_Pneumonia/Pneumonia-Viral (1385).jpg,2,2_Pneumonia,train
train/2_Pneumonia/Pneumonia-Viral (349).jpg,2,2_Pneumonia,train
train/2_Pneumonia/Pneumonia-Bacterial (865).jpg,2,2_Pneumonia,train
train/2_Pneumonia/Pneumonia-Bacterial (1494).jpg,2,2_Pneumonia,train
train/2_Pneumonia/Pneumonia-Viral (659).jpg,2,2_Pneumonia,train
train/0_Normal/Normal (902).jpg,0,0_Normal,train
train/0_Normal/Normal (2377).jpg,0,0_Normal,train
train/2_Pneumonia/Pneumonia-Bacterial (494).jpg,2,2_Pneumonia,train
validation/2_Pneumonia/Pneumonia-Viral (1447).jpg,2,2_Pneumonia,train
train/2_Pneumonia/Pneumonia-Bacterial (2639).jpg,2,2_Pneumonia,train
validation/0_Normal/Normal (2814).jpg,0,0_Normal,train
train/1_Covid19/COVID-19 (44).jpg,1,1_Covid19,train
validation/0_Normal/Normal (2984).jpg,0,0_Normal,train
train/0_Normal/Normal (374).jpg,0,0_Normal,train
validation/0_Normal/Normal (3220).jpg,0,0_Normal,train
train/2_Pneumonia/Pneumonia-Bacterial (2724).jpg,2,2_Pneumonia,train
train/2_Pneumonia/Pneumonia-Viral (254).jpg,2,2_Pneumonia,train
train/2_Pneumonia/Pneumonia-Viral (707).jpg,2,2_Pneumonia,train
train/2_Pneumonia/Pneumonia-Viral (667).jpg,2,2_Pneumonia,train
train/2_Pneumonia/Pneumonia-Bacterial (945).jpg,2,2_Pneumonia,train
train/2_Pneumonia/Pneumonia-Bacterial (1163).jpg,2,2_Pneumonia,train
train/0_Normal/Normal (2041).jpg,0,0_Normal,train
train/0_Normal/Normal (2504).jpg,0,0_Normal,train
train/1_Covid19/COVID-19 (306).jpg,1,1_Covid19,train
validation/2_Pneumonia/Pneumonia-Viral (802).jpg,2,2_Pneumonia,train
validation/2_Pneumonia/Pneumonia-Viral (1453).jpg,2,2_Pneumonia,train
train/2_Pneumonia/Pneumonia-Bacterial (34).jpg,2,2_Pneumonia,train
train/2_Pneumonia/Pneumonia-Viral (713).jpg,2,2_Pneumonia,train
validation/2_Pneumonia/Pneumonia-Viral (841).jpg,2,2_Pneumonia,train
train/1_Covid19/COVID-19 (242).jpg,1,1_Covid19,train
train/2_Pneumonia/Pneumonia-Viral (117).jpg,2,2_Pneumonia,train
train/1_Covid19/COVID-19 (936).jpg,1,1_Covid19,train
validation/2_Pneumonia/Pneumonia-Viral (1515).jpg,2,2_Pneumonia,train
validation/1_Covid19/COVID-19 (1237).jpg,1,1_Covid19,train
train/2_Pneumonia/Pneumonia-Bacterial (536).jpg,2,2_Pneumonia,train
validation/0_Normal/Normal (3071).jpg,0,0_Normal,train
train/1_Covid19/COVID-19 (921).jpg,1,1_Covid19,train
train/0_Normal/Normal (740).jpg,0,0_Normal,train
validation/2_Pneumonia/Pneumonia-Viral (1508).jpg,2,2_Pneumonia,train
train/2_Pneumonia/Pneumonia-Viral (535).jpg,2,2_Pneumonia,train
validation/2_Pneumonia/Pneumonia-Viral (1574).jpg,2,2_Pneumonia,train
train/1_Covid19/COVID-19 (845).jpg,1,1_Covid19,train
train/0_Normal/Normal (278).jpg,0,0_Normal,train
train/0_Normal/Normal (1273).jpg,0,0_Normal,train
train/0_Normal/Normal (2582).jpg,0,0_Normal,train
train/2_Pneumonia/Pneumonia-Bacterial (998).jpg,2,2_Pneumonia,train
train/2_Pneumonia/Pneumonia-Bacterial (1223).jpg,2,2_Pneumonia,train
train/0_Normal/Normal (161).jpg,0,0_Normal,train
train/0_Normal/Normal (1400).jpg,0,0_Normal,train
train/2_Pneumonia/Pneumonia-Viral (372).jpg,2,2_Pneumonia,train
validation/1_Covid19/COVID-19 (1202).jpg,1,1_Covid19,train
train/0_Normal/Normal (1260).jpg,0,0_Normal,train
train/0_Normal/Normal (2463).jpg,0,0_Normal,train
train/2_Pneumonia/Pneumonia-Bacterial (1637).jpg,2,2_Pneumonia,train
train/1_Covid19/COVID-19 (827).jpg,1,1_Covid19,train
validation/0_Normal/Normal (2981).jpg,0,0_Normal,train
train/0_Normal/Normal (2066).jpg,0,0_Normal,train
train/0_Normal/Normal (2218).jpg,0,0_Normal,train
validation/2_Pneumonia/Pneumonia-Viral (1324).jpg,2,2_Pneumonia,train
train/0_Normal/Normal (1053).jpg,0,0_Normal,train
train/2_Pneumonia/Pneumonia-Bacterial (2924).jpg,2,2_Pneumonia,train
train/2_Pneumonia/Pneumonia-Viral (269).jpg,2,2_Pneumonia,train
validation/2_Pneumonia/Pneumonia-Viral (1135).jpg,2,2_Pneumonia,train
train/0_Normal/Normal (165).jpg,0,0_Normal,train
train/1_Covid19/COVID-19 (428).jpg,1,1_Covid19,train
train/0_Normal/Normal (1595).jpg,0,0_Normal,train
train/2_Pneumonia/Pneumonia-Bacterial (1436).jpg,2,2_Pneumonia,train
train/2_Pneumonia/Pneumonia-Bacterial (2170).jpg,2,2_Pneumonia,train
validation/2_Pneumonia/Pneumonia-Viral (1297).jpg,2,2_Pneumonia,train
train/2_Pneumonia/Pneumonia-Bacterial (701).jpg,2,2_Pneumonia,train
validation/2_Pneumonia/Pneumonia-Viral (870).jpg,2,2_Pneumonia,train
train/2_Pneumonia/Pneumonia-Bacterial (1607).jpg,2,2_Pneumonia,train
train/0_Normal/Normal (1268).jpg,0,0_Normal,train
train/2_Pneumonia/Pneumonia-Bacterial (713).jpg,2,2_Pneumonia,train
train/0_Normal/Normal (1277).jpg,0,0_Normal,train
train/0_Normal/Normal (555).jpg,0,0_Normal,train
validation/2_Pneumonia/Pneumonia-Viral (1478).jpg,2,2_Pneumonia,train
train/1_Covid19/COVID-19 (902).jpg,1,1_Covid19,train
train/1_Covid19/COVID-19 (878).jpg,1,1_Covid19,train
train/0_Normal/Normal (2194).jpg,0,0_Normal,train
validation/2_Pneumonia/Pneumonia-Viral (1291).jpg,2,2_Pneumonia,train
train/2_Pneumonia/Pneumonia-Bacterial (37).jpg,2,2_Pneumonia,train
train/0_Normal/Normal (1582).jpg,0,0_Normal,train
train/2_Pneumonia/Pneumonia-Viral (50).jpg,2,2_Pneumonia,train
train/0_Normal/Normal (53).jpg,0,0_Normal,train
train/2_Pneumonia/Pneumonia-Bacterial (1934).jpg,2,2_Pneumonia,train
train/2_Pneumonia/Pneumonia-Bacterial (1967).jpg,2,2_Pneumonia,train
validation/2_Pneumonia/Pneumonia-Viral (1249).jpg,2,2_Pneumonia,train
validation/1_Covid19/COVID-19 (1213).jpg,1,1_Covid19,train
validation/0_Normal/Normal (2953).jpg,0,0_Normal,train
train/0_Normal/Normal (328).jpg,0,0_Normal,train
train/2_Pneumonia/Pneumonia-Bacterial (65).jpg,2,2_Pneumonia,train
train/2_Pneumonia/Pneumonia-Bacterial (662).jpg,2,2_Pneumonia,train
train/0_Normal/Normal (580).jpg,0,0_Normal,train
train/0_Normal/Normal (1095).jpg,0,0_Normal,train
train/1_Covid19/COVID-19 (961).jpg,1,1_Covid19,train
train/2_Pneumonia/Pneumonia-Viral (447).jpg,2,2_Pneumonia,train
validation/0_Normal/Normal (3162).jpg,0,0_Normal,train
train/1_Covid19/COVID-19 (391).jpg,1,1_Covid19,train
train/0_Normal/Normal (264).jpg,0,0_Normal,train
validation/0_Normal/Normal (2908).jpg,0,0_Normal,train
train/2_Pneumonia/Pneumonia-Bacterial (2866).jpg,2,2_Pneumonia,train
train/0_Normal/Normal (2569).jpg,0,0_Normal,train
train/0_Normal/Normal (1633).jpg,0,0_Normal,train
train/2_Pneumonia/Pneumonia-Bacterial (1579).jpg,2,2_Pneumonia,train
validation/1_Covid19/COVID-19 (1069).jpg,1,1_Covid19,train
train/2_Pneumonia/Pneumonia-Bacterial (1685).jpg,2,2_Pneumonia,train
train/2_Pneumonia/Pneumonia-Bacterial (2317).jpg,2,2_Pneumonia,train
train/1_Covid19/COVID-19 (156).jpg,1,1_Covid19,train
train/2_Pneumonia/Pneumonia-Bacterial (1006).jpg,2,2_Pneumonia,train
validation/0_Normal/Normal (3253).jpg,0,0_Normal,train
train/0_Normal/Normal (2210).jpg,0,0_Normal,train
train/0_Normal/Normal (1912).jpg,0,0_Normal,train
train/2_Pneumonia/Pneumonia-Bacterial (2833).jpg,2,2_Pneumonia,train
train/2_Pneumonia/Pneumonia-Bacterial (2512).jpg,2,2_Pneumonia,train
train/0_Normal/Normal (2529).jpg,0,0_Normal,train
train/2_Pneumonia/Pneumonia-Bacterial (245).jpg,2,2_Pneumonia,train
train/2_Pneumonia/Pneumonia-Bacterial (2161).jpg,2,2_Pneumonia,train
train/2_Pneumonia/Pneumonia-Bacterial (1843).jpg,2,2_Pneumonia,train
train/2_Pneumonia/Pneumonia-Bacterial (2210).jpg,2,2_Pneumonia,train
train/1_Covid19/COVID-19 (622).jpg,1,1_Covid19,train
train/2_Pneumonia/Pneumonia-Viral (56).jpg,2,2_Pneumonia,train
validation/2_Pneumonia/Pneumonia-Viral (1454).jpg,2,2_Pneumonia,train
validation/0_Normal/Normal (2780).jpg,0,0_Normal,train
train/2_Pneumonia/Pneumonia-Bacterial (2288).jpg,2,2_Pneumonia,train
train/0_Normal/Normal (1804).jpg,0,0_Normal,train
train/2_Pneumonia/Pneumonia-Bacterial (2667).jpg,2,2_Pneumonia,train
train/2_Pneumonia/Pneumonia-Bacterial (2197).jpg,2,2_Pneumonia,train
train/2_Pneumonia/Pneumonia-Bacterial (2558).jpg,2,2_Pneumonia,train
train/2_Pneumonia/Pneumonia-Bacterial (488).jpg,2,2_Pneumonia,train
train/0_Normal/Normal (1861).jpg,0,0_Normal,train
train/2_Pneumonia/Pneumonia-Viral (344).jpg,2,2_Pneumonia,train
train/1_Covid19/COVID-19 (524).jpg,1,1_Covid19,train
train/0_Normal/Normal (2435).jpg,0,0_Normal,train
train/2_Pneumonia/Pneumonia-Viral (345).jpg,2,2_Pneumonia,train
validation/0_Normal/Normal (2679).jpg,0,0_Normal,train
train/0_Normal/Normal (2584).jpg,0,0_Normal,train
validation/2_Pneumonia/Pneumonia-Viral (1198).jpg,2,2_Pneumonia,train
validation/2_Pneumonia/Pneumonia-Viral (1064).jpg,2,2_Pneumonia,train
train/0_Normal/Normal (550).jpg,0,0_Normal,train
validation/2_Pneumonia/Pneumonia-Viral (999).jpg,2,2_Pneumonia,train
validation/0_Normal/Normal (3105).jpg,0,0_Normal,train
train/0_Normal/Normal (1966).jpg,0,0_Normal,train
train/2_Pneumonia/Pneumonia-Viral (564).jpg,2,2_Pneumonia,train
train/1_Covid19/COVID-19 (944).jpg,1,1_Covid19,train
train/0_Normal/Normal (391).jpg,0,0_Normal,train
train/0_Normal/Normal (1666).jpg,0,0_Normal,train
train/2_Pneumonia/Pneumonia-Bacterial (2411).jpg,2,2_Pneumonia,train
train/1_Covid19/COVID-19 (771).jpg,1,1_Covid19,train
validation/0_Normal/Normal (2956).jpg,0,0_Normal,train
train/2_Pneumonia/Pneumonia-Bacterial (1572).jpg,2,2_Pneumonia,train
train/0_Normal/Normal (794).jpg,0,0_Normal,train
validation/1_Covid19/COVID-19 (1093).jpg,1,1_Covid19,train
train/0_Normal/Normal (1925).jpg,0,0_Normal,train
train/1_Covid19/COVID-19 (218).jpg,1,1_Covid19,train
train/1_Covid19/COVID-19 (847).jpg,1,1_Covid19,train
train/2_Pneumonia/Pneumonia-Viral (92).jpg,2,2_Pneumonia,train
train/2_Pneumonia/Pneumonia-Bacterial (2397).jpg,2,2_Pneumonia,train
train/1_Covid19/COVID-19 (791).jpg,1,1_Covid19,train
train/0_Normal/Normal (2353).jpg,0,0_Normal,train
train/2_Pneumonia/Pneumonia-Viral (257).jpg,2,2_Pneumonia,train
train/2_Pneumonia/Pneumonia-Viral (509) (1).jpg,2,2_Pneumonia,train
validation/2_Pneumonia/Pneumonia-Viral (1310).jpg,2,2_Pneumonia,train
validation/0_Normal/Normal (3056).jpg,0,0_Normal,train
validation/2_Pneumonia/Pneumonia-Viral (943).jpg,2,2_Pneumonia,train
train/1_Covid19/COVID-19 (750).jpg,1,1_Covid19,train
validation/0_Normal/Normal (2975).jpg,0,0_Normal,train
train/0_Normal/Normal (413).jpg,0,0_Normal,train
train/2_Pneumonia/Pneumonia-Bacterial (1935).jpg,2,2_Pneumonia,train
validation/0_Normal/Normal (3095).jpg,0,0_Normal,train
validation/0_Normal/Normal (3186).jpg,0,0_Normal,train
train/2_Pneumonia/Pneumonia-Bacterial (2517).jpg,2,2_Pneumonia,train
train/1_Covid19/COVID-19 (616).jpg,1,1_Covid19,train
train/0_Normal/Normal (818).jpg,0,0_Normal,train
train/2_Pneumonia/Pneumonia-Viral (297).jpg,2,2_Pneumonia,train
validation/1_Covid19/COVID-19 (1257).jpg,1,1_Covid19,train
train/0_Normal/Normal (1741).jpg,0,0_Normal,train
validation/2_Pneumonia/Pneumonia-Viral (1233) (1).jpg,2,2_Pneumonia,train
validation/2_Pneumonia/Pneumonia-Viral (1419).jpg,2,2_Pneumonia,train
validation/2_Pneumonia/Pneumonia-Viral (1304).jpg,2,2_Pneumonia,train
train/2_Pneumonia/Pneumonia-Bacterial (2233).jpg,2,2_Pneumonia,train
train/0_Normal/Normal (2023).jpg,0,0_Normal,train
train/0_Normal/Normal (1032).jpg,0,0_Normal,train
train/1_Covid19/COVID-19 (604).jpg,1,1_Covid19,train
train/0_Normal/Normal (2268).jpg,0,0_Normal,train
train/2_Pneumonia/Pneumonia-Bacterial (2160).jpg,2,2_Pneumonia,train
validation/2_Pneumonia/Pneumonia-Viral (835).jpg,2,2_Pneumonia,train
validation/0_Normal/Normal (3175).jpg,0,0_Normal,train
validation/2_Pneumonia/Pneumonia-Viral (987).jpg,2,2_Pneumonia,train
train/2_Pneumonia/Pneumonia-Bacterial (381).jpg,2,2_Pneumonia,train
train/0_Normal/Normal (2564).jpg,0,0_Normal,train
train/0_Normal/Normal (2139).jpg,0,0_Normal,train
validation/0_Normal/Normal (3212).jpg,0,0_Normal,train
train/1_Covid19/COVID-19 (53).jpg,1,1_Covid19,train
train/2_Pneumonia/Pneumonia-Bacterial (1157).jpg,2,2_Pneumonia,train
validation/2_Pneumonia/Pneumonia-Viral (1483).jpg,2,2_Pneumonia,train
validation/0_Normal/Normal (3115).jpg,0,0_Normal,train
train/0_Normal/Normal (203).jpg,0,0_Normal,train
train/0_Normal/Normal (1834).jpg,0,0_Normal,train
train/0_Normal/Normal (1843).jpg,0,0_Normal,train
train/2_Pneumonia/Pneumonia-Bacterial (198).jpg,2,2_Pneumonia,train
validation/1_Covid19/COVID-19 (1113).jpg,1,1_Covid19,train
train/0_Normal/Normal (1699).jpg,0,0_Normal,train
train/2_Pneumonia/Pneumonia-Bacterial (27).jpg,2,2_Pneumonia,train
train/1_Covid19/COVID-19 (325).jpg,1,1_Covid19,train
train/2_Pneumonia/Pneumonia-Bacterial (1511).jpg,2,2_Pneumonia,train
train/2_Pneumonia/Pneumonia-Bacterial (1717).jpg,2,2_Pneumonia,train
train/2_Pneumonia/Pneumonia-Bacterial (1003).jpg,2,2_Pneumonia,train
train/2_Pneumonia/Pneumonia-Bacterial (717).jpg,2,2_Pneumonia,train
train/1_Covid19/COVID-19 (446).jpg,1,1_Covid19,train
train/2_Pneumonia/Pneumonia-Bacterial (1749).jpg,2,2_Pneumonia,train
train/2_Pneumonia/Pneumonia-Bacterial (1867).jpg,2,2_Pneumonia,train
train/0_Normal/Normal (1071).jpg,0,0_Normal,train
train/0_Normal/Normal (2249).jpg,0,0_Normal,train
validation/2_Pneumonia/Pneumonia-Viral (1014).jpg,2,2_Pneumonia,train
validation/0_Normal/Normal (3258).jpg,0,0_Normal,train
train/2_Pneumonia/Pneumonia-Bacterial (2521).jpg,2,2_Pneumonia,train
train/0_Normal/Normal (709).jpg,0,0_Normal,train
train/2_Pneumonia/Pneumonia-Bacterial (1876).jpg,2,2_Pneumonia,train
train/2_Pneumonia/Pneumonia-Bacterial (1259).jpg,2,2_Pneumonia,train
train/2_Pneumonia/Pneumonia-Bacterial (2819).jpg,2,2_Pneumonia,train
train/0_Normal/Normal (866).jpg,0,0_Normal,train
train/2_Pneumonia/Pneumonia-Bacterial (2592).jpg,2,2_Pneumonia,train
train/1_Covid19/COVID-19 (143).jpg,1,1_Covid19,train
train/1_Covid19/COVID-19 (899).jpg,1,1_Covid19,train
validation/0_Normal/Normal (2950).jpg,0,0_Normal,train
train/0_Normal/Normal (1866).jpg,0,0_Normal,train
validation/2_Pneumonia/Pneumonia-Viral (1633).jpg,2,2_Pneumonia,train
train/2_Pneumonia/Pneumonia-Viral (203).jpg,2,2_Pneumonia,train
train/0_Normal/Normal (90).jpg,0,0_Normal,train
train/0_Normal/Normal (1984).jpg,0,0_Normal,train
train/2_Pneumonia/Pneumonia-Bacterial (117).jpg,2,2_Pneumonia,train
train/2_Pneumonia/Pneumonia-Bacterial (44).jpg,2,2_Pneumonia,train
train/2_Pneumonia/Pneumonia-Viral (225).jpg,2,2_Pneumonia,train
train/2_Pneumonia/Pneumonia-Viral (51).jpg,2,2_Pneumonia,train
train/0_Normal/Normal (1616).jpg,0,0_Normal,train
train/1_Covid19/COVID-19 (741).jpg,1,1_Covid19,train
validation/2_Pneumonia/Pneumonia-Viral (737).jpg,2,2_Pneumonia,train
train/2_Pneumonia/Pneumonia-Bacterial (2680).jpg,2,2_Pneumonia,train
train/2_Pneumonia/Pneumonia-Bacterial (2900).jpg,2,2_Pneumonia,train
train/2_Pneumonia/Pneumonia-Bacterial (2101).jpg,2,2_Pneumonia,train
train/2_Pneumonia/Pneumonia-Bacterial (609).jpg,2,2_Pneumonia,train
train/2_Pneumonia/Pneumonia-Bacterial (1609).jpg,2,2_Pneumonia,train
validation/0_Normal/Normal (3074).jpg,0,0_Normal,train
train/0_Normal/Normal (147).jpg,0,0_Normal,train
train/2_Pneumonia/Pneumonia-Bacterial (207).jpg,2,2_Pneumonia,train
train/0_Normal/Normal (1239).jpg,0,0_Normal,train
train/0_Normal/Normal (739).jpg,0,0_Normal,train
validation/2_Pneumonia/Pneumonia-Viral (1082).jpg,2,2_Pneumonia,train
validation/2_Pneumonia/Pneumonia-Viral (1113).jpg,2,2_Pneumonia,train
train/2_Pneumonia/Pneumonia-Bacterial (861).jpg,2,2_Pneumonia,train
train/0_Normal/Normal (336).jpg,0,0_Normal,train
validation/1_Covid19/COVID-19 (1103).jpg,1,1_Covid19,train
validation/0_Normal/Normal (3257).jpg,0,0_Normal,train
validation/2_Pneumonia/Pneumonia-Viral (1389).jpg,2,2_Pneumonia,train
train/0_Normal/Normal (2454).jpg,0,0_Normal,train
validation/2_Pneumonia/Pneumonia-Viral (984).jpg,2,2_Pneumonia,train
train/0_Normal/Normal (1803).jpg,0,0_Normal,train
train/1_Covid19/COVID-19 (254).jpg,1,1_Covid19,train
train/1_Covid19/COVID-19 (42).jpg,1,1_Covid19,train
train/2_Pneumonia/Pneumonia-Bacterial (1271).jpg,2,2_Pneumonia,train
train/0_Normal/Normal (599).jpg,0,0_Normal,train
train/2_Pneumonia/Pneumonia-Bacterial (1229).jpg,2,2_Pneumonia,train
train/2_Pneumonia/Pneumonia-Bacterial (941).jpg,2,2_Pneumonia,train
train/0_Normal/Normal (1467).jpg,0,0_Normal,train
train/2_Pneumonia/Pneumonia-Bacterial (1970).jpg,2,2_Pneumonia,train
train/2_Pneumonia/Pneumonia-Bacterial (1119).jpg,2,2_Pneumonia,train
train/0_Normal/Normal (937).jpg,0,0_Normal,train
train/2_Pneumonia/Pneumonia-Bacterial (959).jpg,2,2_Pneumonia,train
train/0_Normal/Normal (474).jpg,0,0_Normal,train
train/2_Pneumonia/Pneumonia-Bacterial (1453).jpg,2,2_Pneumonia,train
train/2_Pneumonia/Pneumonia-Bacterial (799).jpg,2,2_Pneumonia,train
train/2_Pneumonia/Pneumonia-Bacterial (1734).jpg,2,2_Pneumonia,train
train/2_Pneumonia/Pneumonia-Bacterial (868).jpg,2,2_Pneumonia,train
train/2_Pneumonia/Pneumonia-Bacterial (2395).jpg,2,2_Pneumonia,train
validation/2_Pneumonia/Pneumonia-Viral (768).jpg,2,2_Pneumonia,train
train/2_Pneumonia/Pneumonia-Bacterial (2659).jpg,2,2_Pneumonia,train
validation/0_Normal/Normal (2970).jpg,0,0_Normal,train
train/2_Pneumonia/Pneumonia-Bacterial (2364).jpg,2,2_Pneumonia,train
train/2_Pneumonia/Pneumonia-Bacterial (1433).jpg,2,2_Pneumonia,train
train/1_Covid19/COVID-19 (283).jpg,1,1_Covid19,train
train/1_Covid19/COVID-19 (639).jpg,1,1_Covid19,train
train/2_Pneumonia/Pneumonia-Bacterial (1286).jpg,2,2_Pneumonia,train
train/0_Normal/Normal (2456).jpg,0,0_Normal,train
train/0_Normal/Normal (1491).jpg,0,0_Normal,train
train/2_Pneumonia/Pneumonia-Bacterial (2926).jpg,2,2_Pneumonia,train
train/2_Pneumonia/Pneumonia-Bacterial (50).jpg,2,2_Pneumonia,train
train/2_Pneumonia/Pneumonia-Bacterial (1620).jpg,2,2_Pneumonia,train
train/2_Pneumonia/Pneumonia-Bacterial (1252).jpg,2,2_Pneumonia,train
train/2_Pneumonia/Pneumonia-Bacterial (1936).jpg,2,2_Pneumonia,train
train/2_Pneumonia/Pneumonia-Bacterial (809).jpg,2,2_Pneumonia,train
train/1_Covid19/COVID-19 (419).jpg,1,1_Covid19,train
train/2_Pneumonia/Pneumonia-Viral (669).jpg,2,2_Pneumonia,train
train/1_Covid19/COVID-19 (728).jpg,1,1_Covid19,train
validation/1_Covid19/COVID-19 (1149).jpg,1,1_Covid19,train
validation/2_Pneumonia/Pneumonia-Viral (1197).jpg,2,2_Pneumonia,train
train/2_Pneumonia/Pneumonia-Bacterial (145).jpg,2,2_Pneumonia,train
validation/2_Pneumonia/Pneumonia-Viral (1432).jpg,2,2_Pneumonia,train
validation/2_Pneumonia/Pneumonia-Viral (1528).jpg,2,2_Pneumonia,train
train/1_Covid19/COVID-19 (192).jpg,1,1_Covid19,train
train/2_Pneumonia/Pneumonia-Bacterial (1375).jpg,2,2_Pneumonia,train
train/0_Normal/Normal (1470).jpg,0,0_Normal,train
train/0_Normal/Normal (721).jpg,0,0_Normal,train
validation/0_Normal/Normal (3101).jpg,0,0_Normal,train
train/0_Normal/Normal (1267).jpg,0,0_Normal,train
train/1_Covid19/COVID-19 (385).jpg,1,1_Covid19,train
train/2_Pneumonia/Pneumonia-Bacterial (2698).jpg,2,2_Pneumonia,train
train/2_Pneumonia/Pneumonia-Bacterial (2286).jpg,2,2_Pneumonia,train
validation/1_Covid19/COVID-19 (1111).jpg,1,1_Covid19,train
validation/0_Normal/Normal (2850).jpg,0,0_Normal,train
train/2_Pneumonia/Pneumonia-Bacterial (293).jpg,2,2_Pneumonia,train
train/2_Pneumonia/Pneumonia-Bacterial (1382).jpg,2,2_Pneumonia,train
validation/0_Normal/Normal (2766).jpg,0,0_Normal,train
train/0_Normal/Normal (62).jpg,0,0_Normal,train
validation/2_Pneumonia/Pneumonia-Viral (1370).jpg,2,2_Pneumonia,train
train/0_Normal/Normal (1119).jpg,0,0_Normal,train
train/2_Pneumonia/Pneumonia-Viral (379).jpg,2,2_Pneumonia,train
validation/1_Covid19/COVID-19 (1139).jpg,1,1_Covid19,train
validation/2_Pneumonia/Pneumonia-Viral (1105).jpg,2,2_Pneumonia,train
train/2_Pneumonia/Pneumonia-Viral (593).jpg,2,2_Pneumonia,train
train/0_Normal/Normal (1942).jpg,0,0_Normal,train
train/2_Pneumonia/Pneumonia-Bacterial (485).jpg,2,2_Pneumonia,train
validation/2_Pneumonia/Pneumonia-Viral (882).jpg,2,2_Pneumonia,train
train/1_Covid19/COVID-19 (287).jpg,1,1_Covid19,train
validation/2_Pneumonia/Pneumonia-Viral (1196).jpg,2,2_Pneumonia,train
train/2_Pneumonia/Pneumonia-Bacterial (320).jpg,2,2_Pneumonia,train
validation/2_Pneumonia/Pneumonia-Viral (1189).jpg,2,2_Pneumonia,train
train/0_Normal/Normal (1949).jpg,0,0_Normal,train
train/2_Pneumonia/Pneumonia-Bacterial (175).jpg,2,2_Pneumonia,train
train/0_Normal/Normal (569).jpg,0,0_Normal,train
validation/2_Pneumonia/Pneumonia-Viral (940).jpg,2,2_Pneumonia,train
validation/2_Pneumonia/Pneumonia-Viral (1487).jpg,2,2_Pneumonia,train
train/1_Covid19/COVID-19 (560).jpg,1,1_Covid19,train
validation/0_Normal/Normal (3128).jpg,0,0_Normal,train
train/0_Normal/Normal (1405).jpg,0,0_Normal,train
train/2_Pneumonia/Pneumonia-Viral (152).jpg,2,2_Pneumonia,train
train/2_Pneumonia/Pneumonia-Bacterial (2241).jpg,2,2_Pneumonia,train
train/0_Normal/Normal (696).jpg,0,0_Normal,train
train/2_Pneumonia/Pneumonia-Bacterial (1031).jpg,2,2_Pneumonia,train
train/0_Normal/Normal (159).jpg,0,0_Normal,train
train/0_Normal/Normal (79).jpg,0,0_Normal,train
train/2_Pneumonia/Pneumonia-Bacterial (2600).jpg,2,2_Pneumonia,train
train/2_Pneumonia/Pneumonia-Bacterial (121).jpg,2,2_Pneumonia,train
train/2_Pneumonia/Pneumonia-Bacterial (2212).jpg,2,2_Pneumonia,train
train/2_Pneumonia/Pneumonia-Bacterial (2098).jpg,2,2_Pneumonia,train
train/2_Pneumonia/Pneumonia-Viral (81).jpg,2,2_Pneumonia,train
train/2_Pneumonia/Pneumonia-Bacterial (2294).jpg,2,2_Pneumonia,train
train/0_Normal/Normal (1986).jpg,0,0_Normal,train
train/2_Pneumonia/Pneumonia-Viral (516).jpg,2,2_Pneumonia,train
train/2_Pneumonia/Pneumonia-Bacterial (2206).jpg,2,2_Pneumonia,train
train/0_Normal/Normal (2118).jpg,0,0_Normal,train
train/0_Normal/Normal (1723).jpg,0,0_Normal,train
train/1_Covid19/COVID-19 (379).jpg,1,1_Covid19,train
train/2_Pneumonia/Pneumonia-Bacterial (282).jpg,2,2_Pneumonia,train
train/2_Pneumonia/Pneumonia-Bacterial (72).jpg,2,2_Pneumonia,train
train/0_Normal/Normal (825).jpg,0,0_Normal,train
train/2_Pneumonia/Pneumonia-Bacterial (2494).jpg,2,2_Pneumonia,train
train/0_Normal/Normal (872).jpg,0,0_Normal,train
train/2_Pneumonia/Pneumonia-Viral (446).jpg,2,2_Pneumonia,train
validation/1_Covid19/COVID-19 (1029).jpg,1,1_Covid19,train
train/0_Normal/Normal (302).jpg,0,0_Normal,train
train/0_Normal/Normal (1206).jpg,0,0_Normal,train
train/2_Pneumonia/Pneumonia-Bacterial (1746).jpg,2,2_Pneumonia,train
train/0_Normal/Normal (978).jpg,0,0_Normal,train
train/0_Normal/Normal (2308).jpg,0,0_Normal,train
train/2_Pneumonia/Pneumonia-Viral (165).jpg,2,2_Pneumonia,train
train/0_Normal/Normal (567).jpg,0,0_Normal,train
train/0_Normal/Normal (1420).jpg,0,0_Normal,train
train/0_Normal/Normal (1322).jpg,0,0_Normal,train
train/0_Normal/Normal (25).jpg,0,0_Normal,train
validation/2_Pneumonia/Pneumonia-Viral (1601).jpg,2,2_Pneumonia,train
train/0_Normal/Normal (568).jpg,0,0_Normal,train
train/1_Covid19/COVID-19 (530).jpg,1,1_Covid19,train
train/0_Normal/Normal (356).jpg,0,0_Normal,train
train/0_Normal/Normal (901).jpg,0,0_Normal,train
train/2_Pneumonia/Pneumonia-Bacterial (2465).jpg,2,2_Pneumonia,train
train/2_Pneumonia/Pneumonia-Viral (702).jpg,2,2_Pneumonia,train
validation/2_Pneumonia/Pneumonia-Viral (756).jpg,2,2_Pneumonia,train
train/2_Pneumonia/Pneumonia-Bacterial (1969).jpg,2,2_Pneumonia,train
validation/0_Normal/Normal (3031).jpg,0,0_Normal,train
train/0_Normal/Normal (1213).jpg,0,0_Normal,train
validation/2_Pneumonia/Pneumonia-Viral (1204).jpg,2,2_Pneumonia,train
validation/2_Pneumonia/Pneumonia-Viral (1118).jpg,2,2_Pneumonia,train
train/0_Normal/Normal (2257).jpg,0,0_Normal,train
validation/2_Pneumonia/Pneumonia-Viral (1299).jpg,2,2_Pneumonia,train
train/2_Pneumonia/Pneumonia-Viral (527).jpg,2,2_Pneumonia,train
validation/0_Normal/Normal (3189).jpg,0,0_Normal,train
train/2_Pneumonia/Pneumonia-Bacterial (636).jpg,2,2_Pneumonia,train
train/0_Normal/Normal (597).jpg,0,0_Normal,train
train/2_Pneumonia/Pneumonia-Bacterial (1265).jpg,2,2_Pneumonia,train
train/0_Normal/Normal (361).jpg,0,0_Normal,train
validation/2_Pneumonia/Pneumonia-Viral (1224).jpg,2,2_Pneumonia,train
validation/0_Normal/Normal (3164).jpg,0,0_Normal,train
train/2_Pneumonia/Pneumonia-Bacterial (2471).jpg,2,2_Pneumonia,train
train/2_Pneumonia/Pneumonia-Viral (22).jpg,2,2_Pneumonia,train
train/2_Pneumonia/Pneumonia-Bacterial (2575).jpg,2,2_Pneumonia,train
train/0_Normal/Normal (96).jpg,0,0_Normal,train
train/2_Pneumonia/Pneumonia-Bacterial (1707).jpg,2,2_Pneumonia,train
train/2_Pneumonia/Pneumonia-Bacterial (1369).jpg,2,2_Pneumonia,train
train/2_Pneumonia/Pneumonia-Viral (237).jpg,2,2_Pneumonia,train
train/2_Pneumonia/Pneumonia-Bacterial (1456).jpg,2,2_Pneumonia,train
train/2_Pneumonia/Pneumonia-Bacterial (484).jpg,2,2_Pneumonia,train
train/0_Normal/Normal (1418).jpg,0,0_Normal,train
train/0_Normal/Normal (1102).jpg,0,0_Normal,train
train/0_Normal/Normal (845).jpg,0,0_Normal,train
validation/1_Covid19/COVID-19 (1124).jpg,1,1_Covid19,train
train/0_Normal/Normal (1711).jpg,0,0_Normal,train
train/0_Normal/Normal (1259).jpg,0,0_Normal,train
train/0_Normal/Normal (1946).jpg,0,0_Normal,train
validation/1_Covid19/COVID-19 (1265).jpg,1,1_Covid19,train
validation/0_Normal/Normal (2885).jpg,0,0_Normal,train
train/0_Normal/Normal (1836).jpg,0,0_Normal,train
train/0_Normal/Normal (2298).jpg,0,0_Normal,train
validation/0_Normal/Normal (2974).jpg,0,0_Normal,train
validation/0_Normal/Normal (3025).jpg,0,0_Normal,train
validation/0_Normal/Normal (2793).jpg,0,0_Normal,train
validation/2_Pneumonia/Pneumonia-Viral (1191).jpg,2,2_Pneumonia,train
train/2_Pneumonia/Pneumonia-Bacterial (1432).jpg,2,2_Pneumonia,train
train/2_Pneumonia/Pneumonia-Bacterial (1656).jpg,2,2_Pneumonia,train
train/0_Normal/Normal (1070).jpg,0,0_Normal,train
train/0_Normal/Normal (1745).jpg,0,0_Normal,train
train/0_Normal/Normal (918).jpg,0,0_Normal,train
train/2_Pneumonia/Pneumonia-Bacterial (951).jpg,2,2_Pneumonia,train
train/2_Pneumonia/Pneumonia-Bacterial (2450).jpg,2,2_Pneumonia,train
train/0_Normal/Normal (2442).jpg,0,0_Normal,train
train/0_Normal/Normal (215).jpg,0,0_Normal,train
validation/2_Pneumonia/Pneumonia-Viral (1314).jpg,2,2_Pneumonia,train
train/0_Normal/Normal (2266).jpg,0,0_Normal,train
train/2_Pneumonia/Pneumonia-Bacterial (781).jpg,2,2_Pneumonia,train
validation/0_Normal/Normal (2897).jpg,0,0_Normal,train
validation/0_Normal/Normal (2946).jpg,0,0_Normal,train
train/2_Pneumonia/Pneumonia-Bacterial (137).jpg,2,2_Pneumonia,train
train/1_Covid19/COVID-19 (119).jpg,1,1_Covid19,train
validation/0_Normal/Normal (2988).jpg,0,0_Normal,train
validation/2_Pneumonia/Pneumonia-Viral (1246).jpg,2,2_Pneumonia,train
train/0_Normal/Normal (200).jpg,0,0_Normal,train
train/2_Pneumonia/Pneumonia-Viral (12).jpg,2,2_Pneumonia,train
train/0_Normal/Normal (2557).jpg,0,0_Normal,train
train/1_Covid19/COVID-19 (1010).jpg,1,1_Covid19,train
train/0_Normal/Normal (2535).jpg,0,0_Normal,train
train/0_Normal/Normal (1739).jpg,0,0_Normal,train
validation/2_Pneumonia/Pneumonia-Viral (1392).jpg,2,2_Pneumonia,train
train/0_Normal/Normal (1256).jpg,0,0_Normal,train
validation/2_Pneumonia/Pneumonia-Viral (978).jpg,2,2_Pneumonia,train
validation/0_Normal/Normal (3260).jpg,0,0_Normal,train
train/2_Pneumonia/Pneumonia-Bacterial (2234).jpg,2,2_Pneumonia,train
train/1_Covid19/COVID-19 (851).jpg,1,1_Covid19,train
validation/2_Pneumonia/Pneumonia-Viral (1077).jpg,2,2_Pneumonia,train
train/0_Normal/Normal (2418).jpg,0,0_Normal,train
train/0_Normal/Normal (12).jpg,0,0_Normal,train
train/0_Normal/Normal (1022).jpg,0,0_Normal,train
train/0_Normal/Normal (1987).jpg,0,0_Normal,train
train/0_Normal/Normal (1954).jpg,0,0_Normal,train
train/2_Pneumonia/Pneumonia-Viral (77).jpg,2,2_Pneumonia,train
validation/0_Normal/Normal (2803).jpg,0,0_Normal,train
train/2_Pneumonia/Pneumonia-Bacterial (1635).jpg,2,2_Pneumonia,train
train/0_Normal/Normal (1449).jpg,0,0_Normal,train
train/2_Pneumonia/Pneumonia-Bacterial (2502).jpg,2,2_Pneumonia,train
train/2_Pneumonia/Pneumonia-Bacterial (1263).jpg,2,2_Pneumonia,train
train/2_Pneumonia/Pneumonia-Bacterial (930).jpg,2,2_Pneumonia,train
train/2_Pneumonia/Pneumonia-Bacterial (912).jpg,2,2_Pneumonia,train
train/2_Pneumonia/Pneumonia-Bacterial (1537).jpg,2,2_Pneumonia,train
train/0_Normal/Normal (219).jpg,0,0_Normal,train
train/2_Pneumonia/Pneumonia-Bacterial (2811).jpg,2,2_Pneumonia,train
train/0_Normal/Normal (334).jpg,0,0_Normal,train
validation/0_Normal/Normal (3227).jpg,0,0_Normal,train
train/2_Pneumonia/Pneumonia-Bacterial (2834).jpg,2,2_Pneumonia,train
train/2_Pneumonia/Pneumonia-Bacterial (449).jpg,2,2_Pneumonia,train
train/1_Covid19/COVID-19 (259).jpg,1,1_Covid19,train
train/2_Pneumonia/Pneumonia-Bacterial (1611).jpg,2,2_Pneumonia,train
train/2_Pneumonia/Pneumonia-Bacterial (421).jpg,2,2_Pneumonia,train
train/1_Covid19/COVID-19 (856).jpg,1,1_Covid19,train
train/0_Normal/Normal (2179).jpg,0,0_Normal,train
validation/0_Normal/Normal (3012).jpg,0,0_Normal,train
train/2_Pneumonia/Pneumonia-Bacterial (2895).jpg,2,2_Pneumonia,train
train/0_Normal/Normal (1556).jpg,0,0_Normal,train
validation/0_Normal/Normal (2879).jpg,0,0_Normal,train
train/2_Pneumonia/Pneumonia-Viral (262).jpg,2,2_Pneumonia,train
train/0_Normal/Normal (750).jpg,0,0_Normal,train
train/0_Normal/Normal (2609).jpg,0,0_Normal,train
validation/1_Covid19/COVID-19 (1275).jpg,1,1_Covid19,train
train/2_Pneumonia/Pneumonia-Bacterial (2357).jpg,2,2_Pneumonia,train
validation/2_Pneumonia/Pneumonia-Viral (1559).jpg,2,2_Pneumonia,train
train/0_Normal/Normal (1904).jpg,0,0_Normal,train
train/2_Pneumonia/Pneumonia-Viral (15).jpg,2,2_Pneumonia,train
train/2_Pneumonia/Pneumonia-Bacterial (376).jpg,2,2_Pneumonia,train
train/2_Pneumonia/Pneumonia-Bacterial (1829).jpg,2,2_Pneumonia,train
train/2_Pneumonia/Pneumonia-Bacterial (1471).jpg,2,2_Pneumonia,train
train/2_Pneumonia/Pneumonia-Bacterial (1799).jpg,2,2_Pneumonia,train
validation/2_Pneumonia/Pneumonia-Viral (954).jpg,2,2_Pneumonia,train
train/2_Pneumonia/Pneumonia-Bacterial (950).jpg,2,2_Pneumonia,train
train/2_Pneumonia/Pneumonia-Bacterial (2688).jpg,2,2_Pneumonia,train
train/0_Normal/Normal (2571).jpg,0,0_Normal,train
train/0_Normal/Normal (1867).jpg,0,0_Normal,train
train/1_Covid19/COVID-19 (992).jpg,1,1_Covid19,train
train/1_Covid19/COVID-19 (1003).jpg,1,1_Covid19,train
train/2_Pneumonia/Pneumonia-Bacterial (2392).jpg,2,2_Pneumonia,train
validation/2_Pneumonia/Pneumonia-Viral (1009).jpg,2,2_Pneumonia,train
train/1_Covid19/COVID-19 (900).jpg,1,1_Covid19,train
train/2_Pneumonia/Pneumonia-Bacterial (755).jpg,2,2_Pneumonia,train
train/2_Pneumonia/Pneumonia-Bacterial (330).jpg,2,2_Pneumonia,train
train/0_Normal/Normal (1546).jpg,0,0_Normal,train
train/1_Covid19/COVID-19 (528).jpg,1,1_Covid19,train
train/2_Pneumonia/Pneumonia-Bacterial (273).jpg,2,2_Pneumonia,train
validation/1_Covid19/COVID-19 (1109).jpg,1,1_Covid19,train
train/0_Normal/Normal (2216).jpg,0,0_Normal,train
train/2_Pneumonia/Pneumonia-Bacterial (2268).jpg,2,2_Pneumonia,train
train/0_Normal/Normal (465).jpg,0,0_Normal,train
train/2_Pneumonia/Pneumonia-Viral (549).jpg,2,2_Pneumonia,train
train/1_Covid19/COVID-19 (102).jpg,1,1_Covid19,train
validation/0_Normal/Normal (3152).jpg,0,0_Normal,train
train/0_Normal/Normal (182).jpg,0,0_Normal,train
train/2_Pneumonia/Pneumonia-Bacterial (851).jpg,2,2_Pneumonia,train
train/0_Normal/Normal (514).jpg,0,0_Normal,train
validation/2_Pneumonia/Pneumonia-Viral (1499).jpg,2,2_Pneumonia,train
train/1_Covid19/COVID-19 (609).jpg,1,1_Covid19,train
train/2_Pneumonia/Pneumonia-Bacterial (2506).jpg,2,2_Pneumonia,train
train/2_Pneumonia/Pneumonia-Viral (585).jpg,2,2_Pneumonia,train
train/0_Normal/Normal (213).jpg,0,0_Normal,train
train/2_Pneumonia/Pneumonia-Bacterial (822).jpg,2,2_Pneumonia,train
train/0_Normal/Normal (1054).jpg,0,0_Normal,train
validation/2_Pneumonia/Pneumonia-Viral (788).jpg,2,2_Pneumonia,train
train/1_Covid19/COVID-19 (29).jpg,1,1_Covid19,train
train/2_Pneumonia/Pneumonia-Bacterial (1463).jpg,2,2_Pneumonia,train
train/2_Pneumonia/Pneumonia-Bacterial (1421).jpg,2,2_Pneumonia,train
train/2_Pneumonia/Pneumonia-Bacterial (1341).jpg,2,2_Pneumonia,train
train/0_Normal/Normal (1130).jpg,0,0_Normal,train
train/0_Normal/Normal (768).jpg,0,0_Normal,train
validation/2_Pneumonia/Pneumonia-Viral (1232) (1).jpg,2,2_Pneumonia,train
train/1_Covid19/COVID-19 (140).jpg,1,1_Covid19,train
train/1_Covid19/COVID-19 (85).jpg,1,1_Covid19,train
train/2_Pneumonia/Pneumonia-Bacterial (1142).jpg,2,2_Pneumonia,train
validation/2_Pneumonia/Pneumonia-Viral (1088).jpg,2,2_Pneumonia,train
validation/2_Pneumonia/Pneumonia-Viral (1427).jpg,2,2_Pneumonia,train
validation/0_Normal/Normal (3242).jpg,0,0_Normal,train
train/2_Pneumonia/Pneumonia-Bacterial (344).jpg,2,2_Pneumonia,train
train/2_Pneumonia/Pneumonia-Bacterial (2000).jpg,2,2_Pneumonia,train
train/2_Pneumonia/Pneumonia-Bacterial (2420).jpg,2,2_Pneumonia,train
train/2_Pneumonia/Pneumonia-Viral (104).jpg,2,2_Pneumonia,train
validation/2_Pneumonia/Pneumonia-Viral (1509).jpg,2,2_Pneumonia,train
train/2_Pneumonia/Pneumonia-Bacterial (1408).jpg,2,2_Pneumonia,train
train/2_Pneumonia/Pneumonia-Bacterial (858).jpg,2,2_Pneumonia,train
train/0_Normal/Normal (2196).jpg,0,0_Normal,train
train/2_Pneumonia/Pneumonia-Bacterial (2917).jpg,2,2_Pneumonia,train
train/0_Normal/Normal (2478).jpg,0,0_Normal,train
train/0_Normal/Normal (2511).jpg,0,0_Normal,train
train/0_Normal/Normal (1177).jpg,0,0_Normal,train
train/2_Pneumonia/Pneumonia-Bacterial (2344).jpg,2,2_Pneumonia,train
train/0_Normal/Normal (1714).jpg,0,0_Normal,train
train/2_Pneumonia/Pneumonia-Bacterial (2669).jpg,2,2_Pneumonia,train
train/0_Normal/Normal (1518).jpg,0,0_Normal,train
train/2_Pneumonia/Pneumonia-Bacterial (1784).jpg,2,2_Pneumonia,train
train/0_Normal/Normal (1330).jpg,0,0_Normal,train
train/0_Normal/Normal (1591).jpg,0,0_Normal,train
train/2_Pneumonia/Pneumonia-Bacterial (592).jpg,2,2_Pneumonia,train
train/2_Pneumonia/Pneumonia-Viral (546).jpg,2,2_Pneumonia,train
train/0_Normal/Normal (2554).jpg,0,0_Normal,train
train/2_Pneumonia/Pneumonia-Bacterial (331).jpg,2,2_Pneumonia,train
train/2_Pneumonia/Pneumonia-Bacterial (399).jpg,2,2_Pneumonia,train
train/1_Covid19/COVID-19 (522).jpg,1,1_Covid19,train
train/0_Normal/Normal (1441).jpg,0,0_Normal,train
validation/2_Pneumonia/Pneumonia-Viral (1626).jpg,2,2_Pneumonia,train
train/2_Pneumonia/Pneumonia-Viral (158).jpg,2,2_Pneumonia,train
train/2_Pneumonia/Pneumonia-Bacterial (2546).jpg,2,2_Pneumonia,train
validation/2_Pneumonia/Pneumonia-Viral (951).jpg,2,2_Pneumonia,train
validation/2_Pneumonia/Pneumonia-Viral (1012).jpg,2,2_Pneumonia,train
train/2_Pneumonia/Pneumonia-Bacterial (2415).jpg,2,2_Pneumonia,train
train/0_Normal/Normal (330).jpg,0,0_Normal,train
train/2_Pneumonia/Pneumonia-Bacterial (226).jpg,2,2_Pneumonia,train
validation/2_Pneumonia/Pneumonia-Viral (1203).jpg,2,2_Pneumonia,train
train/0_Normal/Normal (558).jpg,0,0_Normal,train
validation/0_Normal/Normal (3261).jpg,0,0_Normal,train
train/2_Pneumonia/Pneumonia-Viral (82).jpg,2,2_Pneumonia,train
train/2_Pneumonia/Pneumonia-Bacterial (600).jpg,2,2_Pneumonia,train
train/0_Normal/Normal (612).jpg,0,0_Normal,train
train/0_Normal/Normal (1131).jpg,0,0_Normal,train
train/0_Normal/Normal (686).jpg,0,0_Normal,train
train/0_Normal/Normal (1744).jpg,0,0_Normal,train
validation/0_Normal/Normal (3041).jpg,0,0_Normal,train
train/0_Normal/Normal (2363).jpg,0,0_Normal,train
train/1_Covid19/COVID-19 (767).jpg,1,1_Covid19,train
validation/0_Normal/Normal (2823).jpg,0,0_Normal,train
validation/1_Covid19/COVID-19 (1243).jpg,1,1_Covid19,train
validation/0_Normal/Normal (2840).jpg,0,0_Normal,train
validation/2_Pneumonia/Pneumonia-Viral (1451).jpg,2,2_Pneumonia,train
train/0_Normal/Normal (2486).jpg,0,0_Normal,train
validation/0_Normal/Normal (2967).jpg,0,0_Normal,train
train/0_Normal/Normal (641).jpg,0,0_Normal,train
train/2_Pneumonia/Pneumonia-Bacterial (1485).jpg,2,2_Pneumonia,train
train/2_Pneumonia/Pneumonia-Bacterial (2202).jpg,2,2_Pneumonia,train
validation/2_Pneumonia/Pneumonia-Viral (1166).jpg,2,2_Pneumonia,train
train/0_Normal/Normal (1847).jpg,0,0_Normal,train
train/2_Pneumonia/Pneumonia-Bacterial (1276).jpg,2,2_Pneumonia,train
train/2_Pneumonia/Pneumonia-Bacterial (579).jpg,2,2_Pneumonia,train
train/1_Covid19/COVID-19 (495).jpg,1,1_Covid19,train
train/2_Pneumonia/Pneumonia-Bacterial (326).jpg,2,2_Pneumonia,train
train/2_Pneumonia/Pneumonia-Bacterial (2766).jpg,2,2_Pneumonia,train
validation/2_Pneumonia/Pneumonia-Viral (1328).jpg,2,2_Pneumonia,train
validation/0_Normal/Normal (2726).jpg,0,0_Normal,train
train/2_Pneumonia/Pneumonia-Bacterial (880).jpg,2,2_Pneumonia,train
train/0_Normal/Normal (2379).jpg,0,0_Normal,train
train/2_Pneumonia/Pneumonia-Bacterial (2718).jpg,2,2_Pneumonia,train
train/0_Normal/Normal (1769).jpg,0,0_Normal,train
train/2_Pneumonia/Pneumonia-Bacterial (2003).jpg,2,2_Pneumonia,train
validation/1_Covid19/COVID-19 (1119).jpg,1,1_Covid19,train
validation/1_Covid19/COVID-19 (1046).jpg,1,1_Covid19,train
train/2_Pneumonia/Pneumonia-Bacterial (244).jpg,2,2_Pneumonia,train
train/2_Pneumonia/Pneumonia-Viral (508) (1).jpg,2,2_Pneumonia,train
train/1_Covid19/COVID-19 (410).jpg,1,1_Covid19,train
train/2_Pneumonia/Pneumonia-Bacterial (2747).jpg,2,2_Pneumonia,train
validation/2_Pneumonia/Pneumonia-Viral (1396).jpg,2,2_Pneumonia,train
validation/0_Normal/Normal (2654).jpg,0,0_Normal,train
train/1_Covid19/COVID-19 (653).jpg,1,1_Covid19,train
train/1_Covid19/COVID-19 (144).jpg,1,1_Covid19,train
validation/2_Pneumonia/Pneumonia-Viral (1467).jpg,2,2_Pneumonia,train
train/2_Pneumonia/Pneumonia-Bacterial (2087).jpg,2,2_Pneumonia,train
train/2_Pneumonia/Pneumonia-Viral (189).jpg,2,2_Pneumonia,train
train/2_Pneumonia/Pneumonia-Bacterial (1990).jpg,2,2_Pneumonia,train
train/0_Normal/Normal (849).jpg,0,0_Normal,train
train/2_Pneumonia/Pneumonia-Viral (387).jpg,2,2_Pneumonia,train
train/0_Normal/Normal (1448).jpg,0,0_Normal,train
train/2_Pneumonia/Pneumonia-Viral (555).jpg,2,2_Pneumonia,train
validation/0_Normal/Normal (2863).jpg,0,0_Normal,train
validation/2_Pneumonia/Pneumonia-Viral (1575).jpg,2,2_Pneumonia,train
train/2_Pneumonia/Pneumonia-Bacterial (1789).jpg,2,2_Pneumonia,train
train/0_Normal/Normal (1340).jpg,0,0_Normal,train
train/0_Normal/Normal (37).jpg,0,0_Normal,train
train/0_Normal/Normal (1845).jpg,0,0_Normal,train
validation/2_Pneumonia/Pneumonia-Viral (1120).jpg,2,2_Pneumonia,train
train/0_Normal/Normal (1091).jpg,0,0_Normal,train
train/0_Normal/Normal (1743).jpg,0,0_Normal,train
train/0_Normal/Normal (889).jpg,0,0_Normal,train
train/0_Normal/Normal (1123).jpg,0,0_Normal,train
train/0_Normal/Normal (504).jpg,0,0_Normal,train
train/0_Normal/Normal (1145).jpg,0,0_Normal,train
train/2_Pneumonia/Pneumonia-Bacterial (439).jpg,2,2_Pneumonia,train
validation/1_Covid19/COVID-19 (1137).jpg,1,1_Covid19,train
train/0_Normal/Normal (349).jpg,0,0_Normal,train
train/0_Normal/Normal (1671).jpg,0,0_Normal,train
train/2_Pneumonia/Pneumonia-Bacterial (1549).jpg,2,2_Pneumonia,train
train/0_Normal/Normal (2343).jpg,0,0_Normal,train
train/2_Pneumonia/Pneumonia-Bacterial (1093).jpg,2,2_Pneumonia,train
train/0_Normal/Normal (1715).jpg,0,0_Normal,train
train/0_Normal/Normal (1176).jpg,0,0_Normal,train
train/0_Normal/Normal (2267).jpg,0,0_Normal,train
train/1_Covid19/COVID-19 (681).jpg,1,1_Covid19,train
train/2_Pneumonia/Pneumonia-Bacterial (422).jpg,2,2_Pneumonia,train
validation/2_Pneumonia/Pneumonia-Viral (1159).jpg,2,2_Pneumonia,train
train/1_Covid19/COVID-19 (179).jpg,1,1_Covid19,train
validation/2_Pneumonia/Pneumonia-Viral (1480).jpg,2,2_Pneumonia,train
train/2_Pneumonia/Pneumonia-Bacterial (2711).jpg,2,2_Pneumonia,train
validation/0_Normal/Normal (2695).jpg,0,0_Normal,train
train/1_Covid19/COVID-19 (168).jpg,1,1_Covid19,train
train/2_Pneumonia/Pneumonia-Bacterial (1356).jpg,2,2_Pneumonia,train
train/1_Covid19/COVID-19 (466).jpg,1,1_Covid19,train
train/0_Normal/Normal (837).jpg,0,0_Normal,train
train/2_Pneumonia/Pneumonia-Bacterial (531).jpg,2,2_Pneumonia,train
train/2_Pneumonia/Pneumonia-Bacterial (333).jpg,2,2_Pneumonia,train
train/0_Normal/Normal (2242).jpg,0,0_Normal,train
train/2_Pneumonia/Pneumonia-Bacterial (1448).jpg,2,2_Pneumonia,train
train/1_Covid19/COVID-19 (268).jpg,1,1_Covid19,train
train/1_Covid19/COVID-19 (836).jpg,1,1_Covid19,train
train/0_Normal/Normal (2093).jpg,0,0_Normal,train
train/0_Normal/Normal (2009).jpg,0,0_Normal,train
train/2_Pneumonia/Pneumonia-Bacterial (2786).jpg,2,2_Pneumonia,train
train/0_Normal/Normal (728).jpg,0,0_Normal,train
train/2_Pneumonia/Pneumonia-Bacterial (1666).jpg,2,2_Pneumonia,train
train/2_Pneumonia/Pneumonia-Bacterial (225).jpg,2,2_Pneumonia,train
train/1_Covid19/COVID-19 (814).jpg,1,1_Covid19,train
train/1_Covid19/COVID-19 (480).jpg,1,1_Covid19,train
train/2_Pneumonia/Pneumonia-Bacterial (218).jpg,2,2_Pneumonia,train
train/0_Normal/Normal (2011).jpg,0,0_Normal,train
validation/2_Pneumonia/Pneumonia-Viral (1517).jpg,2,2_Pneumonia,train
train/0_Normal/Normal (682).jpg,0,0_Normal,train
train/2_Pneumonia/Pneumonia-Bacterial (148).jpg,2,2_Pneumonia,train
validation/0_Normal/Normal (2759).jpg,0,0_Normal,train
train/0_Normal/Normal (654).jpg,0,0_Normal,train
validation/1_Covid19/COVID-19 (1028).jpg,1,1_Covid19,train
train/0_Normal/Normal (936).jpg,0,0_Normal,train
train/2_Pneumonia/Pneumonia-Bacterial (368).jpg,2,2_Pneumonia,train
train/0_Normal/Normal (2348).jpg,0,0_Normal,train
validation/1_Covid19/COVID-19 (1230).jpg,1,1_Covid19,train
train/2_Pneumonia/Pneumonia-Bacterial (2061).jpg,2,2_Pneumonia,train
train/2_Pneumonia/Pneumonia-Bacterial (634).jpg,2,2_Pneumonia,train
train/0_Normal/Normal (1819).jpg,0,0_Normal,train
train/2_Pneumonia/Pneumonia-Bacterial (2619).jpg,2,2_Pneumonia,train
train/0_Normal/Normal (1740).jpg,0,0_Normal,train
validation/2_Pneumonia/Pneumonia-Viral (1650).jpg,2,2_Pneumonia,train
train/0_Normal/Normal (46).jpg,0,0_Normal,train
train/0_Normal/Normal (48).jpg,0,0_Normal,train
train/2_Pneumonia/Pneumonia-Bacterial (2719).jpg,2,2_Pneumonia,train
train/2_Pneumonia/Pneumonia-Bacterial (505).jpg,2,2_Pneumonia,train
train/2_Pneumonia/Pneumonia-Bacterial (492).jpg,2,2_Pneumonia,train
validation/2_Pneumonia/Pneumonia-Viral (971).jpg,2,2_Pneumonia,train
validation/2_Pneumonia/Pneumonia-Viral (1369).jpg,2,2_Pneumonia,train
train/2_Pneumonia/Pneumonia-Bacterial (177).jpg,2,2_Pneumonia,train
train/2_Pneumonia/Pneumonia-Bacterial (2281).jpg,2,2_Pneumonia,train
train/0_Normal/Normal (1098).jpg,0,0_Normal,train
train/0_Normal/Normal (2037).jpg,0,0_Normal,train
train/2_Pneumonia/Pneumonia-Bacterial (2640).jpg,2,2_Pneumonia,train
validation/2_Pneumonia/Pneumonia-Viral (944).jpg,2,2_Pneumonia,train
train/2_Pneumonia/Pneumonia-Bacterial (1194).jpg,2,2_Pneumonia,train
train/2_Pneumonia/Pneumonia-Bacterial (409).jpg,2,2_Pneumonia,train
train/1_Covid19/COVID-19 (672).jpg,1,1_Covid19,train
train/0_Normal/Normal (624).jpg,0,0_Normal,train
train/0_Normal/Normal (1094).jpg,0,0_Normal,train
validation/2_Pneumonia/Pneumonia-Viral (745).jpg,2,2_Pneumonia,train
train/1_Covid19/COVID-19 (927).jpg,1,1_Covid19,train
train/2_Pneumonia/Pneumonia-Bacterial (518).jpg,2,2_Pneumonia,train
train/2_Pneumonia/Pneumonia-Bacterial (1584).jpg,2,2_Pneumonia,train
train/0_Normal/Normal (964).jpg,0,0_Normal,train
train/0_Normal/Normal (2251).jpg,0,0_Normal,train
train/2_Pneumonia/Pneumonia-Bacterial (1096).jpg,2,2_Pneumonia,train
train/2_Pneumonia/Pneumonia-Bacterial (403).jpg,2,2_Pneumonia,train
train/2_Pneumonia/Pneumonia-Bacterial (97).jpg,2,2_Pneumonia,train
train/0_Normal/Normal (2133).jpg,0,0_Normal,train
train/0_Normal/Normal (429).jpg,0,0_Normal,train
train/2_Pneumonia/Pneumonia-Bacterial (1819).jpg,2,2_Pneumonia,train
validation/0_Normal/Normal (3118).jpg,0,0_Normal,train
train/2_Pneumonia/Pneumonia-Viral (169).jpg,2,2_Pneumonia,train
train/0_Normal/Normal (1570).jpg,0,0_Normal,train
train/2_Pneumonia/Pneumonia-Bacterial (152).jpg,2,2_Pneumonia,train
train/2_Pneumonia/Pneumonia-Bacterial (545).jpg,2,2_Pneumonia,train
train/2_Pneumonia/Pneumonia-Bacterial (362).jpg,2,2_Pneumonia,train
train/0_Normal/Normal (2022).jpg,0,0_Normal,train
train/2_Pneumonia/Pneumonia-Bacterial (2139).jpg,2,2_Pneumonia,train
train/0_Normal/Normal (2550).jpg,0,0_Normal,train
train/2_Pneumonia/Pneumonia-Bacterial (2309).jpg,2,2_Pneumonia,train
train/2_Pneumonia/Pneumonia-Viral (220).jpg,2,2_Pneumonia,train
train/2_Pneumonia/Pneumonia-Bacterial (2076).jpg,2,2_Pneumonia,train
train/2_Pneumonia/Pneumonia-Viral (418).jpg,2,2_Pneumonia,train
train/2_Pneumonia/Pneumonia-Viral (389).jpg,2,2_Pneumonia,train
train/0_Normal/Normal (1329).jpg,0,0_Normal,train
train/2_Pneumonia/Pneumonia-Bacterial (2240).jpg,2,2_Pneumonia,train
train/2_Pneumonia/Pneumonia-Bacterial (387).jpg,2,2_Pneumonia,train
train/0_Normal/Normal (710).jpg,0,0_Normal,train
validation/1_Covid19/COVID-19 (1155).jpg,1,1_Covid19,train
train/0_Normal/Normal (1539).jpg,0,0_Normal,train
train/0_Normal/Normal (1567).jpg,0,0_Normal,train
train/2_Pneumonia/Pneumonia-Bacterial (1661).jpg,2,2_Pneumonia,train
train/2_Pneumonia/Pneumonia-Bacterial (2672).jpg,2,2_Pneumonia,train
train/2_Pneumonia/Pneumonia-Viral (714).jpg,2,2_Pneumonia,train
train/0_Normal/Normal (851).jpg,0,0_Normal,train
train/2_Pneumonia/Pneumonia-Bacterial (315).jpg,2,2_Pneumonia,train
validation/2_Pneumonia/Pneumonia-Viral (1117).jpg,2,2_Pneumonia,train
validation/0_Normal/Normal (2685).jpg,0,0_Normal,train
train/1_Covid19/COVID-19 (498).jpg,1,1_Covid19,train
validation/2_Pneumonia/Pneumonia-Viral (1028).jpg,2,2_Pneumonia,train
train/0_Normal/Normal (492).jpg,0,0_Normal,train
train/0_Normal/Normal (449).jpg,0,0_Normal,train
validation/0_Normal/Normal (3124).jpg,0,0_Normal,train
train/2_Pneumonia/Pneumonia-Bacterial (2623).jpg,2,2_Pneumonia,train
validation/2_Pneumonia/Pneumonia-Viral (1338).jpg,2,2_Pneumonia,train
validation/0_Normal/Normal (2930).jpg,0,0_Normal,train
train/0_Normal/Normal (552).jpg,0,0_Normal,train
train/2_Pneumonia/Pneumonia-Bacterial (1459).jpg,2,2_Pneumonia,train
train/2_Pneumonia/Pneumonia-Bacterial (2845).jpg,2,2_Pneumonia,train
validation/1_Covid19/COVID-19 (1026).jpg,1,1_Covid19,train
train/2_Pneumonia/Pneumonia-Bacterial (1183).jpg,2,2_Pneumonia,train
validation/1_Covid19/COVID-19 (1030).jpg,1,1_Covid19,train
train/2_Pneumonia/Pneumonia-Bacterial (2013).jpg,2,2_Pneumonia,train
train/2_Pneumonia/Pneumonia-Bacterial (1921).jpg,2,2_Pneumonia,train
train/0_Normal/Normal (2545).jpg,0,0_Normal,train
train/2_Pneumonia/Pneumonia-Bacterial (2927).jpg,2,2_Pneumonia,train
train/0_Normal/Normal (1535).jpg,0,0_Normal,train
train/2_Pneumonia/Pneumonia-Bacterial (879).jpg,2,2_Pneumonia,train
train/1_Covid19/COVID-19 (426).jpg,1,1_Covid19,train
validation/2_Pneumonia/Pneumonia-Viral (977).jpg,2,2_Pneumonia,train
train/1_Covid19/COVID-19 (228).jpg,1,1_Covid19,train
train/0_Normal/Normal (1014).jpg,0,0_Normal,train
train/2_Pneumonia/Pneumonia-Bacterial (812).jpg,2,2_Pneumonia,train
train/1_Covid19/COVID-19 (185).jpg,1,1_Covid19,train
train/2_Pneumonia/Pneumonia-Bacterial (2136).jpg,2,2_Pneumonia,train
train/0_Normal/Normal (1327).jpg,0,0_Normal,train
train/0_Normal/Normal (1028).jpg,0,0_Normal,train
train/2_Pneumonia/Pneumonia-Bacterial (2348).jpg,2,2_Pneumonia,train
train/1_Covid19/COVID-19 (691).jpg,1,1_Covid19,train
train/2_Pneumonia/Pneumonia-Viral (509).jpg,2,2_Pneumonia,train
train/2_Pneumonia/Pneumonia-Bacterial (1137).jpg,2,2_Pneumonia,train
train/2_Pneumonia/Pneumonia-Bacterial (2178).jpg,2,2_Pneumonia,train
train/0_Normal/Normal (1195).jpg,0,0_Normal,train
train/2_Pneumonia/Pneumonia-Bacterial (2336).jpg,2,2_Pneumonia,train
train/0_Normal/Normal (522).jpg,0,0_Normal,train
train/2_Pneumonia/Pneumonia-Bacterial (460).jpg,2,2_Pneumonia,train
train/0_Normal/Normal (1240).jpg,0,0_Normal,train
train/1_Covid19/COVID-19 (403).jpg,1,1_Covid19,train
train/2_Pneumonia/Pneumonia-Bacterial (442).jpg,2,2_Pneumonia,train
train/2_Pneumonia/Pneumonia-Bacterial (2596).jpg,2,2_Pneumonia,train
train/2_Pneumonia/Pneumonia-Bacterial (2440).jpg,2,2_Pneumonia,train
train/2_Pneumonia/Pneumonia-Bacterial (1381).jpg,2,2_Pneumonia,train
train/0_Normal/Normal (1663).jpg,0,0_Normal,train
validation/2_Pneumonia/Pneumonia-Viral (810).jpg,2,2_Pneumonia,train
train/0_Normal/Normal (184).jpg,0,0_Normal,train
train/2_Pneumonia/Pneumonia-Bacterial (1045).jpg,2,2_Pneumonia,train
train/1_Covid19/COVID-19 (744).jpg,1,1_Covid19,train
validation/0_Normal/Normal (2783).jpg,0,0_Normal,train
train/2_Pneumonia/Pneumonia-Bacterial (2010).jpg,2,2_Pneumonia,train
train/2_Pneumonia/Pneumonia-Bacterial (242).jpg,2,2_Pneumonia,train
train/0_Normal/Normal (2232).jpg,0,0_Normal,train
validation/0_Normal/Normal (2880).jpg,0,0_Normal,train
train/0_Normal/Normal (125).jpg,0,0_Normal,train
train/2_Pneumonia/Pneumonia-Viral (410).jpg,2,2_Pneumonia,train
train/0_Normal/Normal (1341).jpg,0,0_Normal,train
validation/0_Normal/Normal (2825).jpg,0,0_Normal,train
validation/0_Normal/Normal (2947).jpg,0,0_Normal,train
train/0_Normal/Normal (45).jpg,0,0_Normal,train
train/0_Normal/Normal (769).jpg,0,0_Normal,train
train/2_Pneumonia/Pneumonia-Bacterial (1130).jpg,2,2_Pneumonia,train
train/2_Pneumonia/Pneumonia-Bacterial (2258).jpg,2,2_Pneumonia,train
train/0_Normal/Normal (1337).jpg,0,0_Normal,train
train/2_Pneumonia/Pneumonia-Bacterial (258).jpg,2,2_Pneumonia,train
train/0_Normal/Normal (2490).jpg,0,0_Normal,train
train/2_Pneumonia/Pneumonia-Bacterial (2447).jpg,2,2_Pneumonia,train
train/0_Normal/Normal (167).jpg,0,0_Normal,train
train/1_Covid19/COVID-19 (308).jpg,1,1_Covid19,train
train/2_Pneumonia/Pneumonia-Bacterial (1279).jpg,2,2_Pneumonia,train
train/0_Normal/Normal (1650).jpg,0,0_Normal,train
train/2_Pneumonia/Pneumonia-Bacterial (1428).jpg,2,2_Pneumonia,train
train/1_Covid19/COVID-19 (763).jpg,1,1_Covid19,train
validation/0_Normal/Normal (3197).jpg,0,0_Normal,train
train/0_Normal/Normal (185).jpg,0,0_Normal,train
train/0_Normal/Normal (2364).jpg,0,0_Normal,train
train/2_Pneumonia/Pneumonia-Viral (328).jpg,2,2_Pneumonia,train
train/0_Normal/Normal (1236).jpg,0,0_Normal,train
validation/2_Pneumonia/Pneumonia-Viral (1465).jpg,2,2_Pneumonia,train
train/2_Pneumonia/Pneumonia-Bacterial (2105).jpg,2,2_Pneumonia,train
train/0_Normal/Normal (508).jpg,0,0_Normal,train
train/2_Pneumonia/Pneumonia-Bacterial (2323).jpg,2,2_Pneumonia,train
train/0_Normal/Normal (57).jpg,0,0_Normal,train
train/1_Covid19/COVID-19 (210).jpg,1,1_Covid19,train
validation/0_Normal/Normal (3084).jpg,0,0_Normal,train
train/2_Pneumonia/Pneumonia-Bacterial (1458).jpg,2,2_Pneumonia,train
train/0_Normal/Normal (1642).jpg,0,0_Normal,train
train/1_Covid19/COVID-19 (933).jpg,1,1_Covid19,train
train/0_Normal/Normal (444).jpg,0,0_Normal,train
train/2_Pneumonia/Pneumonia-Bacterial (1974).jpg,2,2_Pneumonia,train
train/2_Pneumonia/Pneumonia-Bacterial (580).jpg,2,2_Pneumonia,train
train/0_Normal/Normal (525).jpg,0,0_Normal,train
train/2_Pneumonia/Pneumonia-Bacterial (707).jpg,2,2_Pneumonia,train
train/0_Normal/Normal (2580).jpg,0,0_Normal,train
train/0_Normal/Normal (292).jpg,0,0_Normal,train
train/2_Pneumonia/Pneumonia-Viral (539).jpg,2,2_Pneumonia,train
train/1_Covid19/COVID-19 (117).jpg,1,1_Covid19,train
train/0_Normal/Normal (311).jpg,0,0_Normal,train
train/2_Pneumonia/Pneumonia-Bacterial (2011).jpg,2,2_Pneumonia,train
train/2_Pneumonia/Pneumonia-Bacterial (2910).jpg,2,2_Pneumonia,train
train/2_Pneumonia/Pneumonia-Bacterial (2648).jpg,2,2_Pneumonia,train
validation/0_Normal/Normal (2841).jpg,0,0_Normal,train
train/2_Pneumonia/Pneumonia-Viral (519).jpg,2,2_Pneumonia,train
train/2_Pneumonia/Pneumonia-Bacterial (2528).jpg,2,2_Pneumonia,train
train/0_Normal/Normal (280).jpg,0,0_Normal,train
validation/1_Covid19/COVID-19 (1177).jpg,1,1_Covid19,train
train/1_Covid19/COVID-19 (569).jpg,1,1_Covid19,train
train/0_Normal/Normal (2174).jpg,0,0_Normal,train
train/2_Pneumonia/Pneumonia-Bacterial (649).jpg,2,2_Pneumonia,train
train/0_Normal/Normal (1721).jpg,0,0_Normal,train
train/2_Pneumonia/Pneumonia-Bacterial (2111).jpg,2,2_Pneumonia,train
validation/0_Normal/Normal (2650).jpg,0,0_Normal,train
train/0_Normal/Normal (579).jpg,0,0_Normal,train
train/2_Pneumonia/Pneumonia-Bacterial (178).jpg,2,2_Pneumonia,train
train/0_Normal/Normal (645).jpg,0,0_Normal,train
train/1_Covid19/COVID-19 (244).jpg,1,1_Covid19,train
train/2_Pneumonia/Pneumonia-Bacterial (1578).jpg,2,2_Pneumonia,train
train/2_Pneumonia/Pneumonia-Viral (197).jpg,2,2_Pneumonia,train
validation/1_Covid19/COVID-19 (1099).jpg,1,1_Covid19,train
train/2_Pneumonia/Pneumonia-Bacterial (509).jpg,2,2_Pneumonia,train
train/0_Normal/Normal (665).jpg,0,0_Normal,train
train/0_Normal/Normal (2407).jpg,0,0_Normal,train
validation/0_Normal/Normal (2791).jpg,0,0_Normal,train
train/0_Normal/Normal (2058).jpg,0,0_Normal,train
train/0_Normal/Normal (327).jpg,0,0_Normal,train
train/1_Covid19/COVID-19 (573).jpg,1,1_Covid19,train
validation/2_Pneumonia/Pneumonia-Viral (1386).jpg,2,2_Pneumonia,train
train/1_Covid19/COVID-19 (632).jpg,1,1_Covid19,train
train/2_Pneumonia/Pneumonia-Bacterial (2756).jpg,2,2_Pneumonia,train
validation/1_Covid19/COVID-19 (1074).jpg,1,1_Covid19,train
train/2_Pneumonia/Pneumonia-Bacterial (468).jpg,2,2_Pneumonia,train
validation/2_Pneumonia/Pneumonia-Viral (1522).jpg,2,2_Pneumonia,train
train/2_Pneumonia/Pneumonia-Bacterial (227).jpg,2,2_Pneumonia,train
train/1_Covid19/COVID-19 (577).jpg,1,1_Covid19,train
train/2_Pneumonia/Pneumonia-Bacterial (2488).jpg,2,2_Pneumonia,train
train/2_Pneumonia/Pneumonia-Bacterial (487).jpg,2,2_Pneumonia,train
train/0_Normal/Normal (1202).jpg,0,0_Normal,train
train/0_Normal/Normal (2108).jpg,0,0_Normal,train
validation/2_Pneumonia/Pneumonia-Viral (1410).jpg,2,2_Pneumonia,train
train/2_Pneumonia/Pneumonia-Viral (40).jpg,2,2_Pneumonia,train
train/0_Normal/Normal (92).jpg,0,0_Normal,train
train/2_Pneumonia/Pneumonia-Bacterial (991).jpg,2,2_Pneumonia,train
train/1_Covid19/COVID-19 (464).jpg,1,1_Covid19,train
train/0_Normal/Normal (1950).jpg,0,0_Normal,train
validation/1_Covid19/COVID-19 (1144).jpg,1,1_Covid19,train
train/0_Normal/Normal (82).jpg,0,0_Normal,train
train/1_Covid19/COVID-19 (1012).jpg,1,1_Covid19,train
train/2_Pneumonia/Pneumonia-Bacterial (1168).jpg,2,2_Pneumonia,train
train/1_Covid19/COVID-19 (35).jpg,1,1_Covid19,train
train/1_Covid19/COVID-19 (712).jpg,1,1_Covid19,train
train/2_Pneumonia/Pneumonia-Bacterial (1581).jpg,2,2_Pneumonia,train
train/2_Pneumonia/Pneumonia-Bacterial (1818).jpg,2,2_Pneumonia,train
validation/2_Pneumonia/Pneumonia-Viral (1043).jpg,2,2_Pneumonia,train
train/2_Pneumonia/Pneumonia-Bacterial (1699).jpg,2,2_Pneumonia,train
train/2_Pneumonia/Pneumonia-Bacterial (2193).jpg,2,2_Pneumonia,train
train/0_Normal/Normal (1364).jpg,0,0_Normal,train
train/2_Pneumonia/Pneumonia-Bacterial (2902).jpg,2,2_Pneumonia,train
train/2_Pneumonia/Pneumonia-Viral (427).jpg,2,2_Pneumonia,train
train/0_Normal/Normal (137).jpg,0,0_Normal,train
train/0_Normal/Normal (470).jpg,0,0_Normal,train
train/1_Covid19/COVID-19 (504).jpg,1,1_Covid19,train
train/2_Pneumonia/Pneumonia-Bacterial (1358).jpg,2,2_Pneumonia,train
train/0_Normal/Normal (2471).jpg,0,0_Normal,train
train/0_Normal/Normal (2457).jpg,0,0_Normal,train
train/0_Normal/Normal (1979).jpg,0,0_Normal,train
train/0_Normal/Normal (333).jpg,0,0_Normal,train
train/0_Normal/Normal (1008).jpg,0,0_Normal,train
train/0_Normal/Normal (684).jpg,0,0_Normal,train
train/1_Covid19/COVID-19 (642).jpg,1,1_Covid19,train
train/2_Pneumonia/Pneumonia-Bacterial (299).jpg,2,2_Pneumonia,train
train/0_Normal/Normal (1811).jpg,0,0_Normal,train
train/0_Normal/Normal (591).jpg,0,0_Normal,train
train/0_Normal/Normal (249).jpg,0,0_Normal,train
train/2_Pneumonia/Pneumonia-Viral (68).jpg,2,2_Pneumonia,train
validation/2_Pneumonia/Pneumonia-Viral (1100).jpg,2,2_Pneumonia,train
train/1_Covid19/COVID-19 (506).jpg,1,1_Covid19,train
validation/0_Normal/Normal (3144).jpg,0,0_Normal,train
train/2_Pneumonia/Pneumonia-Bacterial (867).jpg,2,2_Pneumonia,train
train/2_Pneumonia/Pneumonia-Bacterial (86).jpg,2,2_Pneumonia,train
train/2_Pneumonia/Pneumonia-Viral (155).jpg,2,2_Pneumonia,train
train/1_Covid19/COVID-19 (366).jpg,1,1_Covid19,train
train/0_Normal/Normal (342).jpg,0,0_Normal,train
train/2_Pneumonia/Pneumonia-Bacterial (91).jpg,2,2_Pneumonia,train
train/1_Covid19/COVID-19 (492).jpg,1,1_Covid19,train
validation/2_Pneumonia/Pneumonia-Viral (1278).jpg,2,2_Pneumonia,train
train/2_Pneumonia/Pneumonia-Viral (120).jpg,2,2_Pneumonia,train
train/0_Normal/Normal (955).jpg,0,0_Normal,train
train/0_Normal/Normal (1786).jpg,0,0_Normal,train
train/2_Pneumonia/Pneumonia-Bacterial (2183).jpg,2,2_Pneumonia,train
train/2_Pneumonia/Pneumonia-Bacterial (1606).jpg,2,2_Pneumonia,train
train/2_Pneumonia/Pneumonia-Bacterial (1513).jpg,2,2_Pneumonia,train
train/1_Covid19/COVID-19 (881).jpg,1,1_Covid19,train
train/1_Covid19/COVID-19 (591).jpg,1,1_Covid19,train
validation/2_Pneumonia/Pneumonia-Viral (837).jpg,2,2_Pneumonia,train
validation/2_Pneumonia/Pneumonia-Viral (1290).jpg,2,2_Pneumonia,train
train/0_Normal/Normal (1398).jpg,0,0_Normal,train
train/2_Pneumonia/Pneumonia-Bacterial (2307).jpg,2,2_Pneumonia,train
train/2_Pneumonia/Pneumonia-Bacterial (571).jpg,2,2_Pneumonia,train
train/0_Normal/Normal (653).jpg,0,0_Normal,train
train/1_Covid19/COVID-19 (374).jpg,1,1_Covid19,train
validation/0_Normal/Normal (2661).jpg,0,0_Normal,train
train/0_Normal/Normal (989).jpg,0,0_Normal,train
train/0_Normal/Normal (1607).jpg,0,0_Normal,train
train/2_Pneumonia/Pneumonia-Viral (249).jpg,2,2_Pneumonia,train
train/1_Covid19/COVID-19 (693).jpg,1,1_Covid19,train
train/1_Covid19/COVID-19 (56).jpg,1,1_Covid19,train
train/1_Covid19/COVID-19 (46).jpg,1,1_Covid19,train
train/2_Pneumonia/Pneumonia-Bacterial (1326).jpg,2,2_Pneumonia,train
validation/1_Covid19/COVID-19 (1273).jpg,1,1_Covid19,train
validation/0_Normal/Normal (3209).jpg,0,0_Normal,train
validation/2_Pneumonia/Pneumonia-Viral (1428).jpg,2,2_Pneumonia,train
validation/2_Pneumonia/Pneumonia-Viral (1020).jpg,2,2_Pneumonia,train
train/2_Pneumonia/Pneumonia-Viral (147).jpg,2,2_Pneumonia,train
validation/0_Normal/Normal (2693).jpg,0,0_Normal,train
train/2_Pneumonia/Pneumonia-Bacterial (847).jpg,2,2_Pneumonia,train
validation/1_Covid19/COVID-19 (1159).jpg,1,1_Covid19,train
train/2_Pneumonia/Pneumonia-Viral (336).jpg,2,2_Pneumonia,train
train/0_Normal/Normal (2403).jpg,0,0_Normal,train
train/1_Covid19/COVID-19 (47).jpg,1,1_Covid19,train
train/1_Covid19/COVID-19 (773).jpg,1,1_Covid19,train
train/2_Pneumonia/Pneumonia-Bacterial (958).jpg,2,2_Pneumonia,train
train/2_Pneumonia/Pneumonia-Bacterial (2761).jpg,2,2_Pneumonia,train
validation/0_Normal/Normal (3168).jpg,0,0_Normal,train
validation/2_Pneumonia/Pneumonia-Viral (1102).jpg,2,2_Pneumonia,train
train/1_Covid19/COVID-19 (75).jpg,1,1_Covid19,train
train/0_Normal/Normal (1980).jpg,0,0_Normal,train
train/0_Normal/Normal (1886).jpg,0,0_Normal,train
train/1_Covid19/COVID-19 (746).jpg,1,1_Covid19,train
train/0_Normal/Normal (909).jpg,0,0_Normal,train
train/1_Covid19/COVID-19 (601).jpg,1,1_Covid19,train
train/0_Normal/Normal (1668).jpg,0,0_Normal,train
train/0_Normal/Normal (202).jpg,0,0_Normal,train
train/0_Normal/Normal (340).jpg,0,0_Normal,train
validation/2_Pneumonia/Pneumonia-Viral (903).jpg,2,2_Pneumonia,train
train/0_Normal/Normal (2372).jpg,0,0_Normal,train
train/0_Normal/Normal (2519).jpg,0,0_Normal,train
train/0_Normal/Normal (1880).jpg,0,0_Normal,train
train/1_Covid19/COVID-19 (434).jpg,1,1_Covid19,train
train/0_Normal/Normal (1).jpg,0,0_Normal,train
train/0_Normal/Normal (785).jpg,0,0_Normal,train
validation/2_Pneumonia/Pneumonia-Viral (891).jpg,2,2_Pneumonia,train
train/2_Pneumonia/Pneumonia-Viral (178).jpg,2,2_Pneumonia,train
train/2_Pneumonia/Pneumonia-Bacterial (1754).jpg,2,2_Pneumonia,train
train/0_Normal/Normal (772).jpg,0,0_Normal,train
validation/1_Covid19/COVID-19 (1153).jpg,1,1_Covid19,train
train/2_Pneumonia/Pneumonia-Bacterial (1449).jpg,2,2_Pneumonia,train
train/1_Covid19/COVID-19 (234).jpg,1,1_Covid19,train
train/2_Pneumonia/Pneumonia-Bacterial (2749).jpg,2,2_Pneumonia,train
train/2_Pneumonia/Pneumonia-Bacterial (107).jpg,2,2_Pneumonia,train
train/0_Normal/Normal (2208).jpg,0,0_Normal,train
train/2_Pneumonia/Pneumonia-Viral (145).jpg,2,2_Pneumonia,train
train/2_Pneumonia/Pneumonia-Viral (536).jpg,2,2_Pneumonia,train
train/2_Pneumonia/Pneumonia-Bacterial (1807).jpg,2,2_Pneumonia,train
train/2_Pneumonia/Pneumonia-Bacterial (2128).jpg,2,2_Pneumonia,train
train/0_Normal/Normal (1419).jpg,0,0_Normal,train
validation/2_Pneumonia/Pneumonia-Viral (1247).jpg,2,2_Pneumonia,train
train/2_Pneumonia/Pneumonia-Bacterial (427).jpg,2,2_Pneumonia,train
train/1_Covid19/COVID-19 (195).jpg,1,1_Covid19,train
train/1_Covid19/COVID-19 (165).jpg,1,1_Covid19,train
train/2_Pneumonia/Pneumonia-Bacterial (2203).jpg,2,2_Pneumonia,train
train/2_Pneumonia/Pneumonia-Bacterial (1134).jpg,2,2_Pneumonia,train
train/2_Pneumonia/Pneumonia-Viral (63).jpg,2,2_Pneumonia,train
train/0_Normal/Normal (2559).jpg,0,0_Normal,train
validation/2_Pneumonia/Pneumonia-Viral (1448).jpg,2,2_Pneumonia,train
train/2_Pneumonia/Pneumonia-Bacterial (369).jpg,2,2_Pneumonia,train
validation/0_Normal/Normal (2755).jpg,0,0_Normal,train
train/2_Pneumonia/Pneumonia-Bacterial (2016).jpg,2,2_Pneumonia,train
train/2_Pneumonia/Pneumonia-Bacterial (476).jpg,2,2_Pneumonia,train
train/1_Covid19/COVID-19 (705).jpg,1,1_Covid19,train
train/2_Pneumonia/Pneumonia-Bacterial (2075).jpg,2,2_Pneumonia,train
train/2_Pneumonia/Pneumonia-Bacterial (1294).jpg,2,2_Pneumonia,train
train/1_Covid19/COVID-19 (93).jpg,1,1_Covid19,train
train/2_Pneumonia/Pneumonia-Bacterial (838).jpg,2,2_Pneumonia,train
train/2_Pneumonia/Pneumonia-Bacterial (183).jpg,2,2_Pneumonia,train
train/2_Pneumonia/Pneumonia-Bacterial (2039).jpg,2,2_Pneumonia,train
train/0_Normal/Normal (80).jpg,0,0_Normal,train
train/2_Pneumonia/Pneumonia-Bacterial (2356).jpg,2,2_Pneumonia,train
train/2_Pneumonia/Pneumonia-Bacterial (1218).jpg,2,2_Pneumonia,train
train/1_Covid19/COVID-19 (955).jpg,1,1_Covid19,train
train/2_Pneumonia/Pneumonia-Bacterial (1094).jpg,2,2_Pneumonia,train
train/2_Pneumonia/Pneumonia-Bacterial (272).jpg,2,2_Pneumonia,train
train/1_Covid19/COVID-19 (61).jpg,1,1_Covid19,train
train/2_Pneumonia/Pneumonia-Bacterial (1726).jpg,2,2_Pneumonia,train
validation/1_Covid19/COVID-19 (1271).jpg,1,1_Covid19,train
train/0_Normal/Normal (616).jpg,0,0_Normal,train
train/1_Covid19/COVID-19 (584).jpg,1,1_Covid19,train
train/1_Covid19/COVID-19 (854).jpg,1,1_Covid19,train
train/0_Normal/Normal (170).jpg,0,0_Normal,train
train/1_Covid19/COVID-19 (967).jpg,1,1_Covid19,train
train/2_Pneumonia/Pneumonia-Bacterial (1001).jpg,2,2_Pneumonia,train
train/2_Pneumonia/Pneumonia-Bacterial (2950).jpg,2,2_Pneumonia,train
validation/0_Normal/Normal (2936).jpg,0,0_Normal,train
train/2_Pneumonia/Pneumonia-Bacterial (693).jpg,2,2_Pneumonia,train
train/2_Pneumonia/Pneumonia-Bacterial (2369).jpg,2,2_Pneumonia,train
train/0_Normal/Normal (1730).jpg,0,0_Normal,train
train/0_Normal/Normal (1837).jpg,0,0_Normal,train
validation/2_Pneumonia/Pneumonia-Viral (1622).jpg,2,2_Pneumonia,train
train/2_Pneumonia/Pneumonia-Bacterial (1652).jpg,2,2_Pneumonia,train
validation/0_Normal/Normal (2993).jpg,0,0_Normal,train
validation/2_Pneumonia/Pneumonia-Viral (1221).jpg,2,2_Pneumonia,train
train/1_Covid19/COVID-19 (290).jpg,1,1_Covid19,train
train/1_Covid19/COVID-19 (141).jpg,1,1_Covid19,train
train/2_Pneumonia/Pneumonia-Viral (88).jpg,2,2_Pneumonia,train
train/2_Pneumonia/Pneumonia-Bacterial (1046).jpg,2,2_Pneumonia,train
validation/1_Covid19/COVID-19 (1222).jpg,1,1_Covid19,train
train/2_Pneumonia/Pneumonia-Viral (673).jpg,2,2_Pneumonia,train
train/2_Pneumonia/Pneumonia-Bacterial (128).jpg,2,2_Pneumonia,train
train/1_Covid19/COVID-19 (541).jpg,1,1_Covid19,train
validation/2_Pneumonia/Pneumonia-Viral (1566).jpg,2,2_Pneumonia,train
train/2_Pneumonia/Pneumonia-Bacterial (2538).jpg,2,2_Pneumonia,train
train/2_Pneumonia/Pneumonia-Bacterial (2874).jpg,2,2_Pneumonia,train
validation/2_Pneumonia/Pneumonia-Viral (1375).jpg,2,2_Pneumonia,train
validation/0_Normal/Normal (3142).jpg,0,0_Normal,train
validation/2_Pneumonia/Pneumonia-Viral (1210).jpg,2,2_Pneumonia,train
train/2_Pneumonia/Pneumonia-Viral (628).jpg,2,2_Pneumonia,train
train/0_Normal/Normal (1141).jpg,0,0_Normal,train
train/2_Pneumonia/Pneumonia-Bacterial (2164).jpg,2,2_Pneumonia,train
train/2_Pneumonia/Pneumonia-Bacterial (2189).jpg,2,2_Pneumonia,train
validation/2_Pneumonia/Pneumonia-Viral (1151).jpg,2,2_Pneumonia,train
train/2_Pneumonia/Pneumonia-Bacterial (2778).jpg,2,2_Pneumonia,train
validation/2_Pneumonia/Pneumonia-Viral (1538).jpg,2,2_Pneumonia,train
train/1_Covid19/COVID-19 (925).jpg,1,1_Covid19,train
train/2_Pneumonia/Pneumonia-Bacterial (1874).jpg,2,2_Pneumonia,train
train/2_Pneumonia/Pneumonia-Bacterial (891).jpg,2,2_Pneumonia,train
train/2_Pneumonia/Pneumonia-Bacterial (1774).jpg,2,2_Pneumonia,train
validation/2_Pneumonia/Pneumonia-Viral (1090).jpg,2,2_Pneumonia,train
train/0_Normal/Normal (2106).jpg,0,0_Normal,train
validation/2_Pneumonia/Pneumonia-Viral (1083).jpg,2,2_Pneumonia,train
train/0_Normal/Normal (775).jpg,0,0_Normal,train
train/2_Pneumonia/Pneumonia-Bacterial (2074).jpg,2,2_Pneumonia,train
train/0_Normal/Normal (1988).jpg,0,0_Normal,train
train/2_Pneumonia/Pneumonia-Viral (36).jpg,2,2_Pneumonia,train
validation/2_Pneumonia/Pneumonia-Viral (1091).jpg,2,2_Pneumonia,train
train/2_Pneumonia/Pneumonia-Bacterial (1501).jpg,2,2_Pneumonia,train
validation/2_Pneumonia/Pneumonia-Viral (1354).jpg,2,2_Pneumonia,train
train/0_Normal/Normal (1189).jpg,0,0_Normal,train
train/0_Normal/Normal (1794).jpg,0,0_Normal,train
train/2_Pneumonia/Pneumonia-Bacterial (2152).jpg,2,2_Pneumonia,train
train/2_Pneumonia/Pneumonia-Bacterial (1688).jpg,2,2_Pneumonia,train
train/2_Pneumonia/Pneumonia-Bacterial (2850).jpg,2,2_Pneumonia,train
train/0_Normal/Normal (1040).jpg,0,0_Normal,train
validation/2_Pneumonia/Pneumonia-Viral (1213).jpg,2,2_Pneumonia,train
train/2_Pneumonia/Pneumonia-Bacterial (100).jpg,2,2_Pneumonia,train
train/1_Covid19/COVID-19 (334).jpg,1,1_Covid19,train
validation/2_Pneumonia/Pneumonia-Viral (1235) (1).jpg,2,2_Pneumonia,train
train/0_Normal/Normal (553).jpg,0,0_Normal,train
train/1_Covid19/COVID-19 (1020).jpg,1,1_Covid19,train
train/0_Normal/Normal (2269).jpg,0,0_Normal,train
train/1_Covid19/COVID-19 (186).jpg,1,1_Covid19,train
train/0_Normal/Normal (1211).jpg,0,0_Normal,train
train/1_Covid19/COVID-19 (896).jpg,1,1_Covid19,train
train/0_Normal/Normal (373).jpg,0,0_Normal,train
train/2_Pneumonia/Pneumonia-Bacterial (1802).jpg,2,2_Pneumonia,train
train/2_Pneumonia/Pneumonia-Viral (719).jpg,2,2_Pneumonia,train
validation/0_Normal/Normal (2832).jpg,0,0_Normal,train
train/0_Normal/Normal (1959).jpg,0,0_Normal,train
train/0_Normal/Normal (2089).jpg,0,0_Normal,train
train/0_Normal/Normal (40).jpg,0,0_Normal,train
train/1_Covid19/COVID-19 (869).jpg,1,1_Covid19,train
train/1_Covid19/COVID-19 (501).jpg,1,1_Covid19,train
train/2_Pneumonia/Pneumonia-Viral (413).jpg,2,2_Pneumonia,train
train/2_Pneumonia/Pneumonia-Viral (94).jpg,2,2_Pneumonia,train
train/0_Normal/Normal (925).jpg,0,0_Normal,train
train/2_Pneumonia/Pneumonia-Bacterial (796).jpg,2,2_Pneumonia,train
train/0_Normal/Normal (890).jpg,0,0_Normal,train
train/2_Pneumonia/Pneumonia-Bacterial (2491).jpg,2,2_Pneumonia,train
train/0_Normal/Normal (484).jpg,0,0_Normal,train
train/2_Pneumonia/Pneumonia-Bacterial (248).jpg,2,2_Pneumonia,train
train/2_Pneumonia/Pneumonia-Viral (373).jpg,2,2_Pneumonia,train
train/0_Normal/Normal (2154).jpg,0,0_Normal,train
train/2_Pneumonia/Pneumonia-Bacterial (240).jpg,2,2_Pneumonia,train
train/0_Normal/Normal (1584).jpg,0,0_Normal,train
train/0_Normal/Normal (875).jpg,0,0_Normal,train
train/1_Covid19/COVID-19 (997).jpg,1,1_Covid19,train
train/2_Pneumonia/Pneumonia-Bacterial (2478).jpg,2,2_Pneumonia,train
train/0_Normal/Normal (2013).jpg,0,0_Normal,train
train/2_Pneumonia/Pneumonia-Viral (299).jpg,2,2_Pneumonia,train
validation/0_Normal/Normal (2748).jpg,0,0_Normal,train
train/0_Normal/Normal (1814).jpg,0,0_Normal,train
train/1_Covid19/COVID-19 (60).jpg,1,1_Covid19,train
validation/2_Pneumonia/Pneumonia-Viral (848).jpg,2,2_Pneumonia,train
train/0_Normal/Normal (226).jpg,0,0_Normal,train
train/1_Covid19/COVID-19 (942).jpg,1,1_Covid19,train
train/0_Normal/Normal (188).jpg,0,0_Normal,train
train/2_Pneumonia/Pneumonia-Bacterial (332).jpg,2,2_Pneumonia,train
validation/1_Covid19/COVID-19 (1252).jpg,1,1_Covid19,train
train/2_Pneumonia/Pneumonia-Viral (376).jpg,2,2_Pneumonia,train
train/1_Covid19/COVID-19 (981).jpg,1,1_Covid19,train
train/0_Normal/Normal (146).jpg,0,0_Normal,train
validation/1_Covid19/COVID-19 (1081).jpg,1,1_Covid19,train
train/2_Pneumonia/Pneumonia-Viral (518).jpg,2,2_Pneumonia,train
train/0_Normal/Normal (2262).jpg,0,0_Normal,train
train/2_Pneumonia/Pneumonia-Bacterial (591).jpg,2,2_Pneumonia,train
train/1_Covid19/COVID-19 (668).jpg,1,1_Covid19,train
train/1_Covid19/COVID-19 (734).jpg,1,1_Covid19,train
train/1_Covid19/COVID-19 (108).jpg,1,1_Covid19,train
train/2_Pneumonia/Pneumonia-Bacterial (2158).jpg,2,2_Pneumonia,train
train/0_Normal/Normal (545).jpg,0,0_Normal,train
validation/1_Covid19/COVID-19 (1278).jpg,1,1_Covid19,train
train/0_Normal/Normal (985).jpg,0,0_Normal,train
train/0_Normal/Normal (557).jpg,0,0_Normal,train
train/2_Pneumonia/Pneumonia-Bacterial (1303).jpg,2,2_Pneumonia,train
train/2_Pneumonia/Pneumonia-Viral (580).jpg,2,2_Pneumonia,train
train/2_Pneumonia/Pneumonia-Bacterial (1731).jpg,2,2_Pneumonia,train
train/0_Normal/Normal (535).jpg,0,0_Normal,train
train/0_Normal/Normal (1784).jpg,0,0_Normal,train
train/0_Normal/Normal (2235).jpg,0,0_Normal,train
train/2_Pneumonia/Pneumonia-Bacterial (390).jpg,2,2_Pneumonia,train
train/0_Normal/Normal (1757).jpg,0,0_Normal,train
train/2_Pneumonia/Pneumonia-Viral (129).jpg,2,2_Pneumonia,train
train/2_Pneumonia/Pneumonia-Bacterial (2739).jpg,2,2_Pneumonia,train
train/1_Covid19/COVID-19 (309).jpg,1,1_Covid19,train
train/0_Normal/Normal (1808).jpg,0,0_Normal,train
train/1_Covid19/COVID-19 (829).jpg,1,1_Covid19,train
validation/0_Normal/Normal (2907).jpg,0,0_Normal,train
train/2_Pneumonia/Pneumonia-Bacterial (2259).jpg,2,2_Pneumonia,train
train/2_Pneumonia/Pneumonia-Bacterial (711).jpg,2,2_Pneumonia,train
train/2_Pneumonia/Pneumonia-Bacterial (1918).jpg,2,2_Pneumonia,train
train/1_Covid19/COVID-19 (221).jpg,1,1_Covid19,train
train/0_Normal/Normal (17).jpg,0,0_Normal,train
train/2_Pneumonia/Pneumonia-Bacterial (719).jpg,2,2_Pneumonia,train
train/0_Normal/Normal (974).jpg,0,0_Normal,train
validation/2_Pneumonia/Pneumonia-Viral (1584).jpg,2,2_Pneumonia,train
train/2_Pneumonia/Pneumonia-Bacterial (2960).jpg,2,2_Pneumonia,train
validation/2_Pneumonia/Pneumonia-Viral (1309).jpg,2,2_Pneumonia,train
validation/2_Pneumonia/Pneumonia-Viral (965).jpg,2,2_Pneumonia,train
train/0_Normal/Normal (2243).jpg,0,0_Normal,train
validation/2_Pneumonia/Pneumonia-Viral (1176).jpg,2,2_Pneumonia,train
train/2_Pneumonia/Pneumonia-Bacterial (1394).jpg,2,2_Pneumonia,train
train/2_Pneumonia/Pneumonia-Viral (111).jpg,2,2_Pneumonia,train
train/0_Normal/Normal (2316).jpg,0,0_Normal,train
train/0_Normal/Normal (1872).jpg,0,0_Normal,train
train/1_Covid19/COVID-19 (566).jpg,1,1_Covid19,train
train/0_Normal/Normal (1384).jpg,0,0_Normal,train
train/2_Pneumonia/Pneumonia-Bacterial (2905).jpg,2,2_Pneumonia,train
train/0_Normal/Normal (1624).jpg,0,0_Normal,train
train/2_Pneumonia/Pneumonia-Viral (274).jpg,2,2_Pneumonia,train
validation/2_Pneumonia/Pneumonia-Viral (967).jpg,2,2_Pneumonia,train
train/2_Pneumonia/Pneumonia-Bacterial (501).jpg,2,2_Pneumonia,train
train/2_Pneumonia/Pneumonia-Viral (334).jpg,2,2_Pneumonia,train
train/0_Normal/Normal (2223).jpg,0,0_Normal,train
validation/1_Covid19/COVID-19 (1197).jpg,1,1_Covid19,train
train/2_Pneumonia/Pneumonia-Viral (648).jpg,2,2_Pneumonia,train
train/2_Pneumonia/Pneumonia-Bacterial (324).jpg,2,2_Pneumonia,train
train/2_Pneumonia/Pneumonia-Bacterial (2988).jpg,2,2_Pneumonia,train
train/2_Pneumonia/Pneumonia-Bacterial (1188).jpg,2,2_Pneumonia,train
train/1_Covid19/COVID-19 (993).jpg,1,1_Covid19,train
train/0_Normal/Normal (1194).jpg,0,0_Normal,train
train/0_Normal/Normal (1638).jpg,0,0_Normal,train
train/1_Covid19/COVID-19 (307).jpg,1,1_Covid19,train
validation/2_Pneumonia/Pneumonia-Viral (1605).jpg,2,2_Pneumonia,train
train/0_Normal/Normal (2510).jpg,0,0_Normal,train
train/2_Pneumonia/Pneumonia-Bacterial (2955).jpg,2,2_Pneumonia,train
train/2_Pneumonia/Pneumonia-Bacterial (637).jpg,2,2_Pneumonia,train
validation/2_Pneumonia/Pneumonia-Viral (1148).jpg,2,2_Pneumonia,train
validation/2_Pneumonia/Pneumonia-Viral (743).jpg,2,2_Pneumonia,train
train/2_Pneumonia/Pneumonia-Viral (177).jpg,2,2_Pneumonia,train
train/2_Pneumonia/Pneumonia-Bacterial (179).jpg,2,2_Pneumonia,train
train/2_Pneumonia/Pneumonia-Bacterial (660).jpg,2,2_Pneumonia,train
validation/1_Covid19/COVID-19 (1091).jpg,1,1_Covid19,train
train/0_Normal/Normal (396).jpg,0,0_Normal,train
validation/2_Pneumonia/Pneumonia-Viral (1037).jpg,2,2_Pneumonia,train
train/0_Normal/Normal (1747).jpg,0,0_Normal,train
train/2_Pneumonia/Pneumonia-Bacterial (816).jpg,2,2_Pneumonia,train
train/2_Pneumonia/Pneumonia-Bacterial (1336).jpg,2,2_Pneumonia,train
train/1_Covid19/COVID-19 (45).jpg,1,1_Covid19,train
train/0_Normal/Normal (63).jpg,0,0_Normal,train
validation/2_Pneumonia/Pneumonia-Viral (1242).jpg,2,2_Pneumonia,train
train/2_Pneumonia/Pneumonia-Bacterial (1032).jpg,2,2_Pneumonia,train
train/1_Covid19/COVID-19 (983).jpg,1,1_Covid19,train
train/0_Normal/Normal (560).jpg,0,0_Normal,train
train/2_Pneumonia/Pneumonia-Viral (417).jpg,2,2_Pneumonia,train
train/0_Normal/Normal (255).jpg,0,0_Normal,train
train/2_Pneumonia/Pneumonia-Bacterial (2300).jpg,2,2_Pneumonia,train
train/0_Normal/Normal (1521).jpg,0,0_Normal,train
train/2_Pneumonia/Pneumonia-Bacterial (848).jpg,2,2_Pneumonia,train
train/0_Normal/Normal (2493).jpg,0,0_Normal,train
train/2_Pneumonia/Pneumonia-Bacterial (1348).jpg,2,2_Pneumonia,train
train/2_Pneumonia/Pneumonia-Bacterial (241).jpg,2,2_Pneumonia,train
train/2_Pneumonia/Pneumonia-Bacterial (1534).jpg,2,2_Pneumonia,train
train/2_Pneumonia/Pneumonia-Bacterial (1339).jpg,2,2_Pneumonia,train
train/2_Pneumonia/Pneumonia-Bacterial (2481).jpg,2,2_Pneumonia,train
train/2_Pneumonia/Pneumonia-Viral (286).jpg,2,2_Pneumonia,train
validation/1_Covid19/COVID-19 (1067).jpg,1,1_Covid19,train
train/2_Pneumonia/Pneumonia-Bacterial (2891).jpg,2,2_Pneumonia,train
train/2_Pneumonia/Pneumonia-Bacterial (1998).jpg,2,2_Pneumonia,train
train/1_Covid19/COVID-19 (369).jpg,1,1_Covid19,train
train/0_Normal/Normal (1752).jpg,0,0_Normal,train
train/2_Pneumonia/Pneumonia-Bacterial (1330).jpg,2,2_Pneumonia,train
train/2_Pneumonia/Pneumonia-Bacterial (513).jpg,2,2_Pneumonia,train
train/0_Normal/Normal (1357).jpg,0,0_Normal,train
validation/2_Pneumonia/Pneumonia-Viral (941).jpg,2,2_Pneumonia,train
validation/0_Normal/Normal (3149).jpg,0,0_Normal,train
train/2_Pneumonia/Pneumonia-Bacterial (2429).jpg,2,2_Pneumonia,train
train/2_Pneumonia/Pneumonia-Bacterial (2764).jpg,2,2_Pneumonia,train
train/0_Normal/Normal (2470).jpg,0,0_Normal,train
validation/2_Pneumonia/Pneumonia-Viral (1092).jpg,2,2_Pneumonia,train
train/2_Pneumonia/Pneumonia-Bacterial (2330).jpg,2,2_Pneumonia,train
train/2_Pneumonia/Pneumonia-Viral (273).jpg,2,2_Pneumonia,train
train/2_Pneumonia/Pneumonia-Bacterial (569).jpg,2,2_Pneumonia,train
train/2_Pneumonia/Pneumonia-Viral (343).jpg,2,2_Pneumonia,train
train/2_Pneumonia/Pneumonia-Viral (313).jpg,2,2_Pneumonia,train
train/2_Pneumonia/Pneumonia-Bacterial (184).jpg,2,2_Pneumonia,train
train/1_Covid19/COVID-19 (765).jpg,1,1_Covid19,train
train/2_Pneumonia/Pneumonia-Bacterial (151).jpg,2,2_Pneumonia,train
train/1_Covid19/COVID-19 (568).jpg,1,1_Covid19,train
validation/0_Normal/Normal (3153).jpg,0,0_Normal,train
train/1_Covid19/COVID-19 (233).jpg,1,1_Covid19,train
train/2_Pneumonia/Pneumonia-Bacterial (435).jpg,2,2_Pneumonia,train
train/0_Normal/Normal (1965).jpg,0,0_Normal,train
train/0_Normal/Normal (1527).jpg,0,0_Normal,train
validation/1_Covid19/COVID-19 (1218).jpg,1,1_Covid19,train
train/2_Pneumonia/Pneumonia-Bacterial (1210).jpg,2,2_Pneumonia,train
train/2_Pneumonia/Pneumonia-Bacterial (1542).jpg,2,2_Pneumonia,train
train/1_Covid19/COVID-19 (962).jpg,1,1_Covid19,train
train/0_Normal/Normal (1159).jpg,0,0_Normal,train
train/0_Normal/Normal (394).jpg,0,0_Normal,train
train/2_Pneumonia/Pneumonia-Bacterial (205).jpg,2,2_Pneumonia,train
train/0_Normal/Normal (891).jpg,0,0_Normal,train
train/0_Normal/Normal (782).jpg,0,0_Normal,train
train/0_Normal/Normal (425).jpg,0,0_Normal,train
train/0_Normal/Normal (836).jpg,0,0_Normal,train
validation/2_Pneumonia/Pneumonia-Viral (767).jpg,2,2_Pneumonia,train
train/1_Covid19/COVID-19 (161).jpg,1,1_Covid19,train
train/2_Pneumonia/Pneumonia-Bacterial (238).jpg,2,2_Pneumonia,train
train/2_Pneumonia/Pneumonia-Bacterial (534).jpg,2,2_Pneumonia,train
train/0_Normal/Normal (345).jpg,0,0_Normal,train
train/1_Covid19/COVID-19 (300).jpg,1,1_Covid19,train
train/0_Normal/Normal (827).jpg,0,0_Normal,train
validation/0_Normal/Normal (3187).jpg,0,0_Normal,train
train/0_Normal/Normal (2399).jpg,0,0_Normal,train
validation/2_Pneumonia/Pneumonia-Viral (1026).jpg,2,2_Pneumonia,train
validation/2_Pneumonia/Pneumonia-Viral (855).jpg,2,2_Pneumonia,train
train/1_Covid19/COVID-19 (770).jpg,1,1_Covid19,train
train/1_Covid19/COVID-19 (620).jpg,1,1_Covid19,train
train/1_Covid19/COVID-19 (879).jpg,1,1_Covid19,train
validation/0_Normal/Normal (3072).jpg,0,0_Normal,train
train/2_Pneumonia/Pneumonia-Bacterial (1900).jpg,2,2_Pneumonia,train
train/0_Normal/Normal (756).jpg,0,0_Normal,train
train/0_Normal/Normal (961).jpg,0,0_Normal,train
train/2_Pneumonia/Pneumonia-Bacterial (736).jpg,2,2_Pneumonia,train
train/0_Normal/Normal (573).jpg,0,0_Normal,train
validation/2_Pneumonia/Pneumonia-Viral (921).jpg,2,2_Pneumonia,train
validation/0_Normal/Normal (2918).jpg,0,0_Normal,train
train/2_Pneumonia/Pneumonia-Bacterial (2235).jpg,2,2_Pneumonia,train
train/2_Pneumonia/Pneumonia-Bacterial (465).jpg,2,2_Pneumonia,train
train/2_Pneumonia/Pneumonia-Viral (563).jpg,2,2_Pneumonia,train
train/0_Normal/Normal (660).jpg,0,0_Normal,train
train/0_Normal/Normal (1379).jpg,0,0_Normal,train
train/2_Pneumonia/Pneumonia-Bacterial (1590).jpg,2,2_Pneumonia,train
train/0_Normal/Normal (14).jpg,0,0_Normal,train
train/2_Pneumonia/Pneumonia-Viral (383).jpg,2,2_Pneumonia,train
train/1_Covid19/COVID-19 (69).jpg,1,1_Covid19,train
train/0_Normal/Normal (61).jpg,0,0_Normal,train
train/1_Covid19/COVID-19 (132).jpg,1,1_Covid19,train
train/0_Normal/Normal (1910).jpg,0,0_Normal,train
train/0_Normal/Normal (1510).jpg,0,0_Normal,train
train/2_Pneumonia/Pneumonia-Bacterial (1926).jpg,2,2_Pneumonia,train
train/0_Normal/Normal (734).jpg,0,0_Normal,train
train/2_Pneumonia/Pneumonia-Bacterial (229).jpg,2,2_Pneumonia,train
train/1_Covid19/COVID-19 (431).jpg,1,1_Covid19,train
train/2_Pneumonia/Pneumonia-Bacterial (1747).jpg,2,2_Pneumonia,train
validation/0_Normal/Normal (2831).jpg,0,0_Normal,train
train/0_Normal/Normal (1630).jpg,0,0_Normal,train
train/0_Normal/Normal (1731).jpg,0,0_Normal,train
validation/0_Normal/Normal (2977).jpg,0,0_Normal,train
train/2_Pneumonia/Pneumonia-Bacterial (1962).jpg,2,2_Pneumonia,train
train/0_Normal/Normal (1846).jpg,0,0_Normal,train
train/2_Pneumonia/Pneumonia-Bacterial (2012).jpg,2,2_Pneumonia,train
train/0_Normal/Normal (817).jpg,0,0_Normal,train
train/0_Normal/Normal (1416).jpg,0,0_Normal,train
train/2_Pneumonia/Pneumonia-Bacterial (2621).jpg,2,2_Pneumonia,train
train/0_Normal/Normal (1204).jpg,0,0_Normal,train
train/0_Normal/Normal (954).jpg,0,0_Normal,train
train/0_Normal/Normal (1513).jpg,0,0_Normal,train
train/1_Covid19/COVID-19 (821).jpg,1,1_Covid19,train
train/2_Pneumonia/Pneumonia-Bacterial (1454).jpg,2,2_Pneumonia,train
validation/2_Pneumonia/Pneumonia-Viral (1352).jpg,2,2_Pneumonia,train
train/2_Pneumonia/Pneumonia-Bacterial (760).jpg,2,2_Pneumonia,train
validation/2_Pneumonia/Pneumonia-Viral (781).jpg,2,2_Pneumonia,train
train/2_Pneumonia/Pneumonia-Bacterial (1810).jpg,2,2_Pneumonia,train
train/1_Covid19/COVID-19 (232).jpg,1,1_Covid19,train
train/0_Normal/Normal (582).jpg,0,0_Normal,train
validation/2_Pneumonia/Pneumonia-Viral (888).jpg,2,2_Pneumonia,train
train/2_Pneumonia/Pneumonia-Bacterial (2710).jpg,2,2_Pneumonia,train
train/2_Pneumonia/Pneumonia-Bacterial (271).jpg,2,2_Pneumonia,train
train/0_Normal/Normal (1502).jpg,0,0_Normal,train
validation/2_Pneumonia/Pneumonia-Viral (1598).jpg,2,2_Pneumonia,train
train/2_Pneumonia/Pneumonia-Bacterial (573).jpg,2,2_Pneumonia,train
train/2_Pneumonia/Pneumonia-Bacterial (2019).jpg,2,2_Pneumonia,train
train/2_Pneumonia/Pneumonia-Bacterial (696).jpg,2,2_Pneumonia,train
train/0_Normal/Normal (1998).jpg,0,0_Normal,train
train/2_Pneumonia/Pneumonia-Bacterial (688).jpg,2,2_Pneumonia,train
train/0_Normal/Normal (764).jpg,0,0_Normal,train
train/2_Pneumonia/Pneumonia-Bacterial (2540).jpg,2,2_Pneumonia,train
train/2_Pneumonia/Pneumonia-Viral (697).jpg,2,2_Pneumonia,train
train/2_Pneumonia/Pneumonia-Bacterial (2433).jpg,2,2_Pneumonia,train
train/2_Pneumonia/Pneumonia-Bacterial (2194).jpg,2,2_Pneumonia,train
train/0_Normal/Normal (2281).jpg,0,0_Normal,train
train/2_Pneumonia/Pneumonia-Bacterial (2147).jpg,2,2_Pneumonia,train
train/0_Normal/Normal (2354).jpg,0,0_Normal,train
train/0_Normal/Normal (2092).jpg,0,0_Normal,train
validation/2_Pneumonia/Pneumonia-Viral (824).jpg,2,2_Pneumonia,train
train/1_Covid19/COVID-19 (396).jpg,1,1_Covid19,train
validation/2_Pneumonia/Pneumonia-Viral (786).jpg,2,2_Pneumonia,train
train/0_Normal/Normal (1862).jpg,0,0_Normal,train
train/1_Covid19/COVID-19 (658).jpg,1,1_Covid19,train
train/2_Pneumonia/Pneumonia-Bacterial (546).jpg,2,2_Pneumonia,train
validation/2_Pneumonia/Pneumonia-Viral (1283).jpg,2,2_Pneumonia,train
train/2_Pneumonia/Pneumonia-Bacterial (784).jpg,2,2_Pneumonia,train
train/2_Pneumonia/Pneumonia-Bacterial (212).jpg,2,2_Pneumonia,train
train/1_Covid19/COVID-19 (271).jpg,1,1_Covid19,train
train/0_Normal/Normal (1931).jpg,0,0_Normal,train
train/2_Pneumonia/Pneumonia-Bacterial (2362).jpg,2,2_Pneumonia,train
validation/1_Covid19/COVID-19 (1044).jpg,1,1_Covid19,train
train/2_Pneumonia/Pneumonia-Bacterial (361).jpg,2,2_Pneumonia,train
train/2_Pneumonia/Pneumonia-Bacterial (2038).jpg,2,2_Pneumonia,train
validation/2_Pneumonia/Pneumonia-Viral (1562).jpg,2,2_Pneumonia,train
validation/2_Pneumonia/Pneumonia-Viral (1345).jpg,2,2_Pneumonia,train
validation/2_Pneumonia/Pneumonia-Viral (906).jpg,2,2_Pneumonia,train
train/0_Normal/Normal (383).jpg,0,0_Normal,train
train/0_Normal/Normal (1685).jpg,0,0_Normal,train
train/2_Pneumonia/Pneumonia-Bacterial (597).jpg,2,2_Pneumonia,train
train/1_Covid19/COVID-19 (51).jpg,1,1_Covid19,train
train/1_Covid19/COVID-19 (695).jpg,1,1_Covid19,train
train/0_Normal/Normal (2045).jpg,0,0_Normal,train
train/2_Pneumonia/Pneumonia-Bacterial (1541).jpg,2,2_Pneumonia,train
train/0_Normal/Normal (1037).jpg,0,0_Normal,train
train/0_Normal/Normal (1069).jpg,0,0_Normal,train
validation/1_Covid19/COVID-19 (1083).jpg,1,1_Covid19,train
train/1_Covid19/COVID-19 (1017).jpg,1,1_Covid19,train
train/0_Normal/Normal (2114).jpg,0,0_Normal,train
train/2_Pneumonia/Pneumonia-Viral (474).jpg,2,2_Pneumonia,train
train/0_Normal/Normal (322).jpg,0,0_Normal,train
validation/2_Pneumonia/Pneumonia-Viral (1039).jpg,2,2_Pneumonia,train
train/0_Normal/Normal (1212).jpg,0,0_Normal,train
train/2_Pneumonia/Pneumonia-Bacterial (2534).jpg,2,2_Pneumonia,train
train/2_Pneumonia/Pneumonia-Viral (663).jpg,2,2_Pneumonia,train
train/2_Pneumonia/Pneumonia-Bacterial (749).jpg,2,2_Pneumonia,train
validation/2_Pneumonia/Pneumonia-Viral (1436).jpg,2,2_Pneumonia,train
validation/0_Normal/Normal (2923).jpg,0,0_Normal,train
train/0_Normal/Normal (1500).jpg,0,0_Normal,train
train/2_Pneumonia/Pneumonia-Bacterial (392).jpg,2,2_Pneumonia,train
train/0_Normal/Normal (789).jpg,0,0_Normal,train
validation/0_Normal/Normal (3038).jpg,0,0_Normal,train
validation/0_Normal/Normal (3017).jpg,0,0_Normal,train
validation/2_Pneumonia/Pneumonia-Viral (887).jpg,2,2_Pneumonia,train
train/0_Normal/Normal (1440).jpg,0,0_Normal,train
train/2_Pneumonia/Pneumonia-Bacterial (542).jpg,2,2_Pneumonia,train
validation/1_Covid19/COVID-19 (1094).jpg,1,1_Covid19,train
train/1_Covid19/COVID-19 (354).jpg,1,1_Covid19,train
train/0_Normal/Normal (395).jpg,0,0_Normal,train
train/2_Pneumonia/Pneumonia-Bacterial (2279).jpg,2,2_Pneumonia,train
train/1_Covid19/COVID-19 (621).jpg,1,1_Covid19,train
train/2_Pneumonia/Pneumonia-Bacterial (416).jpg,2,2_Pneumonia,train
train/2_Pneumonia/Pneumonia-Bacterial (1856).jpg,2,2_Pneumonia,train
train/2_Pneumonia/Pneumonia-Bacterial (2935).jpg,2,2_Pneumonia,train
train/2_Pneumonia/Pneumonia-Bacterial (2526).jpg,2,2_Pneumonia,train
train/2_Pneumonia/Pneumonia-Bacterial (2785).jpg,2,2_Pneumonia,train
validation/0_Normal/Normal (2856).jpg,0,0_Normal,train
train/2_Pneumonia/Pneumonia-Bacterial (791).jpg,2,2_Pneumonia,train
validation/0_Normal/Normal (3024).jpg,0,0_Normal,train
train/2_Pneumonia/Pneumonia-Bacterial (2249).jpg,2,2_Pneumonia,train
validation/2_Pneumonia/Pneumonia-Viral (1253).jpg,2,2_Pneumonia,train
train/0_Normal/Normal (727).jpg,0,0_Normal,train
train/2_Pneumonia/Pneumonia-Bacterial (2864).jpg,2,2_Pneumonia,train
train/2_Pneumonia/Pneumonia-Bacterial (1277).jpg,2,2_Pneumonia,train
train/1_Covid19/COVID-19 (895).jpg,1,1_Covid19,train
train/2_Pneumonia/Pneumonia-Bacterial (1952).jpg,2,2_Pneumonia,train
validation/2_Pneumonia/Pneumonia-Viral (900).jpg,2,2_Pneumonia,train
train/2_Pneumonia/Pneumonia-Bacterial (2949).jpg,2,2_Pneumonia,train
train/2_Pneumonia/Pneumonia-Bacterial (2255).jpg,2,2_Pneumonia,train
validation/0_Normal/Normal (3174).jpg,0,0_Normal,train
train/2_Pneumonia/Pneumonia-Bacterial (391).jpg,2,2_Pneumonia,train
validation/0_Normal/Normal (2796).jpg,0,0_Normal,train
train/0_Normal/Normal (642).jpg,0,0_Normal,train
train/2_Pneumonia/Pneumonia-Bacterial (520).jpg,2,2_Pneumonia,train
validation/0_Normal/Normal (2699).jpg,0,0_Normal,train
train/2_Pneumonia/Pneumonia-Bacterial (2226).jpg,2,2_Pneumonia,train
train/2_Pneumonia/Pneumonia-Bacterial (500).jpg,2,2_Pneumonia,train
train/2_Pneumonia/Pneumonia-Bacterial (26).jpg,2,2_Pneumonia,train
train/0_Normal/Normal (1921).jpg,0,0_Normal,train
train/0_Normal/Normal (2441).jpg,0,0_Normal,train
train/2_Pneumonia/Pneumonia-Bacterial (364).jpg,2,2_Pneumonia,train
validation/2_Pneumonia/Pneumonia-Viral (785).jpg,2,2_Pneumonia,train
train/0_Normal/Normal (2443).jpg,0,0_Normal,train
train/2_Pneumonia/Pneumonia-Bacterial (1230).jpg,2,2_Pneumonia,train
train/2_Pneumonia/Pneumonia-Viral (213).jpg,2,2_Pneumonia,train
train/2_Pneumonia/Pneumonia-Bacterial (2821).jpg,2,2_Pneumonia,train
train/0_Normal/Normal (1990).jpg,0,0_Normal,train
train/0_Normal/Normal (1498).jpg,0,0_Normal,train
train/2_Pneumonia/Pneumonia-Bacterial (537).jpg,2,2_Pneumonia,train
train/0_Normal/Normal (2515).jpg,0,0_Normal,train
train/2_Pneumonia/Pneumonia-Bacterial (2102).jpg,2,2_Pneumonia,train
train/2_Pneumonia/Pneumonia-Bacterial (2459).jpg,2,2_Pneumonia,train
train/2_Pneumonia/Pneumonia-Bacterial (1292).jpg,2,2_Pneumonia,train
train/2_Pneumonia/Pneumonia-Bacterial (2006).jpg,2,2_Pneumonia,train
train/2_Pneumonia/Pneumonia-Viral (671).jpg,2,2_Pneumonia,train
train/0_Normal/Normal (1696).jpg,0,0_Normal,train
validation/2_Pneumonia/Pneumonia-Viral (1042).jpg,2,2_Pneumonia,train
train/2_Pneumonia/Pneumonia-Bacterial (1052).jpg,2,2_Pneumonia,train
train/2_Pneumonia/Pneumonia-Bacterial (1329).jpg,2,2_Pneumonia,train
train/2_Pneumonia/Pneumonia-Bacterial (2709).jpg,2,2_Pneumonia,train
validation/0_Normal/Normal (3014).jpg,0,0_Normal,train
train/0_Normal/Normal (1492).jpg,0,0_Normal,train
train/2_Pneumonia/Pneumonia-Bacterial (281).jpg,2,2_Pneumonia,train
train/2_Pneumonia/Pneumonia-Viral (666).jpg,2,2_Pneumonia,train
train/2_Pneumonia/Pneumonia-Bacterial (2375).jpg,2,2_Pneumonia,train
train/2_Pneumonia/Pneumonia-Bacterial (2126).jpg,2,2_Pneumonia,train
train/0_Normal/Normal (1180).jpg,0,0_Normal,train
train/2_Pneumonia/Pneumonia-Viral (87).jpg,2,2_Pneumonia,train
train/0_Normal/Normal (1515).jpg,0,0_Normal,train
train/0_Normal/Normal (592).jpg,0,0_Normal,train
train/0_Normal/Normal (934).jpg,0,0_Normal,train
train/1_Covid19/COVID-19 (510).jpg,1,1_Covid19,train
train/2_Pneumonia/Pneumonia-Bacterial (2335).jpg,2,2_Pneumonia,train
train/2_Pneumonia/Pneumonia-Bacterial (1828).jpg,2,2_Pneumonia,train
train/0_Normal/Normal (576).jpg,0,0_Normal,train
train/1_Covid19/COVID-19 (463).jpg,1,1_Covid19,train
train/0_Normal/Normal (222).jpg,0,0_Normal,train
train/2_Pneumonia/Pneumonia-Viral (320).jpg,2,2_Pneumonia,train
train/2_Pneumonia/Pneumonia-Bacterial (2062).jpg,2,2_Pneumonia,train
train/2_Pneumonia/Pneumonia-Bacterial (1577).jpg,2,2_Pneumonia,train
train/2_Pneumonia/Pneumonia-Bacterial (216).jpg,2,2_Pneumonia,train
train/2_Pneumonia/Pneumonia-Bacterial (1709).jpg,2,2_Pneumonia,train
train/2_Pneumonia/Pneumonia-Bacterial (2567).jpg,2,2_Pneumonia,train
train/0_Normal/Normal (72).jpg,0,0_Normal,train
validation/2_Pneumonia/Pneumonia-Viral (1073).jpg,2,2_Pneumonia,train
train/0_Normal/Normal (1283).jpg,0,0_Normal,train
train/0_Normal/Normal (1537).jpg,0,0_Normal,train
train/2_Pneumonia/Pneumonia-Viral (21).jpg,2,2_Pneumonia,train
train/2_Pneumonia/Pneumonia-Bacterial (472).jpg,2,2_Pneumonia,train
train/0_Normal/Normal (1893).jpg,0,0_Normal,train
validation/2_Pneumonia/Pneumonia-Viral (1053).jpg,2,2_Pneumonia,train
validation/0_Normal/Normal (3004).jpg,0,0_Normal,train
train/2_Pneumonia/Pneumonia-Bacterial (1582).jpg,2,2_Pneumonia,train
train/2_Pneumonia/Pneumonia-Bacterial (214).jpg,2,2_Pneumonia,train
train/1_Covid19/COVID-19 (105).jpg,1,1_Covid19,train
train/2_Pneumonia/Pneumonia-Viral (430).jpg,2,2_Pneumonia,train
train/0_Normal/Normal (516).jpg,0,0_Normal,train
validation/0_Normal/Normal (2965).jpg,0,0_Normal,train
train/2_Pneumonia/Pneumonia-Viral (724).jpg,2,2_Pneumonia,train
train/0_Normal/Normal (2088).jpg,0,0_Normal,train
validation/2_Pneumonia/Pneumonia-Viral (1099).jpg,2,2_Pneumonia,train
train/2_Pneumonia/Pneumonia-Viral (574).jpg,2,2_Pneumonia,train
train/2_Pneumonia/Pneumonia-Viral (73).jpg,2,2_Pneumonia,train
train/2_Pneumonia/Pneumonia-Bacterial (2444).jpg,2,2_Pneumonia,train
train/2_Pneumonia/Pneumonia-Viral (58).jpg,2,2_Pneumonia,train
train/0_Normal/Normal (904).jpg,0,0_Normal,train
train/2_Pneumonia/Pneumonia-Bacterial (2516).jpg,2,2_Pneumonia,train
train/2_Pneumonia/Pneumonia-Bacterial (252).jpg,2,2_Pneumonia,train
validation/2_Pneumonia/Pneumonia-Viral (1294).jpg,2,2_Pneumonia,train
train/0_Normal/Normal (1818).jpg,0,0_Normal,train
train/2_Pneumonia/Pneumonia-Bacterial (1768).jpg,2,2_Pneumonia,train
train/0_Normal/Normal (676).jpg,0,0_Normal,train
train/2_Pneumonia/Pneumonia-Bacterial (927).jpg,2,2_Pneumonia,train
train/0_Normal/Normal (565).jpg,0,0_Normal,train
validation/0_Normal/Normal (3205).jpg,0,0_Normal,train
train/0_Normal/Normal (894).jpg,0,0_Normal,train
train/1_Covid19/COVID-19 (351).jpg,1,1_Covid19,train
train/2_Pneumonia/Pneumonia-Bacterial (2784).jpg,2,2_Pneumonia,train
validation/2_Pneumonia/Pneumonia-Viral (1347).jpg,2,2_Pneumonia,train
train/1_Covid19/COVID-19 (136).jpg,1,1_Covid19,train
train/2_Pneumonia/Pneumonia-Bacterial (2599).jpg,2,2_Pneumonia,train
train/2_Pneumonia/Pneumonia-Bacterial (1212).jpg,2,2_Pneumonia,train
train/0_Normal/Normal (648).jpg,0,0_Normal,train
train/0_Normal/Normal (1245).jpg,0,0_Normal,train
train/2_Pneumonia/Pneumonia-Viral (105).jpg,2,2_Pneumonia,train
train/2_Pneumonia/Pneumonia-Bacterial (1597).jpg,2,2_Pneumonia,train
train/1_Covid19/COVID-19 (687).jpg,1,1_Covid19,train
train/1_Covid19/COVID-19 (355).jpg,1,1_Covid19,train
validation/2_Pneumonia/Pneumonia-Viral (1038).jpg,2,2_Pneumonia,train
train/0_Normal/Normal (793).jpg,0,0_Normal,train
train/2_Pneumonia/Pneumonia-Viral (69).jpg,2,2_Pneumonia,train
train/2_Pneumonia/Pneumonia-Bacterial (2594).jpg,2,2_Pneumonia,train
train/2_Pneumonia/Pneumonia-Bacterial (2119).jpg,2,2_Pneumonia,train
train/1_Covid19/COVID-19 (167).jpg,1,1_Covid19,train
train/2_Pneumonia/Pneumonia-Bacterial (2581).jpg,2,2_Pneumonia,train
train/2_Pneumonia/Pneumonia-Viral (688).jpg,2,2_Pneumonia,train
train/0_Normal/Normal (118).jpg,0,0_Normal,train
train/2_Pneumonia/Pneumonia-Viral (192).jpg,2,2_Pneumonia,train
validation/2_Pneumonia/Pneumonia-Viral (1337).jpg,2,2_Pneumonia,train
train/0_Normal/Normal (247).jpg,0,0_Normal,train
train/2_Pneumonia/Pneumonia-Bacterial (2140).jpg,2,2_Pneumonia,train
train/2_Pneumonia/Pneumonia-Bacterial (2520).jpg,2,2_Pneumonia,train
train/2_Pneumonia/Pneumonia-Bacterial (759).jpg,2,2_Pneumonia,train
train/2_Pneumonia/Pneumonia-Viral (341).jpg,2,2_Pneumonia,train
train/0_Normal/Normal (833).jpg,0,0_Normal,train
train/2_Pneumonia/Pneumonia-Bacterial (2198).jpg,2,2_Pneumonia,train
train/0_Normal/Normal (1635).jpg,0,0_Normal,train
train/0_Normal/Normal (56).jpg,0,0_Normal,train
train/2_Pneumonia/Pneumonia-Bacterial (2475).jpg,2,2_Pneumonia,train
validation/2_Pneumonia/Pneumonia-Viral (878).jpg,2,2_Pneumonia,train
train/0_Normal/Normal (1143).jpg,0,0_Normal,train
train/2_Pneumonia/Pneumonia-Bacterial (1050).jpg,2,2_Pneumonia,train
train/0_Normal/Normal (2578).jpg,0,0_Normal,train
validation/2_Pneumonia/Pneumonia-Viral (1613).jpg,2,2_Pneumonia,train
validation/2_Pneumonia/Pneumonia-Viral (729).jpg,2,2_Pneumonia,train
train/2_Pneumonia/Pneumonia-Bacterial (1860).jpg,2,2_Pneumonia,train
train/2_Pneumonia/Pneumonia-Bacterial (550).jpg,2,2_Pneumonia,train
train/2_Pneumonia/Pneumonia-Bacterial (2049).jpg,2,2_Pneumonia,train
train/0_Normal/Normal (1096).jpg,0,0_Normal,train
train/0_Normal/Normal (1508).jpg,0,0_Normal,train
validation/0_Normal/Normal (2768).jpg,0,0_Normal,train
validation/0_Normal/Normal (3016).jpg,0,0_Normal,train
train/2_Pneumonia/Pneumonia-Viral (18).jpg,2,2_Pneumonia,train
validation/0_Normal/Normal (2736).jpg,0,0_Normal,train
train/2_Pneumonia/Pneumonia-Bacterial (1063).jpg,2,2_Pneumonia,train
train/1_Covid19/COVID-19 (823).jpg,1,1_Covid19,train
train/0_Normal/Normal (1428).jpg,0,0_Normal,train
validation/2_Pneumonia/Pneumonia-Viral (1458).jpg,2,2_Pneumonia,train
validation/2_Pneumonia/Pneumonia-Viral (928).jpg,2,2_Pneumonia,train
train/1_Covid19/COVID-19 (649).jpg,1,1_Covid19,train
train/0_Normal/Normal (1308).jpg,0,0_Normal,train
train/0_Normal/Normal (1825).jpg,0,0_Normal,train
train/0_Normal/Normal (1511).jpg,0,0_Normal,train
train/2_Pneumonia/Pneumonia-Bacterial (1083).jpg,2,2_Pneumonia,train
train/2_Pneumonia/Pneumonia-Bacterial (516).jpg,2,2_Pneumonia,train
train/1_Covid19/COVID-19 (329).jpg,1,1_Covid19,train
train/1_Covid19/COVID-19 (324).jpg,1,1_Covid19,train
validation/0_Normal/Normal (3183).jpg,0,0_Normal,train
validation/0_Normal/Normal (2637).jpg,0,0_Normal,train
train/0_Normal/Normal (824).jpg,0,0_Normal,train
train/2_Pneumonia/Pneumonia-Bacterial (1337).jpg,2,2_Pneumonia,train
train/2_Pneumonia/Pneumonia-Bacterial (2063).jpg,2,2_Pneumonia,train
train/0_Normal/Normal (461).jpg,0,0_Normal,train
train/2_Pneumonia/Pneumonia-Viral (330).jpg,2,2_Pneumonia,train
train/2_Pneumonia/Pneumonia-Bacterial (746).jpg,2,2_Pneumonia,train
validation/2_Pneumonia/Pneumonia-Viral (816).jpg,2,2_Pneumonia,train
train/0_Normal/Normal (743).jpg,0,0_Normal,train
train/2_Pneumonia/Pneumonia-Bacterial (1176).jpg,2,2_Pneumonia,train
train/2_Pneumonia/Pneumonia-Bacterial (931).jpg,2,2_Pneumonia,train
train/2_Pneumonia/Pneumonia-Viral (6).jpg,2,2_Pneumonia,train
train/2_Pneumonia/Pneumonia-Bacterial (1915).jpg,2,2_Pneumonia,train
train/2_Pneumonia/Pneumonia-Bacterial (1306).jpg,2,2_Pneumonia,train
train/2_Pneumonia/Pneumonia-Bacterial (2029).jpg,2,2_Pneumonia,train
train/2_Pneumonia/Pneumonia-Bacterial (426).jpg,2,2_Pneumonia,train
train/0_Normal/Normal (1397).jpg,0,0_Normal,train
train/2_Pneumonia/Pneumonia-Bacterial (314).jpg,2,2_Pneumonia,train
train/2_Pneumonia/Pneumonia-Bacterial (167).jpg,2,2_Pneumonia,train
train/0_Normal/Normal (416).jpg,0,0_Normal,train
train/0_Normal/Normal (93).jpg,0,0_Normal,train
train/2_Pneumonia/Pneumonia-Viral (698).jpg,2,2_Pneumonia,train
train/0_Normal/Normal (2306).jpg,0,0_Normal,train
train/1_Covid19/COVID-19 (121).jpg,1,1_Covid19,train
train/2_Pneumonia/Pneumonia-Bacterial (1315).jpg,2,2_Pneumonia,train
train/2_Pneumonia/Pneumonia-Viral (482).jpg,2,2_Pneumonia,train
validation/2_Pneumonia/Pneumonia-Viral (1019).jpg,2,2_Pneumonia,train
train/2_Pneumonia/Pneumonia-Bacterial (21).jpg,2,2_Pneumonia,train
validation/2_Pneumonia/Pneumonia-Viral (1529).jpg,2,2_Pneumonia,train
train/0_Normal/Normal (1058).jpg,0,0_Normal,train
validation/2_Pneumonia/Pneumonia-Viral (857).jpg,2,2_Pneumonia,train
train/2_Pneumonia/Pneumonia-Bacterial (2305).jpg,2,2_Pneumonia,train
train/2_Pneumonia/Pneumonia-Bacterial (2914).jpg,2,2_Pneumonia,train
train/0_Normal/Normal (401).jpg,0,0_Normal,train
train/1_Covid19/COVID-19 (628).jpg,1,1_Covid19,train
train/0_Normal/Normal (2375).jpg,0,0_Normal,train
train/0_Normal/Normal (697).jpg,0,0_Normal,train
train/2_Pneumonia/Pneumonia-Bacterial (530).jpg,2,2_Pneumonia,train
validation/0_Normal/Normal (2728).jpg,0,0_Normal,train
validation/2_Pneumonia/Pneumonia-Viral (952).jpg,2,2_Pneumonia,train
train/2_Pneumonia/Pneumonia-Viral (395).jpg,2,2_Pneumonia,train
train/0_Normal/Normal (207).jpg,0,0_Normal,train
train/2_Pneumonia/Pneumonia-Bacterial (700).jpg,2,2_Pneumonia,train
train/0_Normal/Normal (204).jpg,0,0_Normal,train
validation/2_Pneumonia/Pneumonia-Viral (1081).jpg,2,2_Pneumonia,train
train/2_Pneumonia/Pneumonia-Viral (569).jpg,2,2_Pneumonia,train
train/1_Covid19/COVID-19 (496).jpg,1,1_Covid19,train
train/2_Pneumonia/Pneumonia-Bacterial (92).jpg,2,2_Pneumonia,train
train/0_Normal/Normal (1654).jpg,0,0_Normal,train
train/0_Normal/Normal (1506).jpg,0,0_Normal,train
train/2_Pneumonia/Pneumonia-Bacterial (651).jpg,2,2_Pneumonia,train
train/2_Pneumonia/Pneumonia-Bacterial (1562).jpg,2,2_Pneumonia,train
train/0_Normal/Normal (487).jpg,0,0_Normal,train
train/0_Normal/Normal (2598).jpg,0,0_Normal,train
train/0_Normal/Normal (2259).jpg,0,0_Normal,train
train/2_Pneumonia/Pneumonia-Bacterial (785).jpg,2,2_Pneumonia,train
train/0_Normal/Normal (1824).jpg,0,0_Normal,train
train/2_Pneumonia/Pneumonia-Bacterial (1363).jpg,2,2_Pneumonia,train
train/0_Normal/Normal (1590).jpg,0,0_Normal,train
train/2_Pneumonia/Pneumonia-Bacterial (2318).jpg,2,2_Pneumonia,train
train/2_Pneumonia/Pneumonia-Bacterial (440).jpg,2,2_Pneumonia,train
train/0_Normal/Normal (427).jpg,0,0_Normal,train
train/2_Pneumonia/Pneumonia-Bacterial (311).jpg,2,2_Pneumonia,train
train/2_Pneumonia/Pneumonia-Bacterial (2783).jpg,2,2_Pneumonia,train
validation/2_Pneumonia/Pneumonia-Viral (911).jpg,2,2_Pneumonia,train
train/0_Normal/Normal (368).jpg,0,0_Normal,train
train/2_Pneumonia/Pneumonia-Bacterial (2715).jpg,2,2_Pneumonia,train
train/1_Covid19/COVID-19 (873).jpg,1,1_Covid19,train
train/0_Normal/Normal (2163).jpg,0,0_Normal,train
train/2_Pneumonia/Pneumonia-Bacterial (2732).jpg,2,2_Pneumonia,train
train/2_Pneumonia/Pneumonia-Bacterial (525).jpg,2,2_Pneumonia,train
train/0_Normal/Normal (1314).jpg,0,0_Normal,train
train/0_Normal/Normal (1209).jpg,0,0_Normal,train
train/2_Pneumonia/Pneumonia-Bacterial (450).jpg,2,2_Pneumonia,train
train/0_Normal/Normal (1670).jpg,0,0_Normal,train
train/0_Normal/Normal (2126).jpg,0,0_Normal,train
train/2_Pneumonia/Pneumonia-Bacterial (1165).jpg,2,2_Pneumonia,train
train/0_Normal/Normal (293).jpg,0,0_Normal,train
train/0_Normal/Normal (2599).jpg,0,0_Normal,train
train/2_Pneumonia/Pneumonia-Bacterial (2191).jpg,2,2_Pneumonia,train
train/2_Pneumonia/Pneumonia-Viral (291).jpg,2,2_Pneumonia,train
train/2_Pneumonia/Pneumonia-Bacterial (2745).jpg,2,2_Pneumonia,train
validation/0_Normal/Normal (2717).jpg,0,0_Normal,train
train/0_Normal/Normal (1855).jpg,0,0_Normal,train
train/0_Normal/Normal (1588).jpg,0,0_Normal,train
train/2_Pneumonia/Pneumonia-Bacterial (2690).jpg,2,2_Pneumonia,train
train/0_Normal/Normal (1333).jpg,0,0_Normal,train
train/1_Covid19/COVID-19 (320).jpg,1,1_Covid19,train
train/2_Pneumonia/Pneumonia-Bacterial (1469).jpg,2,2_Pneumonia,train
validation/2_Pneumonia/Pneumonia-Viral (1530).jpg,2,2_Pneumonia,train
train/1_Covid19/COVID-19 (702).jpg,1,1_Covid19,train
train/0_Normal/Normal (1477).jpg,0,0_Normal,train
train/0_Normal/Normal (1857).jpg,0,0_Normal,train
train/0_Normal/Normal (1991).jpg,0,0_Normal,train
train/2_Pneumonia/Pneumonia-Bacterial (2509).jpg,2,2_Pneumonia,train
train/0_Normal/Normal (144).jpg,0,0_Normal,train
train/1_Covid19/COVID-19 (435).jpg,1,1_Covid19,train
train/0_Normal/Normal (1166).jpg,0,0_Normal,train
train/2_Pneumonia/Pneumonia-Bacterial (2033).jpg,2,2_Pneumonia,train
train/0_Normal/Normal (1712).jpg,0,0_Normal,train
train/2_Pneumonia/Pneumonia-Bacterial (2964).jpg,2,2_Pneumonia,train
train/0_Normal/Normal (982).jpg,0,0_Normal,train
train/1_Covid19/COVID-19 (425).jpg,1,1_Covid19,train
train/2_Pneumonia/Pneumonia-Bacterial (2972).jpg,2,2_Pneumonia,train
train/2_Pneumonia/Pneumonia-Bacterial (2897).jpg,2,2_Pneumonia,train
train/1_Covid19/COVID-19 (398).jpg,1,1_Covid19,train
train/2_Pneumonia/Pneumonia-Bacterial (49).jpg,2,2_Pneumonia,train
train/2_Pneumonia/Pneumonia-Bacterial (394).jpg,2,2_Pneumonia,train
train/2_Pneumonia/Pneumonia-Viral (616).jpg,2,2_Pneumonia,train
train/0_Normal/Normal (83).jpg,0,0_Normal,train
train/1_Covid19/COVID-19 (394).jpg,1,1_Covid19,train
train/1_Covid19/COVID-19 (956).jpg,1,1_Covid19,train
train/2_Pneumonia/Pneumonia-Bacterial (1225).jpg,2,2_Pneumonia,train
train/1_Covid19/COVID-19 (270).jpg,1,1_Covid19,train
train/2_Pneumonia/Pneumonia-Bacterial (2091).jpg,2,2_Pneumonia,train
train/0_Normal/Normal (1321).jpg,0,0_Normal,train
train/2_Pneumonia/Pneumonia-Bacterial (1437).jpg,2,2_Pneumonia,train
train/2_Pneumonia/Pneumonia-Bacterial (1999).jpg,2,2_Pneumonia,train
train/2_Pneumonia/Pneumonia-Bacterial (1992).jpg,2,2_Pneumonia,train
train/2_Pneumonia/Pneumonia-Bacterial (2894).jpg,2,2_Pneumonia,train
train/1_Covid19/COVID-19 (858).jpg,1,1_Covid19,train
train/2_Pneumonia/Pneumonia-Bacterial (1362).jpg,2,2_Pneumonia,train
train/0_Normal/Normal (905).jpg,0,0_Normal,train
train/1_Covid19/COVID-19 (911).jpg,1,1_Covid19,train
train/2_Pneumonia/Pneumonia-Viral (325).jpg,2,2_Pneumonia,train
train/0_Normal/Normal (1423).jpg,0,0_Normal,train
train/2_Pneumonia/Pneumonia-Bacterial (2817).jpg,2,2_Pneumonia,train
validation/2_Pneumonia/Pneumonia-Viral (1132).jpg,2,2_Pneumonia,train
validation/0_Normal/Normal (3010).jpg,0,0_Normal,train
train/0_Normal/Normal (949).jpg,0,0_Normal,train
train/2_Pneumonia/Pneumonia-Bacterial (2995).jpg,2,2_Pneumonia,train
validation/0_Normal/Normal (2657).jpg,0,0_Normal,train
train/0_Normal/Normal (1788).jpg,0,0_Normal,train
validation/0_Normal/Normal (3044).jpg,0,0_Normal,train
train/0_Normal/Normal (1186).jpg,0,0_Normal,train
train/2_Pneumonia/Pneumonia-Viral (589).jpg,2,2_Pneumonia,train
train/2_Pneumonia/Pneumonia-Bacterial (1903).jpg,2,2_Pneumonia,train
train/2_Pneumonia/Pneumonia-Bacterial (2701).jpg,2,2_Pneumonia,train
train/2_Pneumonia/Pneumonia-Viral (608).jpg,2,2_Pneumonia,train
train/1_Covid19/COVID-19 (187).jpg,1,1_Covid19,train
train/0_Normal/Normal (1601).jpg,0,0_Normal,train
train/2_Pneumonia/Pneumonia-Viral (29).jpg,2,2_Pneumonia,train
train/0_Normal/Normal (1574).jpg,0,0_Normal,train
train/0_Normal/Normal (2475).jpg,0,0_Normal,train
train/2_Pneumonia/Pneumonia-Bacterial (2175).jpg,2,2_Pneumonia,train
train/1_Covid19/COVID-19 (929).jpg,1,1_Covid19,train
train/2_Pneumonia/Pneumonia-Viral (424).jpg,2,2_Pneumonia,train
validation/1_Covid19/COVID-19 (1132).jpg,1,1_Covid19,train
train/0_Normal/Normal (2282).jpg,0,0_Normal,train
validation/0_Normal/Normal (3172).jpg,0,0_Normal,train
validation/1_Covid19/COVID-19 (1072).jpg,1,1_Covid19,train
train/0_Normal/Normal (2236).jpg,0,0_Normal,train
train/2_Pneumonia/Pneumonia-Bacterial (2466).jpg,2,2_Pneumonia,train
train/0_Normal/Normal (228).jpg,0,0_Normal,train
train/2_Pneumonia/Pneumonia-Bacterial (2779).jpg,2,2_Pneumonia,train
train/2_Pneumonia/Pneumonia-Bacterial (1682).jpg,2,2_Pneumonia,train
train/2_Pneumonia/Pneumonia-Viral (579).jpg,2,2_Pneumonia,train
validation/0_Normal/Normal (2820).jpg,0,0_Normal,train
train/2_Pneumonia/Pneumonia-Bacterial (200).jpg,2,2_Pneumonia,train
validation/2_Pneumonia/Pneumonia-Viral (1292).jpg,2,2_Pneumonia,train
train/2_Pneumonia/Pneumonia-Bacterial (378).jpg,2,2_Pneumonia,train
train/2_Pneumonia/Pneumonia-Viral (475).jpg,2,2_Pneumonia,train
train/2_Pneumonia/Pneumonia-Viral (34).jpg,2,2_Pneumonia,train
train/2_Pneumonia/Pneumonia-Bacterial (850).jpg,2,2_Pneumonia,train
train/2_Pneumonia/Pneumonia-Bacterial (2956).jpg,2,2_Pneumonia,train
train/1_Covid19/COVID-19 (204).jpg,1,1_Covid19,train
train/2_Pneumonia/Pneumonia-Bacterial (2271).jpg,2,2_Pneumonia,train
train/2_Pneumonia/Pneumonia-Bacterial (2589).jpg,2,2_Pneumonia,train
train/2_Pneumonia/Pneumonia-Bacterial (9).jpg,2,2_Pneumonia,train
train/0_Normal/Normal (1943).jpg,0,0_Normal,train
train/2_Pneumonia/Pneumonia-Bacterial (116).jpg,2,2_Pneumonia,train
train/2_Pneumonia/Pneumonia-Bacterial (194).jpg,2,2_Pneumonia,train
validation/0_Normal/Normal (3247).jpg,0,0_Normal,train
validation/0_Normal/Normal (2892).jpg,0,0_Normal,train
train/2_Pneumonia/Pneumonia-Bacterial (1897).jpg,2,2_Pneumonia,train
train/2_Pneumonia/Pneumonia-Bacterial (115).jpg,2,2_Pneumonia,train
train/2_Pneumonia/Pneumonia-Bacterial (1491).jpg,2,2_Pneumonia,train
train/1_Covid19/COVID-19 (864).jpg,1,1_Covid19,train
train/2_Pneumonia/Pneumonia-Bacterial (2239).jpg,2,2_Pneumonia,train
train/0_Normal/Normal (186).jpg,0,0_Normal,train
train/2_Pneumonia/Pneumonia-Viral (61).jpg,2,2_Pneumonia,train
train/0_Normal/Normal (2102).jpg,0,0_Normal,train
train/2_Pneumonia/Pneumonia-Viral (179).jpg,2,2_Pneumonia,train
train/0_Normal/Normal (47).jpg,0,0_Normal,train
train/2_Pneumonia/Pneumonia-Bacterial (1710).jpg,2,2_Pneumonia,train
train/2_Pneumonia/Pneumonia-Bacterial (2938).jpg,2,2_Pneumonia,train
validation/2_Pneumonia/Pneumonia-Viral (1236).jpg,2,2_Pneumonia,train
train/0_Normal/Normal (699).jpg,0,0_Normal,train
validation/2_Pneumonia/Pneumonia-Viral (798).jpg,2,2_Pneumonia,train
train/2_Pneumonia/Pneumonia-Bacterial (2604).jpg,2,2_Pneumonia,train
validation/2_Pneumonia/Pneumonia-Viral (1302).jpg,2,2_Pneumonia,train
train/2_Pneumonia/Pneumonia-Bacterial (801).jpg,2,2_Pneumonia,train
train/2_Pneumonia/Pneumonia-Bacterial (2617).jpg,2,2_Pneumonia,train
train/2_Pneumonia/Pneumonia-Bacterial (400).jpg,2,2_Pneumonia,train
train/2_Pneumonia/Pneumonia-Bacterial (1565).jpg,2,2_Pneumonia,train
train/2_Pneumonia/Pneumonia-Bacterial (1490).jpg,2,2_Pneumonia,train
train/0_Normal/Normal (1649).jpg,0,0_Normal,train
train/2_Pneumonia/Pneumonia-Bacterial (2800).jpg,2,2_Pneumonia,train
train/2_Pneumonia/Pneumonia-Bacterial (202).jpg,2,2_Pneumonia,train
validation/2_Pneumonia/Pneumonia-Viral (1361).jpg,2,2_Pneumonia,train
train/2_Pneumonia/Pneumonia-Viral (176).jpg,2,2_Pneumonia,train
validation/0_Normal/Normal (3201).jpg,0,0_Normal,train
validation/0_Normal/Normal (2862).jpg,0,0_Normal,train
train/0_Normal/Normal (1727).jpg,0,0_Normal,train
train/0_Normal/Normal (2409).jpg,0,0_Normal,train
train/0_Normal/Normal (2047).jpg,0,0_Normal,train
train/0_Normal/Normal (172).jpg,0,0_Normal,train
validation/1_Covid19/COVID-19 (1184).jpg,1,1_Covid19,train
train/0_Normal/Normal (1604).jpg,0,0_Normal,train
validation/1_Covid19/COVID-19 (1085).jpg,1,1_Covid19,train
validation/1_Covid19/COVID-19 (1090).jpg,1,1_Covid19,train
train/2_Pneumonia/Pneumonia-Viral (236).jpg,2,2_Pneumonia,train
train/2_Pneumonia/Pneumonia-Bacterial (1231).jpg,2,2_Pneumonia,train
train/0_Normal/Normal (1981).jpg,0,0_Normal,train
train/2_Pneumonia/Pneumonia-Bacterial (2113).jpg,2,2_Pneumonia,train
validation/0_Normal/Normal (3123).jpg,0,0_Normal,train
train/0_Normal/Normal (1600).jpg,0,0_Normal,train
train/2_Pneumonia/Pneumonia-Bacterial (2674).jpg,2,2_Pneumonia,train
train/0_Normal/Normal (2503).jpg,0,0_Normal,train
train/2_Pneumonia/Pneumonia-Bacterial (1018).jpg,2,2_Pneumonia,train
train/2_Pneumonia/Pneumonia-Bacterial (789).jpg,2,2_Pneumonia,train
train/1_Covid19/COVID-19 (88).jpg,1,1_Covid19,train
validation/0_Normal/Normal (3248).jpg,0,0_Normal,train
train/0_Normal/Normal (2406).jpg,0,0_Normal,train
train/2_Pneumonia/Pneumonia-Bacterial (656).jpg,2,2_Pneumonia,train
train/2_Pneumonia/Pneumonia-Bacterial (1755).jpg,2,2_Pneumonia,train
train/0_Normal/Normal (1463).jpg,0,0_Normal,train
train/0_Normal/Normal (1903).jpg,0,0_Normal,train
validation/0_Normal/Normal (3193).jpg,0,0_Normal,train
train/0_Normal/Normal (1214).jpg,0,0_Normal,train
train/0_Normal/Normal (1585).jpg,0,0_Normal,train
train/0_Normal/Normal (2256).jpg,0,0_Normal,train
train/0_Normal/Normal (1172).jpg,0,0_Normal,train
train/2_Pneumonia/Pneumonia-Viral (686).jpg,2,2_Pneumonia,train
train/1_Covid19/COVID-19 (893).jpg,1,1_Covid19,train
train/0_Normal/Normal (2369).jpg,0,0_Normal,train
train/2_Pneumonia/Pneumonia-Bacterial (8).jpg,2,2_Pneumonia,train
train/0_Normal/Normal (2349).jpg,0,0_Normal,train
train/2_Pneumonia/Pneumonia-Bacterial (2848).jpg,2,2_Pneumonia,train
train/0_Normal/Normal (86).jpg,0,0_Normal,train
train/1_Covid19/COVID-19 (38).jpg,1,1_Covid19,train
train/2_Pneumonia/Pneumonia-Bacterial (2295).jpg,2,2_Pneumonia,train
train/2_Pneumonia/Pneumonia-Viral (677).jpg,2,2_Pneumonia,train
train/0_Normal/Normal (2234).jpg,0,0_Normal,train
train/2_Pneumonia/Pneumonia-Bacterial (2881).jpg,2,2_Pneumonia,train
train/2_Pneumonia/Pneumonia-Bacterial (2088).jpg,2,2_Pneumonia,train
train/0_Normal/Normal (2587).jpg,0,0_Normal,train
train/2_Pneumonia/Pneumonia-Bacterial (1360).jpg,2,2_Pneumonia,train
train/2_Pneumonia/Pneumonia-Viral (363).jpg,2,2_Pneumonia,train
train/0_Normal/Normal (1799).jpg,0,0_Normal,train
train/2_Pneumonia/Pneumonia-Bacterial (805).jpg,2,2_Pneumonia,train
validation/0_Normal/Normal (3093).jpg,0,0_Normal,train
train/0_Normal/Normal (2029).jpg,0,0_Normal,train
train/2_Pneumonia/Pneumonia-Bacterial (1446).jpg,2,2_Pneumonia,train
train/0_Normal/Normal (2491).jpg,0,0_Normal,train
train/0_Normal/Normal (1583).jpg,0,0_Normal,train
validation/1_Covid19/COVID-19 (1126).jpg,1,1_Covid19,train
train/0_Normal/Normal (657).jpg,0,0_Normal,train
train/2_Pneumonia/Pneumonia-Bacterial (1170).jpg,2,2_Pneumonia,train
train/0_Normal/Normal (2042).jpg,0,0_Normal,train
validation/0_Normal/Normal (2960).jpg,0,0_Normal,train
train/2_Pneumonia/Pneumonia-Bacterial (2188).jpg,2,2_Pneumonia,train
train/0_Normal/Normal (927).jpg,0,0_Normal,train
validation/0_Normal/Normal (2702).jpg,0,0_Normal,train
train/2_Pneumonia/Pneumonia-Viral (595).jpg,2,2_Pneumonia,train
train/1_Covid19/COVID-19 (905).jpg,1,1_Covid19,train
validation/0_Normal/Normal (2686).jpg,0,0_Normal,train
train/0_Normal/Normal (608).jpg,0,0_Normal,train
train/2_Pneumonia/Pneumonia-Bacterial (2040).jpg,2,2_Pneumonia,train
train/1_Covid19/COVID-19 (551).jpg,1,1_Covid19,train
train/0_Normal/Normal (7).jpg,0,0_Normal,train
train/2_Pneumonia/Pneumonia-Bacterial (1703).jpg,2,2_Pneumonia,train
train/2_Pneumonia/Pneumonia-Bacterial (1273).jpg,2,2_Pneumonia,train
validation/0_Normal/Normal (3111).jpg,0,0_Normal,train
train/2_Pneumonia/Pneumonia-Bacterial (2746).jpg,2,2_Pneumonia,train
validation/2_Pneumonia/Pneumonia-Viral (1318).jpg,2,2_Pneumonia,train
train/2_Pneumonia/Pneumonia-Bacterial (2345).jpg,2,2_Pneumonia,train
validation/2_Pneumonia/Pneumonia-Viral (1516).jpg,2,2_Pneumonia,train
train/2_Pneumonia/Pneumonia-Bacterial (1068).jpg,2,2_Pneumonia,train
train/0_Normal/Normal (2136).jpg,0,0_Normal,train
train/0_Normal/Normal (1702).jpg,0,0_Normal,train
validation/1_Covid19/COVID-19 (1063).jpg,1,1_Covid19,train
train/0_Normal/Normal (544).jpg,0,0_Normal,train
train/2_Pneumonia/Pneumonia-Bacterial (905).jpg,2,2_Pneumonia,train
train/0_Normal/Normal (903).jpg,0,0_Normal,train
validation/2_Pneumonia/Pneumonia-Viral (1350).jpg,2,2_Pneumonia,train
train/2_Pneumonia/Pneumonia-Bacterial (2137).jpg,2,2_Pneumonia,train
train/0_Normal/Normal (643).jpg,0,0_Normal,train
train/2_Pneumonia/Pneumonia-Bacterial (1213).jpg,2,2_Pneumonia,train
train/2_Pneumonia/Pneumonia-Viral (255).jpg,2,2_Pneumonia,train
train/2_Pneumonia/Pneumonia-Viral (422).jpg,2,2_Pneumonia,train
train/2_Pneumonia/Pneumonia-Bacterial (2477).jpg,2,2_Pneumonia,train
train/2_Pneumonia/Pneumonia-Viral (487).jpg,2,2_Pneumonia,train
train/1_Covid19/COVID-19 (709).jpg,1,1_Covid19,train
train/0_Normal/Normal (1386).jpg,0,0_Normal,train
train/0_Normal/Normal (2464).jpg,0,0_Normal,train
train/0_Normal/Normal (26).jpg,0,0_Normal,train
train/2_Pneumonia/Pneumonia-Bacterial (14).jpg,2,2_Pneumonia,train
train/1_Covid19/COVID-19 (114).jpg,1,1_Covid19,train
train/0_Normal/Normal (457).jpg,0,0_Normal,train
train/1_Covid19/COVID-19 (77).jpg,1,1_Covid19,train
train/2_Pneumonia/Pneumonia-Bacterial (2513).jpg,2,2_Pneumonia,train
validation/2_Pneumonia/Pneumonia-Viral (926).jpg,2,2_Pneumonia,train
train/2_Pneumonia/Pneumonia-Bacterial (1863).jpg,2,2_Pneumonia,train
train/2_Pneumonia/Pneumonia-Bacterial (952).jpg,2,2_Pneumonia,train
train/0_Normal/Normal (799).jpg,0,0_Normal,train
train/2_Pneumonia/Pneumonia-Bacterial (2587).jpg,2,2_Pneumonia,train
train/2_Pneumonia/Pneumonia-Bacterial (74).jpg,2,2_Pneumonia,train
train/2_Pneumonia/Pneumonia-Bacterial (82).jpg,2,2_Pneumonia,train
train/0_Normal/Normal (1246).jpg,0,0_Normal,train
train/2_Pneumonia/Pneumonia-Bacterial (2611).jpg,2,2_Pneumonia,train
train/0_Normal/Normal (1865).jpg,0,0_Normal,train
train/0_Normal/Normal (177).jpg,0,0_Normal,train
train/2_Pneumonia/Pneumonia-Bacterial (682).jpg,2,2_Pneumonia,train
train/0_Normal/Normal (2248).jpg,0,0_Normal,train
train/0_Normal/Normal (869).jpg,0,0_Normal,train
validation/2_Pneumonia/Pneumonia-Viral (1623).jpg,2,2_Pneumonia,train
train/2_Pneumonia/Pneumonia-Bacterial (1219).jpg,2,2_Pneumonia,train
train/1_Covid19/COVID-19 (515).jpg,1,1_Covid19,train
train/2_Pneumonia/Pneumonia-Bacterial (1317).jpg,2,2_Pneumonia,train
validation/2_Pneumonia/Pneumonia-Viral (1156).jpg,2,2_Pneumonia,train
train/0_Normal/Normal (1043).jpg,0,0_Normal,train
train/2_Pneumonia/Pneumonia-Bacterial (1886).jpg,2,2_Pneumonia,train
train/2_Pneumonia/Pneumonia-Bacterial (728).jpg,2,2_Pneumonia,train
train/2_Pneumonia/Pneumonia-Bacterial (1380).jpg,2,2_Pneumonia,train
validation/1_Covid19/COVID-19 (1102).jpg,1,1_Covid19,train
train/2_Pneumonia/Pneumonia-Bacterial (18).jpg,2,2_Pneumonia,train
train/2_Pneumonia/Pneumonia-Bacterial (2067).jpg,2,2_Pneumonia,train
validation/0_Normal/Normal (3255).jpg,0,0_Normal,train
train/2_Pneumonia/Pneumonia-Bacterial (1503).jpg,2,2_Pneumonia,train
train/1_Covid19/COVID-19 (18).jpg,1,1_Covid19,train
train/0_Normal/Normal (1300).jpg,0,0_Normal,train
validation/0_Normal/Normal (2619).jpg,0,0_Normal,train
train/0_Normal/Normal (454).jpg,0,0_Normal,train
train/0_Normal/Normal (689).jpg,0,0_Normal,train
train/2_Pneumonia/Pneumonia-Bacterial (1640).jpg,2,2_Pneumonia,train
validation/2_Pneumonia/Pneumonia-Viral (1079).jpg,2,2_Pneumonia,train
train/0_Normal/Normal (2137).jpg,0,0_Normal,train
train/2_Pneumonia/Pneumonia-Bacterial (2322).jpg,2,2_Pneumonia,train
train/2_Pneumonia/Pneumonia-Bacterial (777).jpg,2,2_Pneumonia,train
train/2_Pneumonia/Pneumonia-Bacterial (103).jpg,2,2_Pneumonia,train
train/2_Pneumonia/Pneumonia-Bacterial (1504).jpg,2,2_Pneumonia,train
validation/2_Pneumonia/Pneumonia-Viral (876).jpg,2,2_Pneumonia,train
train/2_Pneumonia/Pneumonia-Bacterial (2695).jpg,2,2_Pneumonia,train
train/2_Pneumonia/Pneumonia-Bacterial (304).jpg,2,2_Pneumonia,train
validation/0_Normal/Normal (3223).jpg,0,0_Normal,train
train/0_Normal/Normal (1779).jpg,0,0_Normal,train
train/0_Normal/Normal (128).jpg,0,0_Normal,train
train/2_Pneumonia/Pneumonia-Bacterial (199).jpg,2,2_Pneumonia,train
train/1_Covid19/COVID-19 (15).jpg,1,1_Covid19,train
train/2_Pneumonia/Pneumonia-Bacterial (943).jpg,2,2_Pneumonia,train
train/0_Normal/Normal (1078).jpg,0,0_Normal,train
train/0_Normal/Normal (76).jpg,0,0_Normal,train
train/0_Normal/Normal (275).jpg,0,0_Normal,train
validation/2_Pneumonia/Pneumonia-Viral (757).jpg,2,2_Pneumonia,train
train/2_Pneumonia/Pneumonia-Bacterial (1638).jpg,2,2_Pneumonia,train
validation/0_Normal/Normal (3150).jpg,0,0_Normal,train
train/1_Covid19/COVID-19 (489).jpg,1,1_Covid19,train
train/2_Pneumonia/Pneumonia-Viral (305).jpg,2,2_Pneumonia,train
train/2_Pneumonia/Pneumonia-Bacterial (1478).jpg,2,2_Pneumonia,train
train/2_Pneumonia/Pneumonia-Bacterial (2797).jpg,2,2_Pneumonia,train
train/0_Normal/Normal (2016).jpg,0,0_Normal,train
train/0_Normal/Normal (966).jpg,0,0_Normal,train
train/2_Pneumonia/Pneumonia-Bacterial (1502).jpg,2,2_Pneumonia,train
validation/2_Pneumonia/Pneumonia-Viral (1115).jpg,2,2_Pneumonia,train
train/2_Pneumonia/Pneumonia-Bacterial (1427).jpg,2,2_Pneumonia,train
train/0_Normal/Normal (296).jpg,0,0_Normal,train
train/2_Pneumonia/Pneumonia-Bacterial (1732).jpg,2,2_Pneumonia,train
train/0_Normal/Normal (2201).jpg,0,0_Normal,train
train/0_Normal/Normal (661).jpg,0,0_Normal,train
validation/0_Normal/Normal (2913).jpg,0,0_Normal,train
train/2_Pneumonia/Pneumonia-Viral (103).jpg,2,2_Pneumonia,train
train/2_Pneumonia/Pneumonia-Bacterial (1771).jpg,2,2_Pneumonia,train
train/2_Pneumonia/Pneumonia-Viral (603).jpg,2,2_Pneumonia,train
train/0_Normal/Normal (1232).jpg,0,0_Normal,train
train/0_Normal/Normal (2277).jpg,0,0_Normal,train
train/2_Pneumonia/Pneumonia-Bacterial (1603).jpg,2,2_Pneumonia,train
train/2_Pneumonia/Pneumonia-Bacterial (1145).jpg,2,2_Pneumonia,train
validation/1_Covid19/COVID-19 (1231).jpg,1,1_Covid19,train
validation/0_Normal/Normal (2868).jpg,0,0_Normal,train
train/1_Covid19/COVID-19 (743).jpg,1,1_Covid19,train
train/2_Pneumonia/Pneumonia-Viral (631).jpg,2,2_Pneumonia,train
train/2_Pneumonia/Pneumonia-Viral (463).jpg,2,2_Pneumonia,train
validation/2_Pneumonia/Pneumonia-Viral (814).jpg,2,2_Pneumonia,train
train/2_Pneumonia/Pneumonia-Bacterial (586).jpg,2,2_Pneumonia,train
train/2_Pneumonia/Pneumonia-Bacterial (1854).jpg,2,2_Pneumonia,train
train/1_Covid19/COVID-19 (985).jpg,1,1_Covid19,train
train/2_Pneumonia/Pneumonia-Viral (511) (1).jpg,2,2_Pneumonia,train
train/2_Pneumonia/Pneumonia-Bacterial (2199).jpg,2,2_Pneumonia,train
validation/0_Normal/Normal (2683).jpg,0,0_Normal,train
train/0_Normal/Normal (216).jpg,0,0_Normal,train
train/0_Normal/Normal (1181).jpg,0,0_Normal,train
train/2_Pneumonia/Pneumonia-Bacterial (1794).jpg,2,2_Pneumonia,train
train/2_Pneumonia/Pneumonia-Viral (315).jpg,2,2_Pneumonia,train
train/0_Normal/Normal (500).jpg,0,0_Normal,train
train/0_Normal/Normal (1190).jpg,0,0_Normal,train
validation/0_Normal/Normal (2915).jpg,0,0_Normal,train
train/2_Pneumonia/Pneumonia-Bacterial (859).jpg,2,2_Pneumonia,train
train/2_Pneumonia/Pneumonia-Bacterial (565).jpg,2,2_Pneumonia,train
validation/2_Pneumonia/Pneumonia-Viral (1222).jpg,2,2_Pneumonia,train
train/0_Normal/Normal (1622).jpg,0,0_Normal,train
train/0_Normal/Normal (1813).jpg,0,0_Normal,train
train/2_Pneumonia/Pneumonia-Bacterial (1667).jpg,2,2_Pneumonia,train
train/2_Pneumonia/Pneumonia-Bacterial (1849).jpg,2,2_Pneumonia,train
validation/2_Pneumonia/Pneumonia-Viral (1472).jpg,2,2_Pneumonia,train
validation/2_Pneumonia/Pneumonia-Viral (1486).jpg,2,2_Pneumonia,train
validation/0_Normal/Normal (3120).jpg,0,0_Normal,train
train/2_Pneumonia/Pneumonia-Bacterial (2422).jpg,2,2_Pneumonia,train
train/2_Pneumonia/Pneumonia-Bacterial (2176).jpg,2,2_Pneumonia,train
train/1_Covid19/COVID-19 (977).jpg,1,1_Covid19,train
train/0_Normal/Normal (1162).jpg,0,0_Normal,train
train/0_Normal/Normal (759).jpg,0,0_Normal,train
train/2_Pneumonia/Pneumonia-Bacterial (313).jpg,2,2_Pneumonia,train
train/0_Normal/Normal (1457).jpg,0,0_Normal,train
train/0_Normal/Normal (2520).jpg,0,0_Normal,train
train/1_Covid19/COVID-19 (100).jpg,1,1_Covid19,train
train/0_Normal/Normal (2611).jpg,0,0_Normal,train
validation/0_Normal/Normal (3157).jpg,0,0_Normal,train
train/2_Pneumonia/Pneumonia-Bacterial (644).jpg,2,2_Pneumonia,train
train/0_Normal/Normal (1859).jpg,0,0_Normal,train
train/2_Pneumonia/Pneumonia-Bacterial (916).jpg,2,2_Pneumonia,train
train/0_Normal/Normal (615).jpg,0,0_Normal,train
train/2_Pneumonia/Pneumonia-Bacterial (862).jpg,2,2_Pneumonia,train
train/1_Covid19/COVID-19 (1022).jpg,1,1_Covid19,train
train/2_Pneumonia/Pneumonia-Viral (426).jpg,2,2_Pneumonia,train
train/2_Pneumonia/Pneumonia-Viral (243).jpg,2,2_Pneumonia,train
train/2_Pneumonia/Pneumonia-Bacterial (757).jpg,2,2_Pneumonia,train
train/2_Pneumonia/Pneumonia-Bacterial (1123).jpg,2,2_Pneumonia,train
train/2_Pneumonia/Pneumonia-Viral (684).jpg,2,2_Pneumonia,train
train/0_Normal/Normal (2024).jpg,0,0_Normal,train
train/2_Pneumonia/Pneumonia-Bacterial (2452).jpg,2,2_Pneumonia,train
train/2_Pneumonia/Pneumonia-Viral (586).jpg,2,2_Pneumonia,train
train/0_Normal/Normal (778).jpg,0,0_Normal,train
train/2_Pneumonia/Pneumonia-Bacterial (632).jpg,2,2_Pneumonia,train
train/0_Normal/Normal (2135).jpg,0,0_Normal,train
train/2_Pneumonia/Pneumonia-Viral (93).jpg,2,2_Pneumonia,train
train/2_Pneumonia/Pneumonia-Bacterial (463).jpg,2,2_Pneumonia,train
train/2_Pneumonia/Pneumonia-Bacterial (2246).jpg,2,2_Pneumonia,train
train/2_Pneumonia/Pneumonia-Bacterial (1988).jpg,2,2_Pneumonia,train
train/1_Covid19/COVID-19 (184).jpg,1,1_Covid19,train
train/2_Pneumonia/Pneumonia-Viral (205).jpg,2,2_Pneumonia,train
train/2_Pneumonia/Pneumonia-Bacterial (455).jpg,2,2_Pneumonia,train
train/2_Pneumonia/Pneumonia-Bacterial (1092).jpg,2,2_Pneumonia,train
train/2_Pneumonia/Pneumonia-Bacterial (2618).jpg,2,2_Pneumonia,train
train/2_Pneumonia/Pneumonia-Bacterial (2556).jpg,2,2_Pneumonia,train
train/0_Normal/Normal (2506).jpg,0,0_Normal,train
validation/1_Covid19/COVID-19 (1264).jpg,1,1_Covid19,train
train/2_Pneumonia/Pneumonia-Bacterial (725).jpg,2,2_Pneumonia,train
validation/2_Pneumonia/Pneumonia-Viral (1036).jpg,2,2_Pneumonia,train
validation/2_Pneumonia/Pneumonia-Viral (1267).jpg,2,2_Pneumonia,train
train/2_Pneumonia/Pneumonia-Bacterial (1852).jpg,2,2_Pneumonia,train
train/2_Pneumonia/Pneumonia-Bacterial (2349).jpg,2,2_Pneumonia,train
train/0_Normal/Normal (1436).jpg,0,0_Normal,train
train/2_Pneumonia/Pneumonia-Bacterial (2005).jpg,2,2_Pneumonia,train
train/0_Normal/Normal (911).jpg,0,0_Normal,train
train/0_Normal/Normal (711).jpg,0,0_Normal,train
train/2_Pneumonia/Pneumonia-Bacterial (1264).jpg,2,2_Pneumonia,train
train/2_Pneumonia/Pneumonia-Bacterial (683).jpg,2,2_Pneumonia,train
train/2_Pneumonia/Pneumonia-Viral (173).jpg,2,2_Pneumonia,train
train/0_Normal/Normal (175).jpg,0,0_Normal,train
train/1_Covid19/COVID-19 (214).jpg,1,1_Covid19,train
train/0_Normal/Normal (559).jpg,0,0_Normal,train
validation/2_Pneumonia/Pneumonia-Viral (742).jpg,2,2_Pneumonia,train
train/0_Normal/Normal (1309).jpg,0,0_Normal,train
train/2_Pneumonia/Pneumonia-Bacterial (234).jpg,2,2_Pneumonia,train
train/0_Normal/Normal (242).jpg,0,0_Normal,train
train/2_Pneumonia/Pneumonia-Bacterial (758).jpg,2,2_Pneumonia,train
train/2_Pneumonia/Pneumonia-Bacterial (2539).jpg,2,2_Pneumonia,train
train/0_Normal/Normal (600).jpg,0,0_Normal,train
validation/1_Covid19/COVID-19 (1208).jpg,1,1_Covid19,train
train/2_Pneumonia/Pneumonia-Bacterial (1945).jpg,2,2_Pneumonia,train
train/2_Pneumonia/Pneumonia-Bacterial (834).jpg,2,2_Pneumonia,train
train/0_Normal/Normal (2509).jpg,0,0_Normal,train
validation/0_Normal/Normal (3102).jpg,0,0_Normal,train
train/0_Normal/Normal (221).jpg,0,0_Normal,train
train/0_Normal/Normal (52).jpg,0,0_Normal,train
train/2_Pneumonia/Pneumonia-Bacterial (2790).jpg,2,2_Pneumonia,train
train/2_Pneumonia/Pneumonia-Bacterial (603).jpg,2,2_Pneumonia,train
validation/2_Pneumonia/Pneumonia-Viral (1536).jpg,2,2_Pneumonia,train
validation/2_Pneumonia/Pneumonia-Viral (1140).jpg,2,2_Pneumonia,train
train/0_Normal/Normal (1288).jpg,0,0_Normal,train
validation/2_Pneumonia/Pneumonia-Viral (1258).jpg,2,2_Pneumonia,train
train/1_Covid19/COVID-19 (345).jpg,1,1_Covid19,train
validation/2_Pneumonia/Pneumonia-Viral (1030).jpg,2,2_Pneumonia,train
train/0_Normal/Normal (2576).jpg,0,0_Normal,train
train/2_Pneumonia/Pneumonia-Bacterial (1723).jpg,2,2_Pneumonia,train
train/1_Covid19/COVID-19 (974).jpg,1,1_Covid19,train
train/1_Covid19/COVID-19 (172).jpg,1,1_Covid19,train
train/2_Pneumonia/Pneumonia-Bacterial (224).jpg,2,2_Pneumonia,train
train/1_Covid19/COVID-19 (406).jpg,1,1_Covid19,train
train/2_Pneumonia/Pneumonia-Bacterial (1556).jpg,2,2_Pneumonia,train
train/2_Pneumonia/Pneumonia-Bacterial (2735).jpg,2,2_Pneumonia,train
train/0_Normal/Normal (282).jpg,0,0_Normal,train
train/2_Pneumonia/Pneumonia-Bacterial (1591).jpg,2,2_Pneumonia,train
train/2_Pneumonia/Pneumonia-Viral (689).jpg,2,2_Pneumonia,train
train/2_Pneumonia/Pneumonia-Bacterial (2595).jpg,2,2_Pneumonia,train
train/2_Pneumonia/Pneumonia-Bacterial (125).jpg,2,2_Pneumonia,train
validation/0_Normal/Normal (3110).jpg,0,0_Normal,train
train/1_Covid19/COVID-19 (931).jpg,1,1_Covid19,train
validation/2_Pneumonia/Pneumonia-Viral (1637).jpg,2,2_Pneumonia,train
train/2_Pneumonia/Pneumonia-Viral (86).jpg,2,2_Pneumonia,train
train/1_Covid19/COVID-19 (12).jpg,1,1_Covid19,train
train/2_Pneumonia/Pneumonia-Bacterial (2769).jpg,2,2_Pneumonia,train
validation/2_Pneumonia/Pneumonia-Viral (1433).jpg,2,2_Pneumonia,train
train/0_Normal/Normal (2389).jpg,0,0_Normal,train
train/1_Covid19/COVID-19 (353).jpg,1,1_Covid19,train
validation/1_Covid19/COVID-19 (1136).jpg,1,1_Covid19,train
train/0_Normal/Normal (1055).jpg,0,0_Normal,train
train/0_Normal/Normal (2127).jpg,0,0_Normal,train
validation/2_Pneumonia/Pneumonia-Viral (925).jpg,2,2_Pneumonia,train
train/1_Covid19/COVID-19 (176).jpg,1,1_Covid19,train
train/2_Pneumonia/Pneumonia-Bacterial (722).jpg,2,2_Pneumonia,train
train/2_Pneumonia/Pneumonia-Bacterial (594).jpg,2,2_Pneumonia,train
train/2_Pneumonia/Pneumonia-Bacterial (2099).jpg,2,2_Pneumonia,train
train/2_Pneumonia/Pneumonia-Bacterial (1011).jpg,2,2_Pneumonia,train
train/0_Normal/Normal (1782).jpg,0,0_Normal,train
train/1_Covid19/COVID-19 (67).jpg,1,1_Covid19,train
train/2_Pneumonia/Pneumonia-Bacterial (398).jpg,2,2_Pneumonia,train
train/2_Pneumonia/Pneumonia-Bacterial (2425).jpg,2,2_Pneumonia,train
train/2_Pneumonia/Pneumonia-Bacterial (1822).jpg,2,2_Pneumonia,train
validation/0_Normal/Normal (3112).jpg,0,0_Normal,train
train/1_Covid19/COVID-19 (659).jpg,1,1_Covid19,train
train/1_Covid19/COVID-19 (150).jpg,1,1_Covid19,train
validation/0_Normal/Normal (3151).jpg,0,0_Normal,train
train/2_Pneumonia/Pneumonia-Viral (50) (1).jpg,2,2_Pneumonia,train
train/2_Pneumonia/Pneumonia-Bacterial (615).jpg,2,2_Pneumonia,train
train/2_Pneumonia/Pneumonia-Viral (140).jpg,2,2_Pneumonia,train
validation/1_Covid19/COVID-19 (1270).jpg,1,1_Covid19,train
validation/0_Normal/Normal (2973).jpg,0,0_Normal,train
train/2_Pneumonia/Pneumonia-Bacterial (993).jpg,2,2_Pneumonia,train
train/1_Covid19/COVID-19 (710).jpg,1,1_Covid19,train
validation/0_Normal/Normal (3231).jpg,0,0_Normal,train
train/2_Pneumonia/Pneumonia-Bacterial (2004).jpg,2,2_Pneumonia,train
validation/0_Normal/Normal (3194).jpg,0,0_Normal,train
validation/1_Covid19/COVID-19 (1050).jpg,1,1_Covid19,train
validation/1_Covid19/COVID-19 (1245).jpg,1,1_Covid19,train
validation/0_Normal/Normal (2639).jpg,0,0_Normal,train
train/2_Pneumonia/Pneumonia-Bacterial (2991).jpg,2,2_Pneumonia,train
train/2_Pneumonia/Pneumonia-Bacterial (2980).jpg,2,2_Pneumonia,train
train/0_Normal/Normal (1544).jpg,0,0_Normal,train
train/2_Pneumonia/Pneumonia-Bacterial (13).jpg,2,2_Pneumonia,train
train/0_Normal/Normal (618).jpg,0,0_Normal,train
train/0_Normal/Normal (1690).jpg,0,0_Normal,train
train/1_Covid19/COVID-19 (749).jpg,1,1_Covid19,train
train/0_Normal/Normal (2411).jpg,0,0_Normal,train
train/0_Normal/Normal (681).jpg,0,0_Normal,train
train/1_Covid19/COVID-19 (778).jpg,1,1_Covid19,train
train/2_Pneumonia/Pneumonia-Bacterial (2118).jpg,2,2_Pneumonia,train
train/2_Pneumonia/Pneumonia-Viral (658).jpg,2,2_Pneumonia,train
train/2_Pneumonia/Pneumonia-Bacterial (2290).jpg,2,2_Pneumonia,train
validation/0_Normal/Normal (3097).jpg,0,0_Normal,train
train/0_Normal/Normal (2415).jpg,0,0_Normal,train
train/2_Pneumonia/Pneumonia-Viral (44).jpg,2,2_Pneumonia,train
train/2_Pneumonia/Pneumonia-Bacterial (2215).jpg,2,2_Pneumonia,train
train/1_Covid19/COVID-19 (198).jpg,1,1_Covid19,train
validation/2_Pneumonia/Pneumonia-Viral (1013).jpg,2,2_Pneumonia,train
train/0_Normal/Normal (755).jpg,0,0_Normal,train
train/0_Normal/Normal (212).jpg,0,0_Normal,train
train/2_Pneumonia/Pneumonia-Bacterial (2408).jpg,2,2_Pneumonia,train
validation/2_Pneumonia/Pneumonia-Viral (890).jpg,2,2_Pneumonia,train
train/1_Covid19/COVID-19 (740).jpg,1,1_Covid19,train
train/0_Normal/Normal (602).jpg,0,0_Normal,train
train/0_Normal/Normal (1948).jpg,0,0_Normal,train
validation/2_Pneumonia/Pneumonia-Viral (1488).jpg,2,2_Pneumonia,train
train/1_Covid19/COVID-19 (861).jpg,1,1_Covid19,train
train/2_Pneumonia/Pneumonia-Bacterial (1625).jpg,2,2_Pneumonia,train
validation/0_Normal/Normal (2747).jpg,0,0_Normal,train
train/2_Pneumonia/Pneumonia-Bacterial (1651).jpg,2,2_Pneumonia,train
train/0_Normal/Normal (2562).jpg,0,0_Normal,train
validation/2_Pneumonia/Pneumonia-Viral (1237).jpg,2,2_Pneumonia,train
train/2_Pneumonia/Pneumonia-Bacterial (914).jpg,2,2_Pneumonia,train
train/1_Covid19/COVID-19 (127).jpg,1,1_Covid19,train
validation/1_Covid19/COVID-19 (1250).jpg,1,1_Covid19,train
train/2_Pneumonia/Pneumonia-Viral (67).jpg,2,2_Pneumonia,train
train/2_Pneumonia/Pneumonia-Viral (500).jpg,2,2_Pneumonia,train
train/0_Normal/Normal (214).jpg,0,0_Normal,train
train/0_Normal/Normal (1920).jpg,0,0_Normal,train
train/2_Pneumonia/Pneumonia-Bacterial (1024).jpg,2,2_Pneumonia,train
train/2_Pneumonia/Pneumonia-Bacterial (222).jpg,2,2_Pneumonia,train
train/0_Normal/Normal (2150).jpg,0,0_Normal,train
train/0_Normal/Normal (64).jpg,0,0_Normal,train
train/2_Pneumonia/Pneumonia-Bacterial (1839).jpg,2,2_Pneumonia,train
train/2_Pneumonia/Pneumonia-Viral (644).jpg,2,2_Pneumonia,train
validation/0_Normal/Normal (2640).jpg,0,0_Normal,train
train/2_Pneumonia/Pneumonia-Viral (43).jpg,2,2_Pneumonia,train
train/0_Normal/Normal (71).jpg,0,0_Normal,train
validation/0_Normal/Normal (2775).jpg,0,0_Normal,train
train/2_Pneumonia/Pneumonia-Bacterial (1815).jpg,2,2_Pneumonia,train
train/0_Normal/Normal (2395).jpg,0,0_Normal,train
train/2_Pneumonia/Pneumonia-Bacterial (1333).jpg,2,2_Pneumonia,train
train/1_Covid19/COVID-19 (275).jpg,1,1_Covid19,train
train/1_Covid19/COVID-19 (116).jpg,1,1_Covid19,train
validation/2_Pneumonia/Pneumonia-Viral (728).jpg,2,2_Pneumonia,train
train/0_Normal/Normal (217).jpg,0,0_Normal,train
train/2_Pneumonia/Pneumonia-Viral (675).jpg,2,2_Pneumonia,train
train/2_Pneumonia/Pneumonia-Bacterial (740).jpg,2,2_Pneumonia,train
train/2_Pneumonia/Pneumonia-Viral (548).jpg,2,2_Pneumonia,train
validation/0_Normal/Normal (3026).jpg,0,0_Normal,train
train/2_Pneumonia/Pneumonia-Bacterial (779).jpg,2,2_Pneumonia,train
train/2_Pneumonia/Pneumonia-Bacterial (642).jpg,2,2_Pneumonia,train
validation/0_Normal/Normal (2617).jpg,0,0_Normal,train
train/2_Pneumonia/Pneumonia-Viral (725).jpg,2,2_Pneumonia,train
train/2_Pneumonia/Pneumonia-Bacterial (219).jpg,2,2_Pneumonia,train
train/1_Covid19/COVID-19 (588).jpg,1,1_Covid19,train
train/0_Normal/Normal (1197).jpg,0,0_Normal,train
train/0_Normal/Normal (1235).jpg,0,0_Normal,train
train/2_Pneumonia/Pneumonia-Bacterial (733).jpg,2,2_Pneumonia,train
validation/0_Normal/Normal (2734).jpg,0,0_Normal,train
validation/0_Normal/Normal (3251).jpg,0,0_Normal,train
train/1_Covid19/COVID-19 (690).jpg,1,1_Covid19,train
train/2_Pneumonia/Pneumonia-Bacterial (517).jpg,2,2_Pneumonia,train
train/0_Normal/Normal (636).jpg,0,0_Normal,train
train/1_Covid19/COVID-19 (545).jpg,1,1_Covid19,train
validation/2_Pneumonia/Pneumonia-Viral (1434).jpg,2,2_Pneumonia,train
train/0_Normal/Normal (1339).jpg,0,0_Normal,train
validation/0_Normal/Normal (2891).jpg,0,0_Normal,train
train/0_Normal/Normal (2591).jpg,0,0_Normal,train
train/2_Pneumonia/Pneumonia-Bacterial (2129).jpg,2,2_Pneumonia,train
train/2_Pneumonia/Pneumonia-Bacterial (2723).jpg,2,2_Pneumonia,train
train/2_Pneumonia/Pneumonia-Viral (709).jpg,2,2_Pneumonia,train
train/2_Pneumonia/Pneumonia-Bacterial (2531).jpg,2,2_Pneumonia,train
train/2_Pneumonia/Pneumonia-Bacterial (2370).jpg,2,2_Pneumonia,train
validation/0_Normal/Normal (2636).jpg,0,0_Normal,train
train/2_Pneumonia/Pneumonia-Viral (217).jpg,2,2_Pneumonia,train
validation/0_Normal/Normal (2706).jpg,0,0_Normal,train
train/2_Pneumonia/Pneumonia-Viral (505) (1).jpg,2,2_Pneumonia,train
validation/0_Normal/Normal (2770).jpg,0,0_Normal,train
train/0_Normal/Normal (1317).jpg,0,0_Normal,train
train/0_Normal/Normal (32).jpg,0,0_Normal,train
train/2_Pneumonia/Pneumonia-Bacterial (1357).jpg,2,2_Pneumonia,train
train/2_Pneumonia/Pneumonia-Bacterial (1621).jpg,2,2_Pneumonia,train
train/1_Covid19/COVID-19 (939).jpg,1,1_Covid19,train
train/2_Pneumonia/Pneumonia-Bacterial (319).jpg,2,2_Pneumonia,train
validation/2_Pneumonia/Pneumonia-Viral (1519).jpg,2,2_Pneumonia,train
train/0_Normal/Normal (1632).jpg,0,0_Normal,train
train/1_Covid19/COVID-19 (313).jpg,1,1_Covid19,train
train/2_Pneumonia/Pneumonia-Bacterial (1266).jpg,2,2_Pneumonia,train
validation/2_Pneumonia/Pneumonia-Viral (1223).jpg,2,2_Pneumonia,train
validation/0_Normal/Normal (2648).jpg,0,0_Normal,train
train/2_Pneumonia/Pneumonia-Bacterial (6).jpg,2,2_Pneumonia,train
train/2_Pneumonia/Pneumonia-Bacterial (556).jpg,2,2_Pneumonia,train
train/2_Pneumonia/Pneumonia-Bacterial (1492).jpg,2,2_Pneumonia,train
train/2_Pneumonia/Pneumonia-Viral (311).jpg,2,2_Pneumonia,train
train/1_Covid19/COVID-19 (503).jpg,1,1_Covid19,train
validation/1_Covid19/COVID-19 (1176).jpg,1,1_Covid19,train
train/2_Pneumonia/Pneumonia-Viral (562).jpg,2,2_Pneumonia,train
train/2_Pneumonia/Pneumonia-Bacterial (2122).jpg,2,2_Pneumonia,train
train/2_Pneumonia/Pneumonia-Bacterial (247).jpg,2,2_Pneumonia,train
train/2_Pneumonia/Pneumonia-Bacterial (302).jpg,2,2_Pneumonia,train
validation/1_Covid19/COVID-19 (1201).jpg,1,1_Covid19,train
train/0_Normal/Normal (969).jpg,0,0_Normal,train
validation/2_Pneumonia/Pneumonia-Viral (1462).jpg,2,2_Pneumonia,train
train/0_Normal/Normal (802).jpg,0,0_Normal,train
train/1_Covid19/COVID-19 (427).jpg,1,1_Covid19,train
train/2_Pneumonia/Pneumonia-Bacterial (1745).jpg,2,2_Pneumonia,train
train/2_Pneumonia/Pneumonia-Bacterial (285).jpg,2,2_Pneumonia,train
train/2_Pneumonia/Pneumonia-Bacterial (1228).jpg,2,2_Pneumonia,train
train/2_Pneumonia/Pneumonia-Bacterial (2082).jpg,2,2_Pneumonia,train
train/2_Pneumonia/Pneumonia-Bacterial (1842).jpg,2,2_Pneumonia,train
train/2_Pneumonia/Pneumonia-Bacterial (2625).jpg,2,2_Pneumonia,train
train/0_Normal/Normal (1318).jpg,0,0_Normal,train
validation/1_Covid19/COVID-19 (1062).jpg,1,1_Covid19,train
train/0_Normal/Normal (2565).jpg,0,0_Normal,train
train/0_Normal/Normal (2325).jpg,0,0_Normal,train
validation/0_Normal/Normal (2738).jpg,0,0_Normal,train
validation/2_Pneumonia/Pneumonia-Viral (1377).jpg,2,2_Pneumonia,train
train/0_Normal/Normal (719).jpg,0,0_Normal,train
train/1_Covid19/COVID-19 (583).jpg,1,1_Covid19,train
train/2_Pneumonia/Pneumonia-Bacterial (2664).jpg,2,2_Pneumonia,train
train/2_Pneumonia/Pneumonia-Bacterial (2501).jpg,2,2_Pneumonia,train
train/0_Normal/Normal (1286).jpg,0,0_Normal,train
train/0_Normal/Normal (2567).jpg,0,0_Normal,train
train/2_Pneumonia/Pneumonia-Bacterial (2976).jpg,2,2_Pneumonia,train
validation/2_Pneumonia/Pneumonia-Viral (1261).jpg,2,2_Pneumonia,train
train/0_Normal/Normal (1673).jpg,0,0_Normal,train
validation/1_Covid19/COVID-19 (1195).jpg,1,1_Covid19,train
train/2_Pneumonia/Pneumonia-Viral (380).jpg,2,2_Pneumonia,train
train/2_Pneumonia/Pneumonia-Bacterial (1268).jpg,2,2_Pneumonia,train
train/1_Covid19/COVID-19 (839).jpg,1,1_Covid19,train
train/2_Pneumonia/Pneumonia-Viral (681).jpg,2,2_Pneumonia,train
train/0_Normal/Normal (2530).jpg,0,0_Normal,train
train/0_Normal/Normal (617).jpg,0,0_Normal,train
validation/0_Normal/Normal (3028).jpg,0,0_Normal,train
train/2_Pneumonia/Pneumonia-Bacterial (2642).jpg,2,2_Pneumonia,train
train/0_Normal/Normal (453).jpg,0,0_Normal,train
train/0_Normal/Normal (1151).jpg,0,0_Normal,train
train/0_Normal/Normal (839).jpg,0,0_Normal,train
train/1_Covid19/COVID-19 (918).jpg,1,1_Covid19,train
train/0_Normal/Normal (1191).jpg,0,0_Normal,train
train/2_Pneumonia/Pneumonia-Bacterial (2863).jpg,2,2_Pneumonia,train
validation/0_Normal/Normal (2701).jpg,0,0_Normal,train
validation/0_Normal/Normal (3171).jpg,0,0_Normal,train
train/2_Pneumonia/Pneumonia-Bacterial (2361).jpg,2,2_Pneumonia,train
train/2_Pneumonia/Pneumonia-Bacterial (929).jpg,2,2_Pneumonia,train
train/0_Normal/Normal (1103).jpg,0,0_Normal,train
train/1_Covid19/COVID-19 (954).jpg,1,1_Covid19,train
train/0_Normal/Normal (1126).jpg,0,0_Normal,train
validation/2_Pneumonia/Pneumonia-Viral (803).jpg,2,2_Pneumonia,train
train/0_Normal/Normal (1801).jpg,0,0_Normal,train
validation/2_Pneumonia/Pneumonia-Viral (1620).jpg,2,2_Pneumonia,train
train/2_Pneumonia/Pneumonia-Bacterial (379).jpg,2,2_Pneumonia,train
train/2_Pneumonia/Pneumonia-Bacterial (195).jpg,2,2_Pneumonia,train
train/2_Pneumonia/Pneumonia-Viral (384).jpg,2,2_Pneumonia,train
train/0_Normal/Normal (962).jpg,0,0_Normal,train
train/0_Normal/Normal (1908).jpg,0,0_Normal,train
validation/0_Normal/Normal (3196).jpg,0,0_Normal,train
train/2_Pneumonia/Pneumonia-Bacterial (2704).jpg,2,2_Pneumonia,train
train/1_Covid19/COVID-19 (579).jpg,1,1_Covid19,train
train/1_Covid19/COVID-19 (68).jpg,1,1_Covid19,train
train/0_Normal/Normal (1234).jpg,0,0_Normal,train
validation/2_Pneumonia/Pneumonia-Viral (1103).jpg,2,2_Pneumonia,train
train/0_Normal/Normal (233).jpg,0,0_Normal,train
train/1_Covid19/COVID-19 (341).jpg,1,1_Covid19,train
train/0_Normal/Normal (1222).jpg,0,0_Normal,train
train/2_Pneumonia/Pneumonia-Bacterial (1028).jpg,2,2_Pneumonia,train
train/2_Pneumonia/Pneumonia-Viral (302).jpg,2,2_Pneumonia,train
train/2_Pneumonia/Pneumonia-Bacterial (1554).jpg,2,2_Pneumonia,train
train/0_Normal/Normal (2577).jpg,0,0_Normal,train
train/0_Normal/Normal (683).jpg,0,0_Normal,train
validation/0_Normal/Normal (3265).jpg,0,0_Normal,train
train/0_Normal/Normal (2222).jpg,0,0_Normal,train
train/0_Normal/Normal (197).jpg,0,0_Normal,train
train/2_Pneumonia/Pneumonia-Bacterial (1636).jpg,2,2_Pneumonia,train
train/1_Covid19/COVID-19 (725).jpg,1,1_Covid19,train
validation/0_Normal/Normal (2808).jpg,0,0_Normal,train
train/2_Pneumonia/Pneumonia-Bacterial (964).jpg,2,2_Pneumonia,train
validation/0_Normal/Normal (2817).jpg,0,0_Normal,train
train/0_Normal/Normal (4).jpg,0,0_Normal,train
train/2_Pneumonia/Pneumonia-Viral (538).jpg,2,2_Pneumonia,train
train/0_Normal/Normal (1778).jpg,0,0_Normal,train
train/1_Covid19/COVID-19 (1016).jpg,1,1_Covid19,train
train/0_Normal/Normal (967).jpg,0,0_Normal,train
train/2_Pneumonia/Pneumonia-Bacterial (1047).jpg,2,2_Pneumonia,train
train/2_Pneumonia/Pneumonia-Viral (604).jpg,2,2_Pneumonia,train
train/0_Normal/Normal (1401).jpg,0,0_Normal,train
train/2_Pneumonia/Pneumonia-Bacterial (2748).jpg,2,2_Pneumonia,train
train/2_Pneumonia/Pneumonia-Bacterial (558).jpg,2,2_Pneumonia,train
train/1_Covid19/COVID-19 (169).jpg,1,1_Covid19,train
train/2_Pneumonia/Pneumonia-Viral (506).jpg,2,2_Pneumonia,train
validation/0_Normal/Normal (3213).jpg,0,0_Normal,train
validation/2_Pneumonia/Pneumonia-Viral (1211).jpg,2,2_Pneumonia,train
train/1_Covid19/COVID-19 (362).jpg,1,1_Covid19,train
train/0_Normal/Normal (1148).jpg,0,0_Normal,train
train/2_Pneumonia/Pneumonia-Viral (637).jpg,2,2_Pneumonia,train
train/1_Covid19/COVID-19 (344).jpg,1,1_Covid19,train
train/2_Pneumonia/Pneumonia-Bacterial (584).jpg,2,2_Pneumonia,train
train/1_Covid19/COVID-19 (516).jpg,1,1_Covid19,train
train/1_Covid19/COVID-19 (115).jpg,1,1_Covid19,train
validation/2_Pneumonia/Pneumonia-Viral (1136).jpg,2,2_Pneumonia,train
train/0_Normal/Normal (2286).jpg,0,0_Normal,train
train/1_Covid19/COVID-19 (697).jpg,1,1_Covid19,train
train/2_Pneumonia/Pneumonia-Bacterial (2875).jpg,2,2_Pneumonia,train
train/2_Pneumonia/Pneumonia-Viral (678).jpg,2,2_Pneumonia,train
validation/0_Normal/Normal (3027).jpg,0,0_Normal,train
validation/2_Pneumonia/Pneumonia-Viral (759).jpg,2,2_Pneumonia,train
validation/2_Pneumonia/Pneumonia-Viral (1383).jpg,2,2_Pneumonia,train
train/2_Pneumonia/Pneumonia-Bacterial (176).jpg,2,2_Pneumonia,train
train/0_Normal/Normal (1097).jpg,0,0_Normal,train
validation/1_Covid19/COVID-19 (1261).jpg,1,1_Covid19,train
train/0_Normal/Normal (38).jpg,0,0_Normal,train
train/2_Pneumonia/Pneumonia-Bacterial (2499).jpg,2,2_Pneumonia,train
train/1_Covid19/COVID-19 (874).jpg,1,1_Covid19,train
train/2_Pneumonia/Pneumonia-Viral (542).jpg,2,2_Pneumonia,train
train/0_Normal/Normal (220).jpg,0,0_Normal,train
train/1_Covid19/COVID-19 (986).jpg,1,1_Covid19,train
train/0_Normal/Normal (2450).jpg,0,0_Normal,train
validation/0_Normal/Normal (3121).jpg,0,0_Normal,train
train/2_Pneumonia/Pneumonia-Bacterial (77).jpg,2,2_Pneumonia,train
train/0_Normal/Normal (1963).jpg,0,0_Normal,train
validation/0_Normal/Normal (2902).jpg,0,0_Normal,train
validation/0_Normal/Normal (2740).jpg,0,0_Normal,train
train/0_Normal/Normal (122).jpg,0,0_Normal,train
train/0_Normal/Normal (1009).jpg,0,0_Normal,train
train/2_Pneumonia/Pneumonia-Bacterial (2872).jpg,2,2_Pneumonia,train
validation/2_Pneumonia/Pneumonia-Viral (1144).jpg,2,2_Pneumonia,train
train/1_Covid19/COVID-19 (327).jpg,1,1_Covid19,train
train/2_Pneumonia/Pneumonia-Bacterial (897).jpg,2,2_Pneumonia,train
train/2_Pneumonia/Pneumonia-Bacterial (262).jpg,2,2_Pneumonia,train
train/2_Pneumonia/Pneumonia-Bacterial (2565).jpg,2,2_Pneumonia,train
train/1_Covid19/COVID-19 (654).jpg,1,1_Covid19,train
train/2_Pneumonia/Pneumonia-Bacterial (2890).jpg,2,2_Pneumonia,train
train/1_Covid19/COVID-19 (531).jpg,1,1_Covid19,train
validation/0_Normal/Normal (2632).jpg,0,0_Normal,train
train/2_Pneumonia/Pneumonia-Viral (722).jpg,2,2_Pneumonia,train
train/2_Pneumonia/Pneumonia-Bacterial (2446).jpg,2,2_Pneumonia,train
train/2_Pneumonia/Pneumonia-Bacterial (1138).jpg,2,2_Pneumonia,train
train/2_Pneumonia/Pneumonia-Bacterial (1180).jpg,2,2_Pneumonia,train
train/2_Pneumonia/Pneumonia-Bacterial (1643).jpg,2,2_Pneumonia,train
validation/2_Pneumonia/Pneumonia-Viral (915).jpg,2,2_Pneumonia,train
train/0_Normal/Normal (2071).jpg,0,0_Normal,train
validation/2_Pneumonia/Pneumonia-Viral (920).jpg,2,2_Pneumonia,train
train/2_Pneumonia/Pneumonia-Viral (578).jpg,2,2_Pneumonia,train
validation/0_Normal/Normal (3067).jpg,0,0_Normal,train
validation/0_Normal/Normal (3103).jpg,0,0_Normal,train
train/0_Normal/Normal (931).jpg,0,0_Normal,train
train/0_Normal/Normal (1652).jpg,0,0_Normal,train
train/2_Pneumonia/Pneumonia-Bacterial (2338).jpg,2,2_Pneumonia,train
train/0_Normal/Normal (2224).jpg,0,0_Normal,train
validation/0_Normal/Normal (3178).jpg,0,0_Normal,train
validation/2_Pneumonia/Pneumonia-Viral (1470).jpg,2,2_Pneumonia,train
train/2_Pneumonia/Pneumonia-Bacterial (1312).jpg,2,2_Pneumonia,train
train/2_Pneumonia/Pneumonia-Bacterial (377).jpg,2,2_Pneumonia,train
train/0_Normal/Normal (1067).jpg,0,0_Normal,train
train/0_Normal/Normal (2167).jpg,0,0_Normal,train
train/2_Pneumonia/Pneumonia-Bacterial (1342).jpg,2,2_Pneumonia,train
validation/2_Pneumonia/Pneumonia-Viral (1217).jpg,2,2_Pneumonia,train
train/2_Pneumonia/Pneumonia-Bacterial (797).jpg,2,2_Pneumonia,train
train/2_Pneumonia/Pneumonia-Bacterial (481).jpg,2,2_Pneumonia,train
train/2_Pneumonia/Pneumonia-Bacterial (3001).jpg,2,2_Pneumonia,train
validation/2_Pneumonia/Pneumonia-Viral (1051).jpg,2,2_Pneumonia,train
validation/2_Pneumonia/Pneumonia-Viral (1164).jpg,2,2_Pneumonia,train
train/2_Pneumonia/Pneumonia-Viral (560).jpg,2,2_Pneumonia,train
train/2_Pneumonia/Pneumonia-Bacterial (566).jpg,2,2_Pneumonia,train
validation/1_Covid19/COVID-19 (1215).jpg,1,1_Covid19,train
train/2_Pneumonia/Pneumonia-Bacterial (1787).jpg,2,2_Pneumonia,train
train/2_Pneumonia/Pneumonia-Bacterial (1053).jpg,2,2_Pneumonia,train
train/2_Pneumonia/Pneumonia-Viral (210).jpg,2,2_Pneumonia,train
validation/2_Pneumonia/Pneumonia-Viral (1264).jpg,2,2_Pneumonia,train
validation/2_Pneumonia/Pneumonia-Viral (927).jpg,2,2_Pneumonia,train
train/2_Pneumonia/Pneumonia-Bacterial (588).jpg,2,2_Pneumonia,train
train/2_Pneumonia/Pneumonia-Bacterial (2042).jpg,2,2_Pneumonia,train
train/0_Normal/Normal (10).jpg,0,0_Normal,train
train/0_Normal/Normal (863).jpg,0,0_Normal,train
train/2_Pneumonia/Pneumonia-Bacterial (2297).jpg,2,2_Pneumonia,train
train/2_Pneumonia/Pneumonia-Bacterial (1645).jpg,2,2_Pneumonia,train
train/0_Normal/Normal (241).jpg,0,0_Normal,train
train/2_Pneumonia/Pneumonia-Bacterial (1042).jpg,2,2_Pneumonia,train
validation/2_Pneumonia/Pneumonia-Viral (1016).jpg,2,2_Pneumonia,train
train/2_Pneumonia/Pneumonia-Bacterial (1804).jpg,2,2_Pneumonia,train
validation/2_Pneumonia/Pneumonia-Viral (963).jpg,2,2_Pneumonia,train
validation/2_Pneumonia/Pneumonia-Viral (883).jpg,2,2_Pneumonia,train
train/2_Pneumonia/Pneumonia-Bacterial (2423).jpg,2,2_Pneumonia,train
train/2_Pneumonia/Pneumonia-Bacterial (2041).jpg,2,2_Pneumonia,train
validation/2_Pneumonia/Pneumonia-Viral (817).jpg,2,2_Pneumonia,train
train/0_Normal/Normal (2149).jpg,0,0_Normal,train
train/1_Covid19/COVID-19 (859).jpg,1,1_Covid19,train
validation/2_Pneumonia/Pneumonia-Viral (1398).jpg,2,2_Pneumonia,train
train/2_Pneumonia/Pneumonia-Bacterial (441).jpg,2,2_Pneumonia,train
train/2_Pneumonia/Pneumonia-Viral (125).jpg,2,2_Pneumonia,train
train/1_Covid19/COVID-19 (549).jpg,1,1_Covid19,train
train/2_Pneumonia/Pneumonia-Bacterial (2299).jpg,2,2_Pneumonia,train
validation/0_Normal/Normal (2852).jpg,0,0_Normal,train
validation/0_Normal/Normal (3007).jpg,0,0_Normal,train
validation/2_Pneumonia/Pneumonia-Viral (884).jpg,2,2_Pneumonia,train
train/2_Pneumonia/Pneumonia-Bacterial (1143).jpg,2,2_Pneumonia,train
train/0_Normal/Normal (957).jpg,0,0_Normal,train
validation/2_Pneumonia/Pneumonia-Viral (1231) (1).jpg,2,2_Pneumonia,train
validation/2_Pneumonia/Pneumonia-Viral (792).jpg,2,2_Pneumonia,train
validation/2_Pneumonia/Pneumonia-Viral (1321).jpg,2,2_Pneumonia,train
train/0_Normal/Normal (2536).jpg,0,0_Normal,train
train/0_Normal/Normal (2384).jpg,0,0_Normal,train
validation/2_Pneumonia/Pneumonia-Viral (1327).jpg,2,2_Pneumonia,train
train/0_Normal/Normal (1915).jpg,0,0_Normal,train
train/2_Pneumonia/Pneumonia-Bacterial (230).jpg,2,2_Pneumonia,train
train/2_Pneumonia/Pneumonia-Viral (674).jpg,2,2_Pneumonia,train
train/1_Covid19/COVID-19 (493).jpg,1,1_Covid19,train
train/2_Pneumonia/Pneumonia-Bacterial (2467).jpg,2,2_Pneumonia,train
train/2_Pneumonia/Pneumonia-Bacterial (146).jpg,2,2_Pneumonia,train
train/0_Normal/Normal (1795).jpg,0,0_Normal,train
train/2_Pneumonia/Pneumonia-Bacterial (452).jpg,2,2_Pneumonia,train
train/2_Pneumonia/Pneumonia-Bacterial (2867).jpg,2,2_Pneumonia,train
train/0_Normal/Normal (344).jpg,0,0_Normal,train
validation/2_Pneumonia/Pneumonia-Viral (731).jpg,2,2_Pneumonia,train
train/0_Normal/Normal (51).jpg,0,0_Normal,train
train/2_Pneumonia/Pneumonia-Bacterial (882).jpg,2,2_Pneumonia,train
train/2_Pneumonia/Pneumonia-Viral (232).jpg,2,2_Pneumonia,train
train/2_Pneumonia/Pneumonia-Bacterial (1444).jpg,2,2_Pneumonia,train
train/1_Covid19/COVID-19 (790).jpg,1,1_Covid19,train
train/2_Pneumonia/Pneumonia-Bacterial (1868).jpg,2,2_Pneumonia,train
train/0_Normal/Normal (2237).jpg,0,0_Normal,train
train/0_Normal/Normal (68).jpg,0,0_Normal,train
train/2_Pneumonia/Pneumonia-Viral (156).jpg,2,2_Pneumonia,train
train/0_Normal/Normal (463).jpg,0,0_Normal,train
train/0_Normal/Normal (1922).jpg,0,0_Normal,train
train/2_Pneumonia/Pneumonia-Bacterial (790).jpg,2,2_Pneumonia,train
train/1_Covid19/COVID-19 (578).jpg,1,1_Covid19,train
train/2_Pneumonia/Pneumonia-Bacterial (1933).jpg,2,2_Pneumonia,train
train/0_Normal/Normal (1296).jpg,0,0_Normal,train
train/0_Normal/Normal (34).jpg,0,0_Normal,train
validation/2_Pneumonia/Pneumonia-Viral (751).jpg,2,2_Pneumonia,train
train/0_Normal/Normal (266).jpg,0,0_Normal,train
validation/2_Pneumonia/Pneumonia-Viral (1050).jpg,2,2_Pneumonia,train
train/2_Pneumonia/Pneumonia-Bacterial (2941).jpg,2,2_Pneumonia,train
validation/2_Pneumonia/Pneumonia-Viral (1380).jpg,2,2_Pneumonia,train
train/0_Normal/Normal (561).jpg,0,0_Normal,train
validation/2_Pneumonia/Pneumonia-Viral (1607).jpg,2,2_Pneumonia,train
validation/0_Normal/Normal (2966).jpg,0,0_Normal,train
train/0_Normal/Normal (1553).jpg,0,0_Normal,train
train/2_Pneumonia/Pneumonia-Bacterial (2613).jpg,2,2_Pneumonia,train
validation/0_Normal/Normal (2773).jpg,0,0_Normal,train
train/0_Normal/Normal (1359).jpg,0,0_Normal,train
train/0_Normal/Normal (2213).jpg,0,0_Normal,train
train/2_Pneumonia/Pneumonia-Bacterial (1464).jpg,2,2_Pneumonia,train
validation/2_Pneumonia/Pneumonia-Viral (1537).jpg,2,2_Pneumonia,train
train/2_Pneumonia/Pneumonia-Bacterial (2342).jpg,2,2_Pneumonia,train
train/0_Normal/Normal (2608).jpg,0,0_Normal,train
train/0_Normal/Normal (1453).jpg,0,0_Normal,train
validation/1_Covid19/COVID-19 (1125).jpg,1,1_Covid19,train
validation/2_Pneumonia/Pneumonia-Viral (1556).jpg,2,2_Pneumonia,train
train/2_Pneumonia/Pneumonia-Bacterial (2155).jpg,2,2_Pneumonia,train
train/2_Pneumonia/Pneumonia-Viral (565).jpg,2,2_Pneumonia,train
train/1_Covid19/COVID-19 (1011).jpg,1,1_Covid19,train
train/2_Pneumonia/Pneumonia-Viral (309).jpg,2,2_Pneumonia,train
train/2_Pneumonia/Pneumonia-Bacterial (794).jpg,2,2_Pneumonia,train
train/2_Pneumonia/Pneumonia-Bacterial (2263).jpg,2,2_Pneumonia,train
train/2_Pneumonia/Pneumonia-Bacterial (1996).jpg,2,2_Pneumonia,train
train/2_Pneumonia/Pneumonia-Bacterial (2208).jpg,2,2_Pneumonia,train
validation/0_Normal/Normal (2987).jpg,0,0_Normal,train
train/2_Pneumonia/Pneumonia-Bacterial (2569).jpg,2,2_Pneumonia,train
train/0_Normal/Normal (852).jpg,0,0_Normal,train
train/2_Pneumonia/Pneumonia-Bacterial (1038).jpg,2,2_Pneumonia,train
train/2_Pneumonia/Pneumonia-Bacterial (237).jpg,2,2_Pneumonia,train
train/0_Normal/Normal (2035).jpg,0,0_Normal,train
train/0_Normal/Normal (102).jpg,0,0_Normal,train
train/2_Pneumonia/Pneumonia-Viral (619).jpg,2,2_Pneumonia,train
train/0_Normal/Normal (1840).jpg,0,0_Normal,train
train/2_Pneumonia/Pneumonia-Bacterial (1192).jpg,2,2_Pneumonia,train
train/2_Pneumonia/Pneumonia-Viral (622).jpg,2,2_Pneumonia,train
validation/2_Pneumonia/Pneumonia-Viral (1628).jpg,2,2_Pneumonia,train
train/1_Covid19/COVID-19 (526).jpg,1,1_Covid19,train
train/0_Normal/Normal (2020).jpg,0,0_Normal,train
train/2_Pneumonia/Pneumonia-Viral (639).jpg,2,2_Pneumonia,train
train/1_Covid19/COVID-19 (564).jpg,1,1_Covid19,train
train/0_Normal/Normal (1488).jpg,0,0_Normal,train
train/2_Pneumonia/Pneumonia-Bacterial (762).jpg,2,2_Pneumonia,train
validation/1_Covid19/COVID-19 (1100).jpg,1,1_Covid19,train
train/2_Pneumonia/Pneumonia-Bacterial (2788).jpg,2,2_Pneumonia,train
train/2_Pneumonia/Pneumonia-Bacterial (1497).jpg,2,2_Pneumonia,train
validation/2_Pneumonia/Pneumonia-Viral (1332).jpg,2,2_Pneumonia,train
train/0_Normal/Normal (1961).jpg,0,0_Normal,train
validation/0_Normal/Normal (2822).jpg,0,0_Normal,train
train/2_Pneumonia/Pneumonia-Bacterial (2614).jpg,2,2_Pneumonia,train
train/2_Pneumonia/Pneumonia-Bacterial (343).jpg,2,2_Pneumonia,train
train/0_Normal/Normal (343).jpg,0,0_Normal,train
train/0_Normal/Normal (702).jpg,0,0_Normal,train
train/2_Pneumonia/Pneumonia-Bacterial (1301).jpg,2,2_Pneumonia,train
train/0_Normal/Normal (1289).jpg,0,0_Normal,train
train/2_Pneumonia/Pneumonia-Bacterial (268).jpg,2,2_Pneumonia,train
train/1_Covid19/COVID-19 (834).jpg,1,1_Covid19,train
train/0_Normal/Normal (2586).jpg,0,0_Normal,train
train/1_Covid19/COVID-19 (540).jpg,1,1_Covid19,train
train/2_Pneumonia/Pneumonia-Bacterial (2389).jpg,2,2_Pneumonia,train
train/0_Normal/Normal (886).jpg,0,0_Normal,train
train/2_Pneumonia/Pneumonia-Bacterial (142).jpg,2,2_Pneumonia,train
train/0_Normal/Normal (2079).jpg,0,0_Normal,train
train/2_Pneumonia/Pneumonia-Bacterial (955).jpg,2,2_Pneumonia,train
train/0_Normal/Normal (36).jpg,0,0_Normal,train
validation/2_Pneumonia/Pneumonia-Viral (1493).jpg,2,2_Pneumonia,train
validation/2_Pneumonia/Pneumonia-Viral (1284).jpg,2,2_Pneumonia,train
validation/2_Pneumonia/Pneumonia-Viral (961).jpg,2,2_Pneumonia,train
train/0_Normal/Normal (2527).jpg,0,0_Normal,train
validation/1_Covid19/COVID-19 (1156).jpg,1,1_Covid19,train
train/1_Covid19/COVID-19 (820).jpg,1,1_Covid19,train
train/2_Pneumonia/Pneumonia-Bacterial (1308).jpg,2,2_Pneumonia,train
train/2_Pneumonia/Pneumonia-Bacterial (289).jpg,2,2_Pneumonia,train
train/2_Pneumonia/Pneumonia-Bacterial (101).jpg,2,2_Pneumonia,train
train/1_Covid19/COVID-19 (701).jpg,1,1_Covid19,train
train/2_Pneumonia/Pneumonia-Bacterial (2519).jpg,2,2_Pneumonia,train
train/2_Pneumonia/Pneumonia-Bacterial (1072).jpg,2,2_Pneumonia,train
train/0_Normal/Normal (318).jpg,0,0_Normal,train
train/2_Pneumonia/Pneumonia-Bacterial (385).jpg,2,2_Pneumonia,train
validation/0_Normal/Normal (3244).jpg,0,0_Normal,train
train/2_Pneumonia/Pneumonia-Bacterial (1689).jpg,2,2_Pneumonia,train
train/2_Pneumonia/Pneumonia-Bacterial (504).jpg,2,2_Pneumonia,train
train/2_Pneumonia/Pneumonia-Bacterial (718).jpg,2,2_Pneumonia,train
train/2_Pneumonia/Pneumonia-Viral (645).jpg,2,2_Pneumonia,train
train/2_Pneumonia/Pneumonia-Viral (638).jpg,2,2_Pneumonia,train
train/0_Normal/Normal (276).jpg,0,0_Normal,train
train/0_Normal/Normal (2568).jpg,0,0_Normal,train
validation/2_Pneumonia/Pneumonia-Viral (1228) (1).jpg,2,2_Pneumonia,train
train/0_Normal/Normal (973).jpg,0,0_Normal,train
train/1_Covid19/COVID-19 (633).jpg,1,1_Covid19,train
validation/0_Normal/Normal (2751).jpg,0,0_Normal,train
train/2_Pneumonia/Pneumonia-Bacterial (1451).jpg,2,2_Pneumonia,train
validation/1_Covid19/COVID-19 (1037).jpg,1,1_Covid19,train
train/0_Normal/Normal (1758).jpg,0,0_Normal,train
train/2_Pneumonia/Pneumonia-Viral (64).jpg,2,2_Pneumonia,train
train/2_Pneumonia/Pneumonia-Bacterial (1877).jpg,2,2_Pneumonia,train
train/2_Pneumonia/Pneumonia-Bacterial (1023).jpg,2,2_Pneumonia,train
train/1_Covid19/COVID-19 (732).jpg,1,1_Covid19,train
train/0_Normal/Normal (2388).jpg,0,0_Normal,train
train/0_Normal/Normal (2048).jpg,0,0_Normal,train
train/2_Pneumonia/Pneumonia-Bacterial (1255).jpg,2,2_Pneumonia,train
train/2_Pneumonia/Pneumonia-Bacterial (1406).jpg,2,2_Pneumonia,train
train/2_Pneumonia/Pneumonia-Bacterial (940).jpg,2,2_Pneumonia,train
train/2_Pneumonia/Pneumonia-Bacterial (1533).jpg,2,2_Pneumonia,train
train/0_Normal/Normal (2175).jpg,0,0_Normal,train
train/2_Pneumonia/Pneumonia-Viral (38).jpg,2,2_Pneumonia,train
validation/0_Normal/Normal (3015).jpg,0,0_Normal,train
train/2_Pneumonia/Pneumonia-Viral (231).jpg,2,2_Pneumonia,train
train/0_Normal/Normal (1323).jpg,0,0_Normal,train
train/0_Normal/Normal (2036).jpg,0,0_Normal,train
train/2_Pneumonia/Pneumonia-Bacterial (2165).jpg,2,2_Pneumonia,train
train/0_Normal/Normal (988).jpg,0,0_Normal,train
train/2_Pneumonia/Pneumonia-Bacterial (2689).jpg,2,2_Pneumonia,train
train/0_Normal/Normal (1200).jpg,0,0_Normal,train
train/2_Pneumonia/Pneumonia-Viral (514).jpg,2,2_Pneumonia,train
train/2_Pneumonia/Pneumonia-Bacterial (1346).jpg,2,2_Pneumonia,train
train/2_Pneumonia/Pneumonia-Bacterial (1055).jpg,2,2_Pneumonia,train
train/2_Pneumonia/Pneumonia-Bacterial (2436).jpg,2,2_Pneumonia,train
train/2_Pneumonia/Pneumonia-Bacterial (2223).jpg,2,2_Pneumonia,train
train/2_Pneumonia/Pneumonia-Viral (606).jpg,2,2_Pneumonia,train
validation/2_Pneumonia/Pneumonia-Viral (1295).jpg,2,2_Pneumonia,train
train/0_Normal/Normal (2260).jpg,0,0_Normal,train
train/2_Pneumonia/Pneumonia-Bacterial (160).jpg,2,2_Pneumonia,train
train/0_Normal/Normal (1999).jpg,0,0_Normal,train
train/2_Pneumonia/Pneumonia-Bacterial (508).jpg,2,2_Pneumonia,train
train/2_Pneumonia/Pneumonia-Bacterial (1403).jpg,2,2_Pneumonia,train
validation/0_Normal/Normal (3059).jpg,0,0_Normal,train
train/2_Pneumonia/Pneumonia-Bacterial (1763).jpg,2,2_Pneumonia,train
validation/2_Pneumonia/Pneumonia-Viral (813).jpg,2,2_Pneumonia,train
train/0_Normal/Normal (210).jpg,0,0_Normal,train
train/1_Covid19/COVID-19 (762).jpg,1,1_Covid19,train
train/1_Covid19/COVID-19 (517).jpg,1,1_Covid19,train
train/0_Normal/Normal (732).jpg,0,0_Normal,train
validation/2_Pneumonia/Pneumonia-Viral (1047).jpg,2,2_Pneumonia,train
validation/2_Pneumonia/Pneumonia-Viral (1125).jpg,2,2_Pneumonia,train
train/1_Covid19/COVID-19 (748).jpg,1,1_Covid19,train
train/1_Covid19/COVID-19 (948).jpg,1,1_Covid19,train
train/1_Covid19/COVID-19 (624).jpg,1,1_Covid19,train
train/2_Pneumonia/Pneumonia-Viral (25).jpg,2,2_Pneumonia,train
train/2_Pneumonia/Pneumonia-Viral (496).jpg,2,2_Pneumonia,train
train/1_Covid19/COVID-19 (543).jpg,1,1_Covid19,train
train/2_Pneumonia/Pneumonia-Bacterial (1984).jpg,2,2_Pneumonia,train
train/2_Pneumonia/Pneumonia-Viral (556).jpg,2,2_Pneumonia,train
train/2_Pneumonia/Pneumonia-Bacterial (1392).jpg,2,2_Pneumonia,train
validation/1_Covid19/COVID-19 (1255).jpg,1,1_Covid19,train
train/0_Normal/Normal (194).jpg,0,0_Normal,train
train/2_Pneumonia/Pneumonia-Bacterial (1269).jpg,2,2_Pneumonia,train
train/0_Normal/Normal (1644).jpg,0,0_Normal,train
train/2_Pneumonia/Pneumonia-Bacterial (739).jpg,2,2_Pneumonia,train
validation/2_Pneumonia/Pneumonia-Viral (1550).jpg,2,2_Pneumonia,train
train/1_Covid19/COVID-19 (188).jpg,1,1_Covid19,train
train/2_Pneumonia/Pneumonia-Bacterial (2913).jpg,2,2_Pneumonia,train
train/0_Normal/Normal (1036).jpg,0,0_Normal,train
train/2_Pneumonia/Pneumonia-Bacterial (1314).jpg,2,2_Pneumonia,train
train/2_Pneumonia/Pneumonia-Bacterial (1780).jpg,2,2_Pneumonia,train
validation/0_Normal/Normal (2898).jpg,0,0_Normal,train
train/0_Normal/Normal (626).jpg,0,0_Normal,train
validation/0_Normal/Normal (3091).jpg,0,0_Normal,train
train/0_Normal/Normal (1947).jpg,0,0_Normal,train
train/0_Normal/Normal (1140).jpg,0,0_Normal,train
validation/0_Normal/Normal (3106).jpg,0,0_Normal,train
train/1_Covid19/COVID-19 (429).jpg,1,1_Covid19,train
train/2_Pneumonia/Pneumonia-Bacterial (925).jpg,2,2_Pneumonia,train
train/2_Pneumonia/Pneumonia-Bacterial (2807).jpg,2,2_Pneumonia,train
train/0_Normal/Normal (1496).jpg,0,0_Normal,train
train/2_Pneumonia/Pneumonia-Bacterial (410).jpg,2,2_Pneumonia,train
train/0_Normal/Normal (897).jpg,0,0_Normal,train
train/2_Pneumonia/Pneumonia-Viral (89).jpg,2,2_Pneumonia,train
validation/2_Pneumonia/Pneumonia-Viral (1450).jpg,2,2_Pneumonia,train
train/2_Pneumonia/Pneumonia-Bacterial (1742).jpg,2,2_Pneumonia,train
train/2_Pneumonia/Pneumonia-Viral (337).jpg,2,2_Pneumonia,train
train/0_Normal/Normal (1171).jpg,0,0_Normal,train
train/0_Normal/Normal (225).jpg,0,0_Normal,train
train/2_Pneumonia/Pneumonia-Bacterial (2090).jpg,2,2_Pneumonia,train
train/2_Pneumonia/Pneumonia-Bacterial (297).jpg,2,2_Pneumonia,train
train/1_Covid19/COVID-19 (31).jpg,1,1_Covid19,train
train/2_Pneumonia/Pneumonia-Viral (168).jpg,2,2_Pneumonia,train
train/0_Normal/Normal (1939).jpg,0,0_Normal,train
train/2_Pneumonia/Pneumonia-Bacterial (2952).jpg,2,2_Pneumonia,train
train/0_Normal/Normal (898).jpg,0,0_Normal,train
train/1_Covid19/COVID-19 (718).jpg,1,1_Covid19,train
train/0_Normal/Normal (1838).jpg,0,0_Normal,train
train/2_Pneumonia/Pneumonia-Bacterial (1824).jpg,2,2_Pneumonia,train
train/1_Covid19/COVID-19 (357).jpg,1,1_Covid19,train
train/0_Normal/Normal (1519).jpg,0,0_Normal,train
train/2_Pneumonia/Pneumonia-Bacterial (1141).jpg,2,2_Pneumonia,train
train/2_Pneumonia/Pneumonia-Bacterial (2388).jpg,2,2_Pneumonia,train
train/0_Normal/Normal (1551).jpg,0,0_Normal,train
train/1_Covid19/COVID-19 (618).jpg,1,1_Covid19,train
train/2_Pneumonia/Pneumonia-Bacterial (1826).jpg,2,2_Pneumonia,train
train/0_Normal/Normal (671).jpg,0,0_Normal,train
train/0_Normal/Normal (1298).jpg,0,0_Normal,train
train/1_Covid19/COVID-19 (294).jpg,1,1_Covid19,train
validation/2_Pneumonia/Pneumonia-Viral (1066).jpg,2,2_Pneumonia,train
train/2_Pneumonia/Pneumonia-Bacterial (2399).jpg,2,2_Pneumonia,train
train/2_Pneumonia/Pneumonia-Viral (186).jpg,2,2_Pneumonia,train
train/2_Pneumonia/Pneumonia-Bacterial (2722).jpg,2,2_Pneumonia,train
train/0_Normal/Normal (77).jpg,0,0_Normal,train
validation/2_Pneumonia/Pneumonia-Viral (1349).jpg,2,2_Pneumonia,train
train/2_Pneumonia/Pneumonia-Bacterial (1657).jpg,2,2_Pneumonia,train
validation/0_Normal/Normal (3022).jpg,0,0_Normal,train
validation/2_Pneumonia/Pneumonia-Viral (1320).jpg,2,2_Pneumonia,train
train/0_Normal/Normal (2362).jpg,0,0_Normal,train
train/2_Pneumonia/Pneumonia-Bacterial (231).jpg,2,2_Pneumonia,train
train/2_Pneumonia/Pneumonia-Bacterial (2228).jpg,2,2_Pneumonia,train
train/2_Pneumonia/Pneumonia-Bacterial (2008).jpg,2,2_Pneumonia,train
validation/0_Normal/Normal (2651).jpg,0,0_Normal,train
train/2_Pneumonia/Pneumonia-Viral (683).jpg,2,2_Pneumonia,train
train/1_Covid19/COVID-19 (644).jpg,1,1_Covid19,train
train/1_Covid19/COVID-19 (113).jpg,1,1_Covid19,train
train/0_Normal/Normal (397).jpg,0,0_Normal,train
validation/2_Pneumonia/Pneumonia-Viral (1003).jpg,2,2_Pneumonia,train
train/0_Normal/Normal (999).jpg,0,0_Normal,train
train/0_Normal/Normal (1580).jpg,0,0_Normal,train
validation/0_Normal/Normal (3180).jpg,0,0_Normal,train
train/0_Normal/Normal (1842).jpg,0,0_Normal,train
validation/0_Normal/Normal (2745).jpg,0,0_Normal,train
train/2_Pneumonia/Pneumonia-Viral (27).jpg,2,2_Pneumonia,train
train/1_Covid19/COVID-19 (807).jpg,1,1_Covid19,train
train/0_Normal/Normal (1064).jpg,0,0_Normal,train
train/1_Covid19/COVID-19 (806).jpg,1,1_Covid19,train
train/1_Covid19/COVID-19 (745).jpg,1,1_Covid19,train
train/2_Pneumonia/Pneumonia-Bacterial (75).jpg,2,2_Pneumonia,train
train/2_Pneumonia/Pneumonia-Bacterial (2660).jpg,2,2_Pneumonia,train
train/1_Covid19/COVID-19 (760).jpg,1,1_Covid19,train
train/0_Normal/Normal (2427).jpg,0,0_Normal,train
train/2_Pneumonia/Pneumonia-Viral (212).jpg,2,2_Pneumonia,train
train/1_Covid19/COVID-19 (673).jpg,1,1_Covid19,train
train/0_Normal/Normal (386).jpg,0,0_Normal,train
validation/2_Pneumonia/Pneumonia-Viral (1456).jpg,2,2_Pneumonia,train
train/2_Pneumonia/Pneumonia-Bacterial (474).jpg,2,2_Pneumonia,train
validation/2_Pneumonia/Pneumonia-Viral (1572).jpg,2,2_Pneumonia,train
train/2_Pneumonia/Pneumonia-Bacterial (2759).jpg,2,2_Pneumonia,train
train/2_Pneumonia/Pneumonia-Bacterial (1372).jpg,2,2_Pneumonia,train
train/0_Normal/Normal (751).jpg,0,0_Normal,train
validation/0_Normal/Normal (2624).jpg,0,0_Normal,train
validation/0_Normal/Normal (2692).jpg,0,0_Normal,train
train/2_Pneumonia/Pneumonia-Viral (454).jpg,2,2_Pneumonia,train
train/2_Pneumonia/Pneumonia-Bacterial (1395).jpg,2,2_Pneumonia,train
train/0_Normal/Normal (975).jpg,0,0_Normal,train
train/1_Covid19/COVID-19 (346).jpg,1,1_Covid19,train
train/2_Pneumonia/Pneumonia-Bacterial (2919).jpg,2,2_Pneumonia,train
train/2_Pneumonia/Pneumonia-Viral (419).jpg,2,2_Pneumonia,train
train/2_Pneumonia/Pneumonia-Bacterial (710).jpg,2,2_Pneumonia,train
train/2_Pneumonia/Pneumonia-Bacterial (1752).jpg,2,2_Pneumonia,train
train/2_Pneumonia/Pneumonia-Bacterial (243).jpg,2,2_Pneumonia,train
validation/1_Covid19/COVID-19 (1272).jpg,1,1_Covid19,train
validation/2_Pneumonia/Pneumonia-Viral (1543).jpg,2,2_Pneumonia,train
train/0_Normal/Normal (521).jpg,0,0_Normal,train
train/2_Pneumonia/Pneumonia-Bacterial (2846).jpg,2,2_Pneumonia,train
train/2_Pneumonia/Pneumonia-Bacterial (2681).jpg,2,2_Pneumonia,train
validation/2_Pneumonia/Pneumonia-Viral (1494).jpg,2,2_Pneumonia,train
validation/0_Normal/Normal (2742).jpg,0,0_Normal,train
train/1_Covid19/COVID-19 (80).jpg,1,1_Covid19,train
train/0_Normal/Normal (913).jpg,0,0_Normal,train
train/2_Pneumonia/Pneumonia-Bacterial (1663).jpg,2,2_Pneumonia,train
train/2_Pneumonia/Pneumonia-Bacterial (2151).jpg,2,2_Pneumonia,train
train/2_Pneumonia/Pneumonia-Bacterial (1884).jpg,2,2_Pneumonia,train
train/1_Covid19/COVID-19 (759).jpg,1,1_Covid19,train
train/0_Normal/Normal (1627).jpg,0,0_Normal,train
train/2_Pneumonia/Pneumonia-Bacterial (1321).jpg,2,2_Pneumonia,train
train/0_Normal/Normal (1917).jpg,0,0_Normal,train
validation/2_Pneumonia/Pneumonia-Viral (1226) (1).jpg,2,2_Pneumonia,train
train/2_Pneumonia/Pneumonia-Bacterial (1628).jpg,2,2_Pneumonia,train
train/2_Pneumonia/Pneumonia-Bacterial (2396).jpg,2,2_Pneumonia,train
train/2_Pneumonia/Pneumonia-Viral (660).jpg,2,2_Pneumonia,train
train/2_Pneumonia/Pneumonia-Viral (623).jpg,2,2_Pneumonia,train
train/2_Pneumonia/Pneumonia-Viral (39).jpg,2,2_Pneumonia,train
train/1_Covid19/COVID-19 (817).jpg,1,1_Covid19,train
train/0_Normal/Normal (2228).jpg,0,0_Normal,train
train/2_Pneumonia/Pneumonia-Bacterial (88).jpg,2,2_Pneumonia,train
train/2_Pneumonia/Pneumonia-Bacterial (1664).jpg,2,2_Pneumonia,train
train/1_Covid19/COVID-19 (751).jpg,1,1_Covid19,train
train/0_Normal/Normal (2044).jpg,0,0_Normal,train
train/2_Pneumonia/Pneumonia-Bacterial (1669).jpg,2,2_Pneumonia,train
train/1_Covid19/COVID-19 (968).jpg,1,1_Covid19,train
train/1_Covid19/COVID-19 (914).jpg,1,1_Covid19,train
train/0_Normal/Normal (218).jpg,0,0_Normal,train
train/0_Normal/Normal (1749).jpg,0,0_Normal,train
train/1_Covid19/COVID-19 (110).jpg,1,1_Covid19,train
train/2_Pneumonia/Pneumonia-Bacterial (1313).jpg,2,2_Pneumonia,train
train/0_Normal/Normal (809).jpg,0,0_Normal,train
train/0_Normal/Normal (706).jpg,0,0_Normal,train
train/0_Normal/Normal (2300).jpg,0,0_Normal,train
train/2_Pneumonia/Pneumonia-Bacterial (832).jpg,2,2_Pneumonia,train
train/0_Normal/Normal (39).jpg,0,0_Normal,train
train/0_Normal/Normal (183).jpg,0,0_Normal,train
train/2_Pneumonia/Pneumonia-Bacterial (1282).jpg,2,2_Pneumonia,train
train/0_Normal/Normal (2481).jpg,0,0_Normal,train
train/0_Normal/Normal (117).jpg,0,0_Normal,train
train/0_Normal/Normal (1874).jpg,0,0_Normal,train
train/2_Pneumonia/Pneumonia-Bacterial (2468).jpg,2,2_Pneumonia,train
train/1_Covid19/COVID-19 (512).jpg,1,1_Covid19,train
train/1_Covid19/COVID-19 (757).jpg,1,1_Covid19,train
train/2_Pneumonia/Pneumonia-Bacterial (2386).jpg,2,2_Pneumonia,train
train/2_Pneumonia/Pneumonia-Bacterial (1217).jpg,2,2_Pneumonia,train
validation/1_Covid19/COVID-19 (1064).jpg,1,1_Covid19,train
train/0_Normal/Normal (1388).jpg,0,0_Normal,train
train/0_Normal/Normal (1161).jpg,0,0_Normal,train
train/2_Pneumonia/Pneumonia-Viral (41).jpg,2,2_Pneumonia,train
validation/0_Normal/Normal (2873).jpg,0,0_Normal,train
validation/0_Normal/Normal (2771).jpg,0,0_Normal,train
train/2_Pneumonia/Pneumonia-Bacterial (510).jpg,2,2_Pneumonia,train
validation/2_Pneumonia/Pneumonia-Viral (1185).jpg,2,2_Pneumonia,train
train/2_Pneumonia/Pneumonia-Bacterial (1691).jpg,2,2_Pneumonia,train
train/0_Normal/Normal (153).jpg,0,0_Normal,train
train/2_Pneumonia/Pneumonia-Bacterial (2130).jpg,2,2_Pneumonia,train
train/1_Covid19/COVID-19 (766).jpg,1,1_Covid19,train
validation/0_Normal/Normal (2904).jpg,0,0_Normal,train
train/0_Normal/Normal (635).jpg,0,0_Normal,train
train/2_Pneumonia/Pneumonia-Bacterial (2582).jpg,2,2_Pneumonia,train
train/2_Pneumonia/Pneumonia-Bacterial (1697).jpg,2,2_Pneumonia,train
train/2_Pneumonia/Pneumonia-Bacterial (60).jpg,2,2_Pneumonia,train
train/2_Pneumonia/Pneumonia-Bacterial (1644).jpg,2,2_Pneumonia,train
train/2_Pneumonia/Pneumonia-Bacterial (1676).jpg,2,2_Pneumonia,train
train/0_Normal/Normal (1056).jpg,0,0_Normal,train
train/2_Pneumonia/Pneumonia-Bacterial (1048).jpg,2,2_Pneumonia,train
train/2_Pneumonia/Pneumonia-Bacterial (2684).jpg,2,2_Pneumonia,train
train/0_Normal/Normal (11).jpg,0,0_Normal,train
train/1_Covid19/COVID-19 (519).jpg,1,1_Covid19,train
validation/2_Pneumonia/Pneumonia-Viral (1171).jpg,2,2_Pneumonia,train
train/2_Pneumonia/Pneumonia-Viral (298).jpg,2,2_Pneumonia,train
train/0_Normal/Normal (1615).jpg,0,0_Normal,train
train/0_Normal/Normal (1877).jpg,0,0_Normal,train
validation/0_Normal/Normal (2997).jpg,0,0_Normal,train
train/0_Normal/Normal (248).jpg,0,0_Normal,train
train/0_Normal/Normal (946).jpg,0,0_Normal,train
train/0_Normal/Normal (893).jpg,0,0_Normal,train
train/2_Pneumonia/Pneumonia-Viral (76).jpg,2,2_Pneumonia,train
train/2_Pneumonia/Pneumonia-Bacterial (909).jpg,2,2_Pneumonia,train
train/2_Pneumonia/Pneumonia-Bacterial (828).jpg,2,2_Pneumonia,train
train/0_Normal/Normal (2412).jpg,0,0_Normal,train
train/0_Normal/Normal (110).jpg,0,0_Normal,train
train/2_Pneumonia/Pneumonia-Viral (486).jpg,2,2_Pneumonia,train
validation/2_Pneumonia/Pneumonia-Viral (1545).jpg,2,2_Pneumonia,train
train/0_Normal/Normal (820).jpg,0,0_Normal,train
train/2_Pneumonia/Pneumonia-Viral (46).jpg,2,2_Pneumonia,train
train/2_Pneumonia/Pneumonia-Bacterial (679).jpg,2,2_Pneumonia,train
train/0_Normal/Normal (1972).jpg,0,0_Normal,train
train/0_Normal/Normal (1505).jpg,0,0_Normal,train
train/2_Pneumonia/Pneumonia-Bacterial (284).jpg,2,2_Pneumonia,train
train/2_Pneumonia/Pneumonia-Bacterial (2738).jpg,2,2_Pneumonia,train
train/1_Covid19/COVID-19 (386).jpg,1,1_Covid19,train
train/0_Normal/Normal (387).jpg,0,0_Normal,train
train/2_Pneumonia/Pneumonia-Bacterial (1700).jpg,2,2_Pneumonia,train
train/2_Pneumonia/Pneumonia-Bacterial (884).jpg,2,2_Pneumonia,train
train/2_Pneumonia/Pneumonia-Viral (172).jpg,2,2_Pneumonia,train
train/2_Pneumonia/Pneumonia-Bacterial (973).jpg,2,2_Pneumonia,train
train/2_Pneumonia/Pneumonia-Viral (451).jpg,2,2_Pneumonia,train
train/2_Pneumonia/Pneumonia-Bacterial (2424).jpg,2,2_Pneumonia,train
train/0_Normal/Normal (575).jpg,0,0_Normal,train
train/2_Pneumonia/Pneumonia-Bacterial (2727).jpg,2,2_Pneumonia,train
train/2_Pneumonia/Pneumonia-Bacterial (1770).jpg,2,2_Pneumonia,train
train/2_Pneumonia/Pneumonia-Bacterial (1438).jpg,2,2_Pneumonia,train
train/2_Pneumonia/Pneumonia-Viral (478).jpg,2,2_Pneumonia,train
validation/1_Covid19/COVID-19 (1042).jpg,1,1_Covid19,train
train/0_Normal/Normal (2326).jpg,0,0_Normal,train
train/2_Pneumonia/Pneumonia-Bacterial (567).jpg,2,2_Pneumonia,train
train/0_Normal/Normal (1876).jpg,0,0_Normal,train
validation/1_Covid19/COVID-19 (1168).jpg,1,1_Covid19,train
train/0_Normal/Normal (2038).jpg,0,0_Normal,train
train/2_Pneumonia/Pneumonia-Bacterial (2679).jpg,2,2_Pneumonia,train
validation/0_Normal/Normal (2937).jpg,0,0_Normal,train
train/2_Pneumonia/Pneumonia-Bacterial (1737).jpg,2,2_Pneumonia,train
validation/2_Pneumonia/Pneumonia-Viral (1441).jpg,2,2_Pneumonia,train
validation/2_Pneumonia/Pneumonia-Viral (1104).jpg,2,2_Pneumonia,train
train/2_Pneumonia/Pneumonia-Bacterial (1153).jpg,2,2_Pneumonia,train
validation/2_Pneumonia/Pneumonia-Viral (1154).jpg,2,2_Pneumonia,train
validation/2_Pneumonia/Pneumonia-Viral (1055).jpg,2,2_Pneumonia,train
train/0_Normal/Normal (1066).jpg,0,0_Normal,train
train/0_Normal/Normal (148).jpg,0,0_Normal,train
train/2_Pneumonia/Pneumonia-Bacterial (349).jpg,2,2_Pneumonia,train
validation/0_Normal/Normal (3140).jpg,0,0_Normal,train
train/2_Pneumonia/Pneumonia-Bacterial (1041).jpg,2,2_Pneumonia,train
validation/0_Normal/Normal (3080).jpg,0,0_Normal,train
validation/2_Pneumonia/Pneumonia-Viral (1379).jpg,2,2_Pneumonia,train
train/1_Covid19/COVID-19 (454).jpg,1,1_Covid19,train
validation/2_Pneumonia/Pneumonia-Viral (1449).jpg,2,2_Pneumonia,train
train/2_Pneumonia/Pneumonia-Bacterial (1384).jpg,2,2_Pneumonia,train
validation/2_Pneumonia/Pneumonia-Viral (1571).jpg,2,2_Pneumonia,train
train/2_Pneumonia/Pneumonia-Bacterial (2774).jpg,2,2_Pneumonia,train
train/2_Pneumonia/Pneumonia-Bacterial (2417).jpg,2,2_Pneumonia,train
train/2_Pneumonia/Pneumonia-Bacterial (457).jpg,2,2_Pneumonia,train
train/1_Covid19/COVID-19 (263).jpg,1,1_Covid19,train
train/2_Pneumonia/Pneumonia-Bacterial (2666).jpg,2,2_Pneumonia,train
train/0_Normal/Normal (520).jpg,0,0_Normal,train
train/2_Pneumonia/Pneumonia-Bacterial (1796).jpg,2,2_Pneumonia,train
train/1_Covid19/COVID-19 (557).jpg,1,1_Covid19,train
validation/1_Covid19/COVID-19 (1116).jpg,1,1_Covid19,train
train/1_Covid19/COVID-19 (970).jpg,1,1_Covid19,train
train/1_Covid19/COVID-19 (960).jpg,1,1_Covid19,train
train/1_Covid19/COVID-19 (436).jpg,1,1_Covid19,train
train/2_Pneumonia/Pneumonia-Bacterial (1772).jpg,2,2_Pneumonia,train
train/2_Pneumonia/Pneumonia-Bacterial (583).jpg,2,2_Pneumonia,train
train/2_Pneumonia/Pneumonia-Viral (288).jpg,2,2_Pneumonia,train
train/0_Normal/Normal (409).jpg,0,0_Normal,train
train/2_Pneumonia/Pneumonia-Viral (114).jpg,2,2_Pneumonia,train
train/2_Pneumonia/Pneumonia-Bacterial (418).jpg,2,2_Pneumonia,train
train/2_Pneumonia/Pneumonia-Bacterial (1418).jpg,2,2_Pneumonia,train
train/2_Pneumonia/Pneumonia-Bacterial (635).jpg,2,2_Pneumonia,train
validation/1_Covid19/COVID-19 (1194).jpg,1,1_Covid19,train
train/0_Normal/Normal (2542).jpg,0,0_Normal,train
train/0_Normal/Normal (129).jpg,0,0_Normal,train
train/2_Pneumonia/Pneumonia-Bacterial (1474).jpg,2,2_Pneumonia,train
train/1_Covid19/COVID-19 (414).jpg,1,1_Covid19,train
train/2_Pneumonia/Pneumonia-Bacterial (2675).jpg,2,2_Pneumonia,train
validation/0_Normal/Normal (3085).jpg,0,0_Normal,train
validation/2_Pneumonia/Pneumonia-Viral (1317).jpg,2,2_Pneumonia,train
train/2_Pneumonia/Pneumonia-Bacterial (1274).jpg,2,2_Pneumonia,train
train/0_Normal/Normal (1832).jpg,0,0_Normal,train
validation/2_Pneumonia/Pneumonia-Viral (1111).jpg,2,2_Pneumonia,train
train/0_Normal/Normal (113).jpg,0,0_Normal,train
train/2_Pneumonia/Pneumonia-Bacterial (2292).jpg,2,2_Pneumonia,train
train/2_Pneumonia/Pneumonia-Bacterial (2482).jpg,2,2_Pneumonia,train
train/2_Pneumonia/Pneumonia-Bacterial (1058).jpg,2,2_Pneumonia,train
validation/0_Normal/Normal (2940).jpg,0,0_Normal,train
train/0_Normal/Normal (1414).jpg,0,0_Normal,train
validation/2_Pneumonia/Pneumonia-Viral (820).jpg,2,2_Pneumonia,train
train/0_Normal/Normal (1443).jpg,0,0_Normal,train
train/2_Pneumonia/Pneumonia-Bacterial (2508).jpg,2,2_Pneumonia,train
validation/2_Pneumonia/Pneumonia-Viral (953).jpg,2,2_Pneumonia,train
train/2_Pneumonia/Pneumonia-Bacterial (1283).jpg,2,2_Pneumonia,train
validation/2_Pneumonia/Pneumonia-Viral (1256).jpg,2,2_Pneumonia,train
train/0_Normal/Normal (1489).jpg,0,0_Normal,train
train/1_Covid19/COVID-19 (443).jpg,1,1_Covid19,train
train/1_Covid19/COVID-19 (567).jpg,1,1_Covid19,train
train/2_Pneumonia/Pneumonia-Bacterial (532).jpg,2,2_Pneumonia,train
train/2_Pneumonia/Pneumonia-Bacterial (2920).jpg,2,2_Pneumonia,train
train/2_Pneumonia/Pneumonia-Bacterial (823).jpg,2,2_Pneumonia,train
train/2_Pneumonia/Pneumonia-Viral (241).jpg,2,2_Pneumonia,train
train/0_Normal/Normal (805).jpg,0,0_Normal,train
train/2_Pneumonia/Pneumonia-Bacterial (2687).jpg,2,2_Pneumonia,train
train/2_Pneumonia/Pneumonia-Bacterial (1101).jpg,2,2_Pneumonia,train
train/0_Normal/Normal (2019).jpg,0,0_Normal,train
train/1_Covid19/COVID-19 (439).jpg,1,1_Covid19,train
train/0_Normal/Normal (206).jpg,0,0_Normal,train
train/2_Pneumonia/Pneumonia-Bacterial (514).jpg,2,2_Pneumonia,train
train/2_Pneumonia/Pneumonia-Viral (327).jpg,2,2_Pneumonia,train
train/2_Pneumonia/Pneumonia-Bacterial (1425).jpg,2,2_Pneumonia,train
train/0_Normal/Normal (935).jpg,0,0_Normal,train
train/0_Normal/Normal (1124).jpg,0,0_Normal,train
train/1_Covid19/COVID-19 (302).jpg,1,1_Covid19,train
train/2_Pneumonia/Pneumonia-Bacterial (353).jpg,2,2_Pneumonia,train
train/0_Normal/Normal (1120).jpg,0,0_Normal,train
validation/2_Pneumonia/Pneumonia-Viral (873).jpg,2,2_Pneumonia,train
train/0_Normal/Normal (1426).jpg,0,0_Normal,train
train/0_Normal/Normal (1494).jpg,0,0_Normal,train
train/0_Normal/Normal (22).jpg,0,0_Normal,train
train/0_Normal/Normal (365).jpg,0,0_Normal,train
train/0_Normal/Normal (1807).jpg,0,0_Normal,train
train/2_Pneumonia/Pneumonia-Bacterial (2418).jpg,2,2_Pneumonia,train
validation/1_Covid19/COVID-19 (1151).jpg,1,1_Covid19,train
train/2_Pneumonia/Pneumonia-Bacterial (1272).jpg,2,2_Pneumonia,train
train/0_Normal/Normal (326).jpg,0,0_Normal,train
train/2_Pneumonia/Pneumonia-Viral (385).jpg,2,2_Pneumonia,train
train/0_Normal/Normal (1968).jpg,0,0_Normal,train
train/0_Normal/Normal (1765).jpg,0,0_Normal,train
train/2_Pneumonia/Pneumonia-Viral (24).jpg,2,2_Pneumonia,train
validation/2_Pneumonia/Pneumonia-Viral (1296).jpg,2,2_Pneumonia,train
train/2_Pneumonia/Pneumonia-Bacterial (843).jpg,2,2_Pneumonia,train
train/2_Pneumonia/Pneumonia-Bacterial (1941).jpg,2,2_Pneumonia,train
validation/1_Covid19/COVID-19 (1189).jpg,1,1_Covid19,train
train/2_Pneumonia/Pneumonia-Bacterial (1443).jpg,2,2_Pneumonia,train
train/2_Pneumonia/Pneumonia-Bacterial (1540).jpg,2,2_Pneumonia,train
train/0_Normal/Normal (2205).jpg,0,0_Normal,train
train/0_Normal/Normal (211).jpg,0,0_Normal,train
train/2_Pneumonia/Pneumonia-Bacterial (2541).jpg,2,2_Pneumonia,train
train/1_Covid19/COVID-19 (50).jpg,1,1_Covid19,train
validation/2_Pneumonia/Pneumonia-Viral (845).jpg,2,2_Pneumonia,train
train/2_Pneumonia/Pneumonia-Bacterial (716).jpg,2,2_Pneumonia,train
train/2_Pneumonia/Pneumonia-Bacterial (467).jpg,2,2_Pneumonia,train
train/2_Pneumonia/Pneumonia-Bacterial (186).jpg,2,2_Pneumonia,train
train/1_Covid19/COVID-19 (794).jpg,1,1_Covid19,train
train/0_Normal/Normal (1047).jpg,0,0_Normal,train
train/0_Normal/Normal (637).jpg,0,0_Normal,train
train/0_Normal/Normal (2130).jpg,0,0_Normal,train
train/0_Normal/Normal (1335).jpg,0,0_Normal,train
train/0_Normal/Normal (259).jpg,0,0_Normal,train
train/0_Normal/Normal (1255).jpg,0,0_Normal,train
validation/0_Normal/Normal (2964).jpg,0,0_Normal,train
train/2_Pneumonia/Pneumonia-Bacterial (2707).jpg,2,2_Pneumonia,train
train/2_Pneumonia/Pneumonia-Viral (657).jpg,2,2_Pneumonia,train
train/2_Pneumonia/Pneumonia-Bacterial (2434).jpg,2,2_Pneumonia,train
train/0_Normal/Normal (390).jpg,0,0_Normal,train
validation/2_Pneumonia/Pneumonia-Viral (771).jpg,2,2_Pneumonia,train
train/1_Covid19/COVID-19 (469).jpg,1,1_Covid19,train
train/2_Pneumonia/Pneumonia-Bacterial (949).jpg,2,2_Pneumonia,train
validation/2_Pneumonia/Pneumonia-Viral (1501).jpg,2,2_Pneumonia,train
train/1_Covid19/COVID-19 (971).jpg,1,1_Covid19,train
train/0_Normal/Normal (258).jpg,0,0_Normal,train
train/2_Pneumonia/Pneumonia-Viral (339).jpg,2,2_Pneumonia,train
train/2_Pneumonia/Pneumonia-Bacterial (1151).jpg,2,2_Pneumonia,train
train/2_Pneumonia/Pneumonia-Bacterial (878).jpg,2,2_Pneumonia,train
validation/1_Covid19/COVID-19 (1242).jpg,1,1_Covid19,train
validation/1_Covid19/COVID-19 (1060).jpg,1,1_Covid19,train
train/0_Normal/Normal (945).jpg,0,0_Normal,train
validation/0_Normal/Normal (3009).jpg,0,0_Normal,train
validation/1_Covid19/COVID-19 (1104).jpg,1,1_Covid19,train
train/2_Pneumonia/Pneumonia-Bacterial (2332).jpg,2,2_Pneumonia,train
train/1_Covid19/COVID-19 (655).jpg,1,1_Covid19,train
train/2_Pneumonia/Pneumonia-Bacterial (1109).jpg,2,2_Pneumonia,train
train/0_Normal/Normal (464).jpg,0,0_Normal,train
train/0_Normal/Normal (2318).jpg,0,0_Normal,train
train/2_Pneumonia/Pneumonia-Viral (692).jpg,2,2_Pneumonia,train
train/2_Pneumonia/Pneumonia-Bacterial (2551).jpg,2,2_Pneumonia,train
train/2_Pneumonia/Pneumonia-Viral (672).jpg,2,2_Pneumonia,train
train/0_Normal/Normal (2468).jpg,0,0_Normal,train
train/2_Pneumonia/Pneumonia-Viral (618).jpg,2,2_Pneumonia,train
train/1_Covid19/COVID-19 (196).jpg,1,1_Covid19,train
train/0_Normal/Normal (2176).jpg,0,0_Normal,train
train/1_Covid19/COVID-19 (336).jpg,1,1_Covid19,train
validation/2_Pneumonia/Pneumonia-Viral (1653).jpg,2,2_Pneumonia,train
train/2_Pneumonia/Pneumonia-Bacterial (1419).jpg,2,2_Pneumonia,train
train/1_Covid19/COVID-19 (696).jpg,1,1_Covid19,train
train/2_Pneumonia/Pneumonia-Bacterial (2959).jpg,2,2_Pneumonia,train
train/2_Pneumonia/Pneumonia-Viral (650).jpg,2,2_Pneumonia,train
train/1_Covid19/COVID-19 (177).jpg,1,1_Covid19,train
train/2_Pneumonia/Pneumonia-Bacterial (2398).jpg,2,2_Pneumonia,train
train/0_Normal/Normal (2431).jpg,0,0_Normal,train
train/2_Pneumonia/Pneumonia-Bacterial (2301).jpg,2,2_Pneumonia,train
train/0_Normal/Normal (2217).jpg,0,0_Normal,train
train/0_Normal/Normal (562).jpg,0,0_Normal,train
train/0_Normal/Normal (488).jpg,0,0_Normal,train
train/2_Pneumonia/Pneumonia-Bacterial (350).jpg,2,2_Pneumonia,train
train/2_Pneumonia/Pneumonia-Viral (643).jpg,2,2_Pneumonia,train
train/1_Covid19/COVID-19 (347).jpg,1,1_Covid19,train
train/2_Pneumonia/Pneumonia-Bacterial (979).jpg,2,2_Pneumonia,train
train/2_Pneumonia/Pneumonia-Bacterial (2134).jpg,2,2_Pneumonia,train
train/0_Normal/Normal (168).jpg,0,0_Normal,train
train/0_Normal/Normal (2288).jpg,0,0_Normal,train
train/0_Normal/Normal (1958).jpg,0,0_Normal,train
train/2_Pneumonia/Pneumonia-Bacterial (1583).jpg,2,2_Pneumonia,train
train/1_Covid19/COVID-19 (826).jpg,1,1_Covid19,train
train/0_Normal/Normal (1424).jpg,0,0_Normal,train
train/2_Pneumonia/Pneumonia-Bacterial (2479).jpg,2,2_Pneumonia,train
train/0_Normal/Normal (1438).jpg,0,0_Normal,train
train/2_Pneumonia/Pneumonia-Viral (591).jpg,2,2_Pneumonia,train
train/1_Covid19/COVID-19 (181).jpg,1,1_Covid19,train
train/2_Pneumonia/Pneumonia-Bacterial (1736).jpg,2,2_Pneumonia,train
train/0_Normal/Normal (2207).jpg,0,0_Normal,train
train/2_Pneumonia/Pneumonia-Bacterial (1015).jpg,2,2_Pneumonia,train
train/1_Covid19/COVID-19 (949).jpg,1,1_Covid19,train
validation/2_Pneumonia/Pneumonia-Viral (1071).jpg,2,2_Pneumonia,train
train/0_Normal/Normal (803).jpg,0,0_Normal,train
train/1_Covid19/COVID-19 (626).jpg,1,1_Covid19,train
train/0_Normal/Normal (571).jpg,0,0_Normal,train
train/2_Pneumonia/Pneumonia-Viral (558).jpg,2,2_Pneumonia,train
train/2_Pneumonia/Pneumonia-Bacterial (1240).jpg,2,2_Pneumonia,train
train/0_Normal/Normal (261).jpg,0,0_Normal,train
train/1_Covid19/COVID-19 (27).jpg,1,1_Covid19,train
train/2_Pneumonia/Pneumonia-Bacterial (1546).jpg,2,2_Pneumonia,train
train/2_Pneumonia/Pneumonia-Bacterial (104).jpg,2,2_Pneumonia,train
train/2_Pneumonia/Pneumonia-Bacterial (2824).jpg,2,2_Pneumonia,train
train/2_Pneumonia/Pneumonia-Bacterial (2606).jpg,2,2_Pneumonia,train
train/2_Pneumonia/Pneumonia-Bacterial (1198).jpg,2,2_Pneumonia,train
train/0_Normal/Normal (2049).jpg,0,0_Normal,train
validation/0_Normal/Normal (3058).jpg,0,0_Normal,train
train/0_Normal/Normal (651).jpg,0,0_Normal,train
train/2_Pneumonia/Pneumonia-Bacterial (521).jpg,2,2_Pneumonia,train
validation/1_Covid19/COVID-19 (1150).jpg,1,1_Covid19,train
train/0_Normal/Normal (1693).jpg,0,0_Normal,train
train/0_Normal/Normal (1347).jpg,0,0_Normal,train
train/2_Pneumonia/Pneumonia-Bacterial (894).jpg,2,2_Pneumonia,train
train/2_Pneumonia/Pneumonia-Viral (55).jpg,2,2_Pneumonia,train
train/0_Normal/Normal (1249).jpg,0,0_Normal,train
train/0_Normal/Normal (640).jpg,0,0_Normal,train
train/2_Pneumonia/Pneumonia-Viral (703).jpg,2,2_Pneumonia,train
train/2_Pneumonia/Pneumonia-Bacterial (2641).jpg,2,2_Pneumonia,train
train/2_Pneumonia/Pneumonia-Viral (377).jpg,2,2_Pneumonia,train
train/0_Normal/Normal (1433).jpg,0,0_Normal,train
train/1_Covid19/COVID-19 (282).jpg,1,1_Covid19,train
train/1_Covid19/COVID-19 (779).jpg,1,1_Covid19,train
validation/0_Normal/Normal (3008).jpg,0,0_Normal,train
validation/2_Pneumonia/Pneumonia-Viral (1269).jpg,2,2_Pneumonia,train
train/2_Pneumonia/Pneumonia-Bacterial (589).jpg,2,2_Pneumonia,train
train/2_Pneumonia/Pneumonia-Bacterial (2380).jpg,2,2_Pneumonia,train
validation/2_Pneumonia/Pneumonia-Viral (1126).jpg,2,2_Pneumonia,train
train/0_Normal/Normal (42).jpg,0,0_Normal,train
validation/0_Normal/Normal (3184).jpg,0,0_Normal,train
train/1_Covid19/COVID-19 (721).jpg,1,1_Covid19,train
train/2_Pneumonia/Pneumonia-Bacterial (2025).jpg,2,2_Pneumonia,train
train/2_Pneumonia/Pneumonia-Bacterial (2969).jpg,2,2_Pneumonia,train
validation/1_Covid19/COVID-19 (1207).jpg,1,1_Covid19,train
train/2_Pneumonia/Pneumonia-Bacterial (456).jpg,2,2_Pneumonia,train
train/0_Normal/Normal (1754).jpg,0,0_Normal,train
train/2_Pneumonia/Pneumonia-Bacterial (1299).jpg,2,2_Pneumonia,train
train/0_Normal/Normal (156).jpg,0,0_Normal,train
train/0_Normal/Normal (938).jpg,0,0_Normal,train
validation/1_Covid19/COVID-19 (1279).jpg,1,1_Covid19,train
train/0_Normal/Normal (489).jpg,0,0_Normal,train
validation/0_Normal/Normal (2920).jpg,0,0_Normal,train
train/0_Normal/Normal (1992).jpg,0,0_Normal,train
train/2_Pneumonia/Pneumonia-Bacterial (737).jpg,2,2_Pneumonia,train
train/2_Pneumonia/Pneumonia-Bacterial (2391).jpg,2,2_Pneumonia,train
train/1_Covid19/COVID-19 (785).jpg,1,1_Covid19,train
validation/1_Covid19/COVID-19 (1041).jpg,1,1_Covid19,train
validation/2_Pneumonia/Pneumonia-Viral (1381).jpg,2,2_Pneumonia,train
train/2_Pneumonia/Pneumonia-Bacterial (132).jpg,2,2_Pneumonia,train
train/1_Covid19/COVID-19 (514).jpg,1,1_Covid19,train
train/2_Pneumonia/Pneumonia-Bacterial (365).jpg,2,2_Pneumonia,train
train/2_Pneumonia/Pneumonia-Viral (680).jpg,2,2_Pneumonia,train
train/1_Covid19/COVID-19 (445).jpg,1,1_Covid19,train
train/1_Covid19/COVID-19 (919).jpg,1,1_Covid19,train
validation/1_Covid19/COVID-19 (1221).jpg,1,1_Covid19,train
train/0_Normal/Normal (512).jpg,0,0_Normal,train
train/1_Covid19/COVID-19 (9).jpg,1,1_Covid19,train
train/0_Normal/Normal (1528).jpg,0,0_Normal,train
train/2_Pneumonia/Pneumonia-Bacterial (2331).jpg,2,2_Pneumonia,train
train/0_Normal/Normal (178).jpg,0,0_Normal,train
train/0_Normal/Normal (2132).jpg,0,0_Normal,train
train/0_Normal/Normal (2082).jpg,0,0_Normal,train
train/0_Normal/Normal (712).jpg,0,0_Normal,train
validation/2_Pneumonia/Pneumonia-Viral (1569).jpg,2,2_Pneumonia,train
train/2_Pneumonia/Pneumonia-Bacterial (1882).jpg,2,2_Pneumonia,train
train/0_Normal/Normal (2076).jpg,0,0_Normal,train
train/0_Normal/Normal (1480).jpg,0,0_Normal,train
validation/2_Pneumonia/Pneumonia-Viral (1378).jpg,2,2_Pneumonia,train
train/2_Pneumonia/Pneumonia-Viral (112).jpg,2,2_Pneumonia,train
validation/2_Pneumonia/Pneumonia-Viral (1096).jpg,2,2_Pneumonia,train
train/2_Pneumonia/Pneumonia-Bacterial (301).jpg,2,2_Pneumonia,train
train/2_Pneumonia/Pneumonia-Bacterial (2511).jpg,2,2_Pneumonia,train
train/0_Normal/Normal (1581).jpg,0,0_Normal,train
train/2_Pneumonia/Pneumonia-Bacterial (402).jpg,2,2_Pneumonia,train
train/0_Normal/Normal (1349).jpg,0,0_Normal,train
train/1_Covid19/COVID-19 (513).jpg,1,1_Covid19,train
train/2_Pneumonia/Pneumonia-Viral (470).jpg,2,2_Pneumonia,train
validation/0_Normal/Normal (3131).jpg,0,0_Normal,train
validation/2_Pneumonia/Pneumonia-Viral (924).jpg,2,2_Pneumonia,train
train/0_Normal/Normal (2138).jpg,0,0_Normal,train
validation/2_Pneumonia/Pneumonia-Viral (1069).jpg,2,2_Pneumonia,train
train/1_Covid19/COVID-19 (991).jpg,1,1_Covid19,train
train/1_Covid19/COVID-19 (240).jpg,1,1_Covid19,train
train/2_Pneumonia/Pneumonia-Bacterial (173).jpg,2,2_Pneumonia,train
train/0_Normal/Normal (2230).jpg,0,0_Normal,train
train/0_Normal/Normal (742).jpg,0,0_Normal,train
train/2_Pneumonia/Pneumonia-Bacterial (2135).jpg,2,2_Pneumonia,train
validation/1_Covid19/COVID-19 (1162).jpg,1,1_Covid19,train
train/1_Covid19/COVID-19 (298).jpg,1,1_Covid19,train
train/1_Covid19/COVID-19 (381).jpg,1,1_Covid19,train
train/0_Normal/Normal (951).jpg,0,0_Normal,train
train/2_Pneumonia/Pneumonia-Bacterial (1232).jpg,2,2_Pneumonia,train
train/2_Pneumonia/Pneumonia-Viral (26).jpg,2,2_Pneumonia,train
train/0_Normal/Normal (1215).jpg,0,0_Normal,train
train/2_Pneumonia/Pneumonia-Bacterial (1788).jpg,2,2_Pneumonia,train
train/0_Normal/Normal (2497).jpg,0,0_Normal,train
train/2_Pneumonia/Pneumonia-Bacterial (445).jpg,2,2_Pneumonia,train
train/0_Normal/Normal (268).jpg,0,0_Normal,train
train/1_Covid19/COVID-19 (663).jpg,1,1_Covid19,train
train/2_Pneumonia/Pneumonia-Viral (136).jpg,2,2_Pneumonia,train
train/0_Normal/Normal (2414).jpg,0,0_Normal,train
train/0_Normal/Normal (325).jpg,0,0_Normal,train
train/2_Pneumonia/Pneumonia-Bacterial (1840).jpg,2,2_Pneumonia,train
validation/0_Normal/Normal (2623).jpg,0,0_Normal,train
train/0_Normal/Normal (1244).jpg,0,0_Normal,train
train/2_Pneumonia/Pneumonia-Bacterial (819).jpg,2,2_Pneumonia,train
train/2_Pneumonia/Pneumonia-Viral (682).jpg,2,2_Pneumonia,train
train/0_Normal/Normal (30).jpg,0,0_Normal,train
train/1_Covid19/COVID-19 (882).jpg,1,1_Covid19,train
train/2_Pneumonia/Pneumonia-Bacterial (2291).jpg,2,2_Pneumonia,train
train/2_Pneumonia/Pneumonia-Bacterial (1440).jpg,2,2_Pneumonia,train
train/2_Pneumonia/Pneumonia-Bacterial (742).jpg,2,2_Pneumonia,train
train/2_Pneumonia/Pneumonia-Bacterial (1122).jpg,2,2_Pneumonia,train
train/2_Pneumonia/Pneumonia-Bacterial (347).jpg,2,2_Pneumonia,train
train/2_Pneumonia/Pneumonia-Bacterial (2923).jpg,2,2_Pneumonia,train
train/0_Normal/Normal (335).jpg,0,0_Normal,train
train/0_Normal/Normal (614).jpg,0,0_Normal,train
train/2_Pneumonia/Pneumonia-Bacterial (79).jpg,2,2_Pneumonia,train
train/2_Pneumonia/Pneumonia-Bacterial (1004).jpg,2,2_Pneumonia,train
train/1_Covid19/COVID-19 (548).jpg,1,1_Covid19,train
train/2_Pneumonia/Pneumonia-Bacterial (2225).jpg,2,2_Pneumonia,train
train/0_Normal/Normal (479).jpg,0,0_Normal,train
validation/0_Normal/Normal (2876).jpg,0,0_Normal,train
train/2_Pneumonia/Pneumonia-Bacterial (2982).jpg,2,2_Pneumonia,train
train/0_Normal/Normal (1257).jpg,0,0_Normal,train
train/2_Pneumonia/Pneumonia-Bacterial (2055).jpg,2,2_Pneumonia,train
validation/2_Pneumonia/Pneumonia-Viral (1169).jpg,2,2_Pneumonia,train
train/0_Normal/Normal (135).jpg,0,0_Normal,train
train/0_Normal/Normal (821).jpg,0,0_Normal,train
train/2_Pneumonia/Pneumonia-Bacterial (2377).jpg,2,2_Pneumonia,train
train/2_Pneumonia/Pneumonia-Viral (529).jpg,2,2_Pneumonia,train
validation/0_Normal/Normal (3054).jpg,0,0_Normal,train
train/2_Pneumonia/Pneumonia-Bacterial (266).jpg,2,2_Pneumonia,train
train/0_Normal/Normal (1031).jpg,0,0_Normal,train
train/0_Normal/Normal (1465).jpg,0,0_Normal,train
train/2_Pneumonia/Pneumonia-Bacterial (1074).jpg,2,2_Pneumonia,train
train/2_Pneumonia/Pneumonia-Bacterial (792).jpg,2,2_Pneumonia,train
train/2_Pneumonia/Pneumonia-Bacterial (2321).jpg,2,2_Pneumonia,train
train/0_Normal/Normal (1634).jpg,0,0_Normal,train
train/2_Pneumonia/Pneumonia-Bacterial (1447).jpg,2,2_Pneumonia,train
train/1_Covid19/COVID-19 (724).jpg,1,1_Covid19,train
train/2_Pneumonia/Pneumonia-Bacterial (2957).jpg,2,2_Pneumonia,train
train/0_Normal/Normal (888).jpg,0,0_Normal,train
train/1_Covid19/COVID-19 (5).jpg,1,1_Covid19,train
validation/2_Pneumonia/Pneumonia-Viral (1307).jpg,2,2_Pneumonia,train
train/0_Normal/Normal (2336).jpg,0,0_Normal,train
train/2_Pneumonia/Pneumonia-Bacterial (2316).jpg,2,2_Pneumonia,train
train/2_Pneumonia/Pneumonia-Viral (139).jpg,2,2_Pneumonia,train
train/0_Normal/Normal (112).jpg,0,0_Normal,train
train/2_Pneumonia/Pneumonia-Bacterial (2691).jpg,2,2_Pneumonia,train
train/0_Normal/Normal (781).jpg,0,0_Normal,train
train/0_Normal/Normal (846).jpg,0,0_Normal,train
train/2_Pneumonia/Pneumonia-Viral (52).jpg,2,2_Pneumonia,train
train/0_Normal/Normal (1228).jpg,0,0_Normal,train
train/2_Pneumonia/Pneumonia-Bacterial (15).jpg,2,2_Pneumonia,train
train/2_Pneumonia/Pneumonia-Bacterial (1567).jpg,2,2_Pneumonia,train
train/1_Covid19/COVID-19 (197).jpg,1,1_Covid19,train
train/2_Pneumonia/Pneumonia-Bacterial (961).jpg,2,2_Pneumonia,train
validation/2_Pneumonia/Pneumonia-Viral (1423).jpg,2,2_Pneumonia,train
validation/1_Covid19/COVID-19 (1166).jpg,1,1_Covid19,train
train/2_Pneumonia/Pneumonia-Bacterial (669).jpg,2,2_Pneumonia,train
train/2_Pneumonia/Pneumonia-Bacterial (970).jpg,2,2_Pneumonia,train
train/1_Covid19/COVID-19 (312).jpg,1,1_Covid19,train
train/0_Normal/Normal (1010).jpg,0,0_Normal,train
validation/0_Normal/Normal (2849).jpg,0,0_Normal,train
train/2_Pneumonia/Pneumonia-Viral (521).jpg,2,2_Pneumonia,train
train/2_Pneumonia/Pneumonia-Bacterial (31).jpg,2,2_Pneumonia,train
train/2_Pneumonia/Pneumonia-Bacterial (921).jpg,2,2_Pneumonia,train
validation/2_Pneumonia/Pneumonia-Viral (833).jpg,2,2_Pneumonia,train
train/2_Pneumonia/Pneumonia-Bacterial (1762).jpg,2,2_Pneumonia,train
train/0_Normal/Normal (1620).jpg,0,0_Normal,train
validation/2_Pneumonia/Pneumonia-Viral (899).jpg,2,2_Pneumonia,train
train/0_Normal/Normal (757).jpg,0,0_Normal,train
validation/1_Covid19/COVID-19 (1076).jpg,1,1_Covid19,train
train/2_Pneumonia/Pneumonia-Bacterial (1980).jpg,2,2_Pneumonia,train
validation/1_Covid19/COVID-19 (1165).jpg,1,1_Covid19,train
validation/0_Normal/Normal (3218).jpg,0,0_Normal,train
train/2_Pneumonia/Pneumonia-Bacterial (664).jpg,2,2_Pneumonia,train
train/2_Pneumonia/Pneumonia-Bacterial (2736).jpg,2,2_Pneumonia,train
train/0_Normal/Normal (1127).jpg,0,0_Normal,train
train/2_Pneumonia/Pneumonia-Bacterial (1623).jpg,2,2_Pneumonia,train
train/2_Pneumonia/Pneumonia-Bacterial (2272).jpg,2,2_Pneumonia,train
train/2_Pneumonia/Pneumonia-Bacterial (1753).jpg,2,2_Pneumonia,train
train/1_Covid19/COVID-19 (909).jpg,1,1_Covid19,train
train/0_Normal/Normal (5).jpg,0,0_Normal,train
train/2_Pneumonia/Pneumonia-Bacterial (730).jpg,2,2_Pneumonia,train
train/2_Pneumonia/Pneumonia-Bacterial (1236).jpg,2,2_Pneumonia,train
train/0_Normal/Normal (503).jpg,0,0_Normal,train
validation/0_Normal/Normal (3176).jpg,0,0_Normal,train
validation/0_Normal/Normal (3250).jpg,0,0_Normal,train
validation/2_Pneumonia/Pneumonia-Viral (1312).jpg,2,2_Pneumonia,train
train/2_Pneumonia/Pneumonia-Bacterial (1318).jpg,2,2_Pneumonia,train
train/2_Pneumonia/Pneumonia-Viral (651).jpg,2,2_Pneumonia,train
train/0_Normal/Normal (1586).jpg,0,0_Normal,train
validation/2_Pneumonia/Pneumonia-Viral (1583).jpg,2,2_Pneumonia,train
train/2_Pneumonia/Pneumonia-Viral (448).jpg,2,2_Pneumonia,train
train/0_Normal/Normal (1439).jpg,0,0_Normal,train
train/1_Covid19/COVID-19 (1024).jpg,1,1_Covid19,train
train/2_Pneumonia/Pneumonia-Bacterial (1570).jpg,2,2_Pneumonia,train
validation/2_Pneumonia/Pneumonia-Viral (842).jpg,2,2_Pneumonia,train
train/2_Pneumonia/Pneumonia-Bacterial (1295).jpg,2,2_Pneumonia,train
validation/2_Pneumonia/Pneumonia-Viral (1000).jpg,2,2_Pneumonia,train
train/2_Pneumonia/Pneumonia-Bacterial (1166).jpg,2,2_Pneumonia,train
validation/2_Pneumonia/Pneumonia-Viral (1059).jpg,2,2_Pneumonia,train
train/0_Normal/Normal (2078).jpg,0,0_Normal,train
validation/0_Normal/Normal (2976).jpg,0,0_Normal,train
train/0_Normal/Normal (1292).jpg,0,0_Normal,train
validation/2_Pneumonia/Pneumonia-Viral (1459).jpg,2,2_Pneumonia,train
train/1_Covid19/COVID-19 (291).jpg,1,1_Covid19,train
validation/2_Pneumonia/Pneumonia-Viral (935).jpg,2,2_Pneumonia,train
train/0_Normal/Normal (1729).jpg,0,0_Normal,train
train/2_Pneumonia/Pneumonia-Viral (530).jpg,2,2_Pneumonia,train
train/0_Normal/Normal (724).jpg,0,0_Normal,train
validation/2_Pneumonia/Pneumonia-Viral (789).jpg,2,2_Pneumonia,train
train/1_Covid19/COVID-19 (811).jpg,1,1_Covid19,train
train/2_Pneumonia/Pneumonia-Bacterial (1207).jpg,2,2_Pneumonia,train
train/2_Pneumonia/Pneumonia-Bacterial (2692).jpg,2,2_Pneumonia,train
train/1_Covid19/COVID-19 (64).jpg,1,1_Covid19,train
train/2_Pneumonia/Pneumonia-Viral (481).jpg,2,2_Pneumonia,train
train/2_Pneumonia/Pneumonia-Bacterial (348).jpg,2,2_Pneumonia,train
train/0_Normal/Normal (281).jpg,0,0_Normal,train
train/0_Normal/Normal (1025).jpg,0,0_Normal,train
train/2_Pneumonia/Pneumonia-Bacterial (1566).jpg,2,2_Pneumonia,train
train/2_Pneumonia/Pneumonia-Bacterial (405).jpg,2,2_Pneumonia,train
train/0_Normal/Normal (1648).jpg,0,0_Normal,train
validation/2_Pneumonia/Pneumonia-Viral (1594).jpg,2,2_Pneumonia,train
train/2_Pneumonia/Pneumonia-Viral (428).jpg,2,2_Pneumonia,train
train/1_Covid19/COVID-19 (957).jpg,1,1_Covid19,train
train/0_Normal/Normal (2271).jpg,0,0_Normal,train
train/2_Pneumonia/Pneumonia-Bacterial (1922).jpg,2,2_Pneumonia,train
train/2_Pneumonia/Pneumonia-Bacterial (1107).jpg,2,2_Pneumonia,train
train/2_Pneumonia/Pneumonia-Viral (561).jpg,2,2_Pneumonia,train
train/2_Pneumonia/Pneumonia-Bacterial (610).jpg,2,2_Pneumonia,train
train/1_Covid19/COVID-19 (635).jpg,1,1_Covid19,train
train/1_Covid19/COVID-19 (595).jpg,1,1_Covid19,train
train/0_Normal/Normal (1713).jpg,0,0_Normal,train
train/2_Pneumonia/Pneumonia-Bacterial (2793).jpg,2,2_Pneumonia,train
train/2_Pneumonia/Pneumonia-Bacterial (840).jpg,2,2_Pneumonia,train
validation/0_Normal/Normal (2690).jpg,0,0_Normal,train
train/2_Pneumonia/Pneumonia-Bacterial (560).jpg,2,2_Pneumonia,train
train/0_Normal/Normal (2124).jpg,0,0_Normal,train
train/2_Pneumonia/Pneumonia-Bacterial (2794).jpg,2,2_Pneumonia,train
train/1_Covid19/COVID-19 (539).jpg,1,1_Covid19,train
train/2_Pneumonia/Pneumonia-Bacterial (2280).jpg,2,2_Pneumonia,train
train/0_Normal/Normal (1280).jpg,0,0_Normal,train
train/1_Covid19/COVID-19 (623).jpg,1,1_Covid19,validation
train/2_Pneumonia/Pneumonia-Bacterial (1855).jpg,2,2_Pneumonia,validation
train/2_Pneumonia/Pneumonia-Bacterial (122).jpg,2,2_Pneumonia,validation
train/2_Pneumonia/Pneumonia-Viral (642).jpg,2,2_Pneumonia,validation
train/1_Covid19/COVID-19 (213).jpg,1,1_Covid19,validation
validation/0_Normal/Normal (2721).jpg,0,0_Normal,validation
train/0_Normal/Normal (315).jpg,0,0_Normal,validation
train/0_Normal/Normal (1909).jpg,0,0_Normal,validation
train/0_Normal/Normal (2052).jpg,0,0_Normal,validation
validation/2_Pneumonia/Pneumonia-Viral (793).jpg,2,2_Pneumonia,validation
train/1_Covid19/COVID-19 (246).jpg,1,1_Covid19,validation
train/2_Pneumonia/Pneumonia-Bacterial (1396).jpg,2,2_Pneumonia,validation
train/2_Pneumonia/Pneumonia-Bacterial (383).jpg,2,2_Pneumonia,validation
train/2_Pneumonia/Pneumonia-Bacterial (2302).jpg,2,2_Pneumonia,validation
train/0_Normal/Normal (1390).jpg,0,0_Normal,validation
train/2_Pneumonia/Pneumonia-Bacterial (2190).jpg,2,2_Pneumonia,validation
train/0_Normal/Normal (2063).jpg,0,0_Normal,validation
train/1_Covid19/COVID-19 (853).jpg,1,1_Covid19,validation
train/2_Pneumonia/Pneumonia-Bacterial (2007).jpg,2,2_Pneumonia,validation
validation/0_Normal/Normal (3133).jpg,0,0_Normal,validation
train/2_Pneumonia/Pneumonia-Bacterial (294).jpg,2,2_Pneumonia,validation
train/2_Pneumonia/Pneumonia-Bacterial (2030).jpg,2,2_Pneumonia,validation
validation/2_Pneumonia/Pneumonia-Viral (856).jpg,2,2_Pneumonia,validation
validation/2_Pneumonia/Pneumonia-Viral (1301).jpg,2,2_Pneumonia,validation
train/2_Pneumonia/Pneumonia-Bacterial (2438).jpg,2,2_Pneumonia,validation
validation/2_Pneumonia/Pneumonia-Viral (1602).jpg,2,2_Pneumonia,validation
train/2_Pneumonia/Pneumonia-Bacterial (1293).jpg,2,2_Pneumonia,validation
train/0_Normal/Normal (1701).jpg,0,0_Normal,validation
validation/2_Pneumonia/Pneumonia-Viral (1227).jpg,2,2_Pneumonia,validation
train/2_Pneumonia/Pneumonia-Bacterial (17).jpg,2,2_Pneumonia,validation
train/0_Normal/Normal (922).jpg,0,0_Normal,validation
validation/0_Normal/Normal (3060).jpg,0,0_Normal,validation
train/0_Normal/Normal (786).jpg,0,0_Normal,validation
validation/0_Normal/Normal (2900).jpg,0,0_Normal,validation
validation/2_Pneumonia/Pneumonia-Viral (1163).jpg,2,2_Pneumonia,validation
train/0_Normal/Normal (179).jpg,0,0_Normal,validation
train/2_Pneumonia/Pneumonia-Bacterial (2827).jpg,2,2_Pneumonia,validation
validation/0_Normal/Normal (3076).jpg,0,0_Normal,validation
train/2_Pneumonia/Pneumonia-Bacterial (1401).jpg,2,2_Pneumonia,validation
validation/1_Covid19/COVID-19 (1123).jpg,1,1_Covid19,validation
train/0_Normal/Normal (900).jpg,0,0_Normal,validation
train/2_Pneumonia/Pneumonia-Bacterial (647).jpg,2,2_Pneumonia,validation
train/2_Pneumonia/Pneumonia-Bacterial (564).jpg,2,2_Pneumonia,validation
train/2_Pneumonia/Pneumonia-Bacterial (2275).jpg,2,2_Pneumonia,validation
train/2_Pneumonia/Pneumonia-Viral (37).jpg,2,2_Pneumonia,validation
train/0_Normal/Normal (2003).jpg,0,0_Normal,validation
validation/2_Pneumonia/Pneumonia-Viral (1490).jpg,2,2_Pneumonia,validation
train/2_Pneumonia/Pneumonia-Viral (283).jpg,2,2_Pneumonia,validation
train/0_Normal/Normal (2397).jpg,0,0_Normal,validation
train/2_Pneumonia/Pneumonia-Viral (246).jpg,2,2_Pneumonia,validation
train/0_Normal/Normal (864).jpg,0,0_Normal,validation
train/0_Normal/Normal (2533).jpg,0,0_Normal,validation
train/0_Normal/Normal (490).jpg,0,0_Normal,validation
train/2_Pneumonia/Pneumonia-Bacterial (1569).jpg,2,2_Pneumonia,validation
validation/0_Normal/Normal (3063).jpg,0,0_Normal,validation
train/2_Pneumonia/Pneumonia-Bacterial (773).jpg,2,2_Pneumonia,validation
train/1_Covid19/COVID-19 (146).jpg,1,1_Covid19,validation
validation/1_Covid19/COVID-19 (1262).jpg,1,1_Covid19,validation
train/2_Pneumonia/Pneumonia-Viral (138).jpg,2,2_Pneumonia,validation
train/0_Normal/Normal (2337).jpg,0,0_Normal,validation
train/0_Normal/Normal (15).jpg,0,0_Normal,validation
train/2_Pneumonia/Pneumonia-Bacterial (84).jpg,2,2_Pneumonia,validation
validation/2_Pneumonia/Pneumonia-Viral (956).jpg,2,2_Pneumonia,validation
train/0_Normal/Normal (95).jpg,0,0_Normal,validation
validation/0_Normal/Normal (2644).jpg,0,0_Normal,validation
train/0_Normal/Normal (1854).jpg,0,0_Normal,validation
train/0_Normal/Normal (1007).jpg,0,0_Normal,validation
train/1_Covid19/COVID-19 (796).jpg,1,1_Covid19,validation
validation/2_Pneumonia/Pneumonia-Viral (1041).jpg,2,2_Pneumonia,validation
validation/2_Pneumonia/Pneumonia-Viral (1101).jpg,2,2_Pneumonia,validation
train/2_Pneumonia/Pneumonia-Viral (480).jpg,2,2_Pneumonia,validation
train/0_Normal/Normal (1777).jpg,0,0_Normal,validation
train/2_Pneumonia/Pneumonia-Bacterial (2646).jpg,2,2_Pneumonia,validation
train/2_Pneumonia/Pneumonia-Bacterial (715).jpg,2,2_Pneumonia,validation
train/1_Covid19/COVID-19 (716).jpg,1,1_Covid19,validation
train/2_Pneumonia/Pneumonia-Bacterial (911).jpg,2,2_Pneumonia,validation
train/2_Pneumonia/Pneumonia-Viral (594).jpg,2,2_Pneumonia,validation
train/0_Normal/Normal (145).jpg,0,0_Normal,validation
train/0_Normal/Normal (795).jpg,0,0_Normal,validation
validation/2_Pneumonia/Pneumonia-Viral (1089).jpg,2,2_Pneumonia,validation
train/2_Pneumonia/Pneumonia-Bacterial (2859).jpg,2,2_Pneumonia,validation
train/1_Covid19/COVID-19 (34).jpg,1,1_Covid19,validation
train/0_Normal/Normal (716).jpg,0,0_Normal,validation
train/2_Pneumonia/Pneumonia-Viral (59).jpg,2,2_Pneumonia,validation
train/2_Pneumonia/Pneumonia-Bacterial (639).jpg,2,2_Pneumonia,validation
train/2_Pneumonia/Pneumonia-Bacterial (1910).jpg,2,2_Pneumonia,validation
train/2_Pneumonia/Pneumonia-Bacterial (1538).jpg,2,2_Pneumonia,validation
validation/2_Pneumonia/Pneumonia-Viral (1527).jpg,2,2_Pneumonia,validation
train/0_Normal/Normal (1147).jpg,0,0_Normal,validation
validation/0_Normal/Normal (3234).jpg,0,0_Normal,validation
train/2_Pneumonia/Pneumonia-Bacterial (1311).jpg,2,2_Pneumonia,validation
train/0_Normal/Normal (2109).jpg,0,0_Normal,validation
train/1_Covid19/COVID-19 (89).jpg,1,1_Covid19,validation
validation/0_Normal/Normal (3177).jpg,0,0_Normal,validation
validation/2_Pneumonia/Pneumonia-Viral (750).jpg,2,2_Pneumonia,validation
train/2_Pneumonia/Pneumonia-Bacterial (574).jpg,2,2_Pneumonia,validation
train/0_Normal/Normal (1021).jpg,0,0_Normal,validation
train/2_Pneumonia/Pneumonia-Bacterial (1181).jpg,2,2_Pneumonia,validation
train/2_Pneumonia/Pneumonia-Bacterial (337).jpg,2,2_Pneumonia,validation
train/0_Normal/Normal (371).jpg,0,0_Normal,validation
train/2_Pneumonia/Pneumonia-Viral (443).jpg,2,2_Pneumonia,validation
train/2_Pneumonia/Pneumonia-Bacterial (1713).jpg,2,2_Pneumonia,validation
train/2_Pneumonia/Pneumonia-Bacterial (303).jpg,2,2_Pneumonia,validation
validation/0_Normal/Normal (3155).jpg,0,0_Normal,validation
validation/0_Normal/Normal (3200).jpg,0,0_Normal,validation
train/0_Normal/Normal (201).jpg,0,0_Normal,validation
train/2_Pneumonia/Pneumonia-Bacterial (2696).jpg,2,2_Pneumonia,validation
train/1_Covid19/COVID-19 (163).jpg,1,1_Covid19,validation
validation/0_Normal/Normal (2983).jpg,0,0_Normal,validation
train/2_Pneumonia/Pneumonia-Bacterial (972).jpg,2,2_Pneumonia,validation
validation/0_Normal/Normal (2682).jpg,0,0_Normal,validation
train/0_Normal/Normal (298).jpg,0,0_Normal,validation
validation/2_Pneumonia/Pneumonia-Viral (1303).jpg,2,2_Pneumonia,validation
train/1_Covid19/COVID-19 (662).jpg,1,1_Covid19,validation
train/2_Pneumonia/Pneumonia-Bacterial (1035).jpg,2,2_Pneumonia,validation
train/2_Pneumonia/Pneumonia-Bacterial (153).jpg,2,2_Pneumonia,validation
train/2_Pneumonia/Pneumonia-Bacterial (1878).jpg,2,2_Pneumonia,validation
validation/1_Covid19/COVID-19 (1146).jpg,1,1_Covid19,validation
train/0_Normal/Normal (171).jpg,0,0_Normal,validation
train/2_Pneumonia/Pneumonia-Viral (462).jpg,2,2_Pneumonia,validation
train/0_Normal/Normal (2111).jpg,0,0_Normal,validation
train/0_Normal/Normal (1887).jpg,0,0_Normal,validation
train/1_Covid19/COVID-19 (151).jpg,1,1_Covid19,validation
train/2_Pneumonia/Pneumonia-Bacterial (2948).jpg,2,2_Pneumonia,validation
validation/2_Pneumonia/Pneumonia-Viral (1086).jpg,2,2_Pneumonia,validation
train/0_Normal/Normal (131).jpg,0,0_Normal,validation
train/2_Pneumonia/Pneumonia-Bacterial (1838).jpg,2,2_Pneumonia,validation
train/0_Normal/Normal (1512).jpg,0,0_Normal,validation
train/1_Covid19/COVID-19 (2).jpg,1,1_Covid19,validation
train/2_Pneumonia/Pneumonia-Bacterial (2236).jpg,2,2_Pneumonia,validation
validation/0_Normal/Normal (2781).jpg,0,0_Normal,validation
train/0_Normal/Normal (1645).jpg,0,0_Normal,validation
validation/2_Pneumonia/Pneumonia-Viral (795).jpg,2,2_Pneumonia,validation
train/2_Pneumonia/Pneumonia-Viral (601).jpg,2,2_Pneumonia,validation
validation/0_Normal/Normal (3032).jpg,0,0_Normal,validation
train/0_Normal/Normal (2120).jpg,0,0_Normal,validation
train/1_Covid19/COVID-19 (1025).jpg,1,1_Covid19,validation
train/0_Normal/Normal (1750).jpg,0,0_Normal,validation
validation/0_Normal/Normal (3235).jpg,0,0_Normal,validation
validation/2_Pneumonia/Pneumonia-Viral (962).jpg,2,2_Pneumonia,validation
train/2_Pneumonia/Pneumonia-Viral (224).jpg,2,2_Pneumonia,validation
train/2_Pneumonia/Pneumonia-Bacterial (1987).jpg,2,2_Pneumonia,validation
train/2_Pneumonia/Pneumonia-Viral (665).jpg,2,2_Pneumonia,validation
train/0_Normal/Normal (2199).jpg,0,0_Normal,validation
train/1_Covid19/COVID-19 (872).jpg,1,1_Covid19,validation
train/0_Normal/Normal (2227).jpg,0,0_Normal,validation
train/0_Normal/Normal (663).jpg,0,0_Normal,validation
train/2_Pneumonia/Pneumonia-Bacterial (1505).jpg,2,2_Pneumonia,validation
train/1_Covid19/COVID-19 (959).jpg,1,1_Covid19,validation
train/1_Covid19/COVID-19 (825).jpg,1,1_Covid19,validation
train/2_Pneumonia/Pneumonia-Bacterial (1399).jpg,2,2_Pneumonia,validation
train/2_Pneumonia/Pneumonia-Bacterial (2650).jpg,2,2_Pneumonia,validation
validation/2_Pneumonia/Pneumonia-Viral (1311).jpg,2,2_Pneumonia,validation
train/1_Covid19/COVID-19 (467).jpg,1,1_Covid19,validation
train/2_Pneumonia/Pneumonia-Bacterial (590).jpg,2,2_Pneumonia,validation
train/1_Covid19/COVID-19 (832).jpg,1,1_Covid19,validation
train/1_Covid19/COVID-19 (412).jpg,1,1_Covid19,validation
train/0_Normal/Normal (2039).jpg,0,0_Normal,validation
train/2_Pneumonia/Pneumonia-Bacterial (1544).jpg,2,2_Pneumonia,validation
validation/2_Pneumonia/Pneumonia-Viral (1174).jpg,2,2_Pneumonia,validation
train/1_Covid19/COVID-19 (935).jpg,1,1_Covid19,validation
train/2_Pneumonia/Pneumonia-Viral (575).jpg,2,2_Pneumonia,validation
train/0_Normal/Normal (279).jpg,0,0_Normal,validation
validation/2_Pneumonia/Pneumonia-Viral (1187).jpg,2,2_Pneumonia,validation
train/1_Covid19/COVID-19 (926).jpg,1,1_Covid19,validation
validation/2_Pneumonia/Pneumonia-Viral (1648).jpg,2,2_Pneumonia,validation
validation/0_Normal/Normal (2911).jpg,0,0_Normal,validation
validation/2_Pneumonia/Pneumonia-Viral (1017).jpg,2,2_Pneumonia,validation
train/0_Normal/Normal (351).jpg,0,0_Normal,validation
train/2_Pneumonia/Pneumonia-Bacterial (1704).jpg,2,2_Pneumonia,validation
train/0_Normal/Normal (2480).jpg,0,0_Normal,validation
train/0_Normal/Normal (136).jpg,0,0_Normal,validation
train/2_Pneumonia/Pneumonia-Bacterial (608).jpg,2,2_Pneumonia,validation
train/2_Pneumonia/Pneumonia-Bacterial (210).jpg,2,2_Pneumonia,validation
train/2_Pneumonia/Pneumonia-Bacterial (2813).jpg,2,2_Pneumonia,validation
train/2_Pneumonia/Pneumonia-Viral (80).jpg,2,2_Pneumonia,validation
train/0_Normal/Normal (507).jpg,0,0_Normal,validation
train/0_Normal/Normal (426).jpg,0,0_Normal,validation
train/0_Normal/Normal (933).jpg,0,0_Normal,validation
train/1_Covid19/COVID-19 (736).jpg,1,1_Covid19,validation
validation/2_Pneumonia/Pneumonia-Viral (1266).jpg,2,2_Pneumonia,validation
train/0_Normal/Normal (1045).jpg,0,0_Normal,validation
train/0_Normal/Normal (882).jpg,0,0_Normal,validation
train/1_Covid19/COVID-19 (682).jpg,1,1_Covid19,validation
validation/2_Pneumonia/Pneumonia-Viral (1390).jpg,2,2_Pneumonia,validation
validation/2_Pneumonia/Pneumonia-Viral (1131).jpg,2,2_Pneumonia,validation
validation/2_Pneumonia/Pneumonia-Viral (1346).jpg,2,2_Pneumonia,validation
train/2_Pneumonia/Pneumonia-Bacterial (1812).jpg,2,2_Pneumonia,validation
train/0_Normal/Normal (420).jpg,0,0_Normal,validation
train/2_Pneumonia/Pneumonia-Bacterial (1957).jpg,2,2_Pneumonia,validation
validation/0_Normal/Normal (2819).jpg,0,0_Normal,validation
train/2_Pneumonia/Pneumonia-Viral (62).jpg,2,2_Pneumonia,validation
train/0_Normal/Normal (1679).jpg,0,0_Normal,validation
validation/0_Normal/Normal (3225).jpg,0,0_Normal,validation
train/2_Pneumonia/Pneumonia-Viral (8).jpg,2,2_Pneumonia,validation
train/2_Pneumonia/Pneumonia-Bacterial (325).jpg,2,2_Pneumonia,validation
train/2_Pneumonia/Pneumonia-Viral (221).jpg,2,2_Pneumonia,validation
validation/1_Covid19/COVID-19 (1032).jpg,1,1_Covid19,validation
validation/2_Pneumonia/Pneumonia-Viral (968).jpg,2,2_Pneumonia,validation
train/1_Covid19/COVID-19 (500).jpg,1,1_Covid19,validation
train/0_Normal/Normal (1316).jpg,0,0_Normal,validation
validation/2_Pneumonia/Pneumonia-Viral (917).jpg,2,2_Pneumonia,validation
train/0_Normal/Normal (2376).jpg,0,0_Normal,validation
validation/2_Pneumonia/Pneumonia-Viral (1544).jpg,2,2_Pneumonia,validation
validation/0_Normal/Normal (2709).jpg,0,0_Normal,validation
train/0_Normal/Normal (1545).jpg,0,0_Normal,validation
train/2_Pneumonia/Pneumonia-Bacterial (1132).jpg,2,2_Pneumonia,validation
train/0_Normal/Normal (1974).jpg,0,0_Normal,validation
train/2_Pneumonia/Pneumonia-Bacterial (2655).jpg,2,2_Pneumonia,validation
train/2_Pneumonia/Pneumonia-Bacterial (2381).jpg,2,2_Pneumonia,validation
train/2_Pneumonia/Pneumonia-Bacterial (1079).jpg,2,2_Pneumonia,validation
train/1_Covid19/COVID-19 (131).jpg,1,1_Covid19,validation
train/1_Covid19/COVID-19 (407).jpg,1,1_Covid19,validation
train/2_Pneumonia/Pneumonia-Bacterial (249).jpg,2,2_Pneumonia,validation
train/2_Pneumonia/Pneumonia-Bacterial (129).jpg,2,2_Pneumonia,validation
train/2_Pneumonia/Pneumonia-Bacterial (598).jpg,2,2_Pneumonia,validation
train/2_Pneumonia/Pneumonia-Bacterial (1033).jpg,2,2_Pneumonia,validation
train/2_Pneumonia/Pneumonia-Bacterial (810).jpg,2,2_Pneumonia,validation
train/2_Pneumonia/Pneumonia-Bacterial (2402).jpg,2,2_Pneumonia,validation
train/2_Pneumonia/Pneumonia-Bacterial (1483).jpg,2,2_Pneumonia,validation
train/0_Normal/Normal (1571).jpg,0,0_Normal,validation
validation/2_Pneumonia/Pneumonia-Viral (1523).jpg,2,2_Pneumonia,validation
train/2_Pneumonia/Pneumonia-Viral (352).jpg,2,2_Pneumonia,validation
train/1_Covid19/COVID-19 (474).jpg,1,1_Covid19,validation
validation/0_Normal/Normal (2694).jpg,0,0_Normal,validation
validation/0_Normal/Normal (2959).jpg,0,0_Normal,validation
train/2_Pneumonia/Pneumonia-Viral (664).jpg,2,2_Pneumonia,validation
train/0_Normal/Normal (1167).jpg,0,0_Normal,validation
train/2_Pneumonia/Pneumonia-Viral (201).jpg,2,2_Pneumonia,validation
train/2_Pneumonia/Pneumonia-Bacterial (374).jpg,2,2_Pneumonia,validation
validation/2_Pneumonia/Pneumonia-Viral (1567).jpg,2,2_Pneumonia,validation
train/0_Normal/Normal (2301).jpg,0,0_Normal,validation
train/2_Pneumonia/Pneumonia-Bacterial (2661).jpg,2,2_Pneumonia,validation
train/0_Normal/Normal (2070).jpg,0,0_Normal,validation
train/1_Covid19/COVID-19 (605).jpg,1,1_Covid19,validation
train/2_Pneumonia/Pneumonia-Bacterial (393).jpg,2,2_Pneumonia,validation
validation/2_Pneumonia/Pneumonia-Viral (1647).jpg,2,2_Pneumonia,validation
train/2_Pneumonia/Pneumonia-Viral (685).jpg,2,2_Pneumonia,validation
train/2_Pneumonia/Pneumonia-Bacterial (2871).jpg,2,2_Pneumonia,validation
train/2_Pneumonia/Pneumonia-Bacterial (617).jpg,2,2_Pneumonia,validation
train/2_Pneumonia/Pneumonia-Bacterial (2022).jpg,2,2_Pneumonia,validation
train/0_Normal/Normal (431).jpg,0,0_Normal,validation
train/2_Pneumonia/Pneumonia-Bacterial (1653).jpg,2,2_Pneumonia,validation
train/0_Normal/Normal (1080).jpg,0,0_Normal,validation
train/0_Normal/Normal (511).jpg,0,0_Normal,validation
train/2_Pneumonia/Pneumonia-Bacterial (2740).jpg,2,2_Pneumonia,validation
train/2_Pneumonia/Pneumonia-Bacterial (910).jpg,2,2_Pneumonia,validation
train/0_Normal/Normal (59).jpg,0,0_Normal,validation
train/2_Pneumonia/Pneumonia-Bacterial (1527).jpg,2,2_Pneumonia,validation
train/2_Pneumonia/Pneumonia-Bacterial (1905).jpg,2,2_Pneumonia,validation
train/2_Pneumonia/Pneumonia-Bacterial (768).jpg,2,2_Pneumonia,validation
train/1_Covid19/COVID-19 (299).jpg,1,1_Covid19,validation
train/2_Pneumonia/Pneumonia-Viral (351).jpg,2,2_Pneumonia,validation
train/0_Normal/Normal (2122).jpg,0,0_Normal,validation
validation/0_Normal/Normal (3211).jpg,0,0_Normal,validation
validation/0_Normal/Normal (3040).jpg,0,0_Normal,validation
train/0_Normal/Normal (1897).jpg,0,0_Normal,validation
train/2_Pneumonia/Pneumonia-Viral (655).jpg,2,2_Pneumonia,validation
validation/0_Normal/Normal (3246).jpg,0,0_Normal,validation
train/0_Normal/Normal (2231).jpg,0,0_Normal,validation
train/2_Pneumonia/Pneumonia-Bacterial (1039).jpg,2,2_Pneumonia,validation
train/2_Pneumonia/Pneumonia-Bacterial (2776).jpg,2,2_Pneumonia,validation
validation/2_Pneumonia/Pneumonia-Viral (938).jpg,2,2_Pneumonia,validation
train/0_Normal/Normal (717).jpg,0,0_Normal,validation
train/2_Pneumonia/Pneumonia-Viral (264).jpg,2,2_Pneumonia,validation
validation/1_Covid19/COVID-19 (1209).jpg,1,1_Covid19,validation
train/2_Pneumonia/Pneumonia-Bacterial (577).jpg,2,2_Pneumonia,validation
train/2_Pneumonia/Pneumonia-Bacterial (835).jpg,2,2_Pneumonia,validation
validation/2_Pneumonia/Pneumonia-Viral (1568).jpg,2,2_Pneumonia,validation
train/2_Pneumonia/Pneumonia-Bacterial (2839).jpg,2,2_Pneumonia,validation
validation/2_Pneumonia/Pneumonia-Viral (1452).jpg,2,2_Pneumonia,validation
train/0_Normal/Normal (407).jpg,0,0_Normal,validation
train/2_Pneumonia/Pneumonia-Viral (590).jpg,2,2_Pneumonia,validation
train/2_Pneumonia/Pneumonia-Bacterial (2753).jpg,2,2_Pneumonia,validation
train/2_Pneumonia/Pneumonia-Viral (508).jpg,2,2_Pneumonia,validation
train/2_Pneumonia/Pneumonia-Bacterial (821).jpg,2,2_Pneumonia,validation
train/0_Normal/Normal (1170).jpg,0,0_Normal,validation
train/2_Pneumonia/Pneumonia-Bacterial (2046).jpg,2,2_Pneumonia,validation
train/2_Pneumonia/Pneumonia-Viral (510).jpg,2,2_Pneumonia,validation
train/2_Pneumonia/Pneumonia-Viral (256).jpg,2,2_Pneumonia,validation
train/2_Pneumonia/Pneumonia-Viral (412).jpg,2,2_Pneumonia,validation
train/2_Pneumonia/Pneumonia-Bacterial (1870).jpg,2,2_Pneumonia,validation
validation/2_Pneumonia/Pneumonia-Viral (1344).jpg,2,2_Pneumonia,validation
train/2_Pneumonia/Pneumonia-Viral (485).jpg,2,2_Pneumonia,validation
train/0_Normal/Normal (1619).jpg,0,0_Normal,validation
train/2_Pneumonia/Pneumonia-Bacterial (1019).jpg,2,2_Pneumonia,validation
validation/1_Covid19/COVID-19 (1169).jpg,1,1_Covid19,validation
train/0_Normal/Normal (284).jpg,0,0_Normal,validation
train/0_Normal/Normal (1995).jpg,0,0_Normal,validation
train/0_Normal/Normal (998).jpg,0,0_Normal,validation
validation/2_Pneumonia/Pneumonia-Viral (1027).jpg,2,2_Pneumonia,validation
train/2_Pneumonia/Pneumonia-Bacterial (51).jpg,2,2_Pneumonia,validation
train/2_Pneumonia/Pneumonia-Viral (706).jpg,2,2_Pneumonia,validation
validation/1_Covid19/COVID-19 (1172).jpg,1,1_Covid19,validation
train/2_Pneumonia/Pneumonia-Bacterial (1629).jpg,2,2_Pneumonia,validation
train/1_Covid19/COVID-19 (753).jpg,1,1_Covid19,validation
validation/1_Covid19/COVID-19 (1154).jpg,1,1_Covid19,validation
validation/2_Pneumonia/Pneumonia-Viral (889).jpg,2,2_Pneumonia,validation
train/0_Normal/Normal (1391).jpg,0,0_Normal,validation
train/2_Pneumonia/Pneumonia-Viral (332).jpg,2,2_Pneumonia,validation
train/2_Pneumonia/Pneumonia-Viral (226).jpg,2,2_Pneumonia,validation
validation/0_Normal/Normal (3005).jpg,0,0_Normal,validation
train/2_Pneumonia/Pneumonia-Bacterial (829).jpg,2,2_Pneumonia,validation
train/2_Pneumonia/Pneumonia-Viral (605).jpg,2,2_Pneumonia,validation
validation/2_Pneumonia/Pneumonia-Viral (1209).jpg,2,2_Pneumonia,validation
train/2_Pneumonia/Pneumonia-Bacterial (58).jpg,2,2_Pneumonia,validation
train/0_Normal/Normal (2313).jpg,0,0_Normal,validation
train/2_Pneumonia/Pneumonia-Bacterial (1226).jpg,2,2_Pneumonia,validation
train/2_Pneumonia/Pneumonia-Viral (541).jpg,2,2_Pneumonia,validation
train/0_Normal/Normal (2182).jpg,0,0_Normal,validation
train/1_Covid19/COVID-19 (387).jpg,1,1_Covid19,validation
train/2_Pneumonia/Pneumonia-Bacterial (1875).jpg,2,2_Pneumonia,validation
validation/1_Covid19/COVID-19 (1107).jpg,1,1_Covid19,validation
train/2_Pneumonia/Pneumonia-Bacterial (1493).jpg,2,2_Pneumonia,validation
validation/2_Pneumonia/Pneumonia-Viral (1216).jpg,2,2_Pneumonia,validation
train/2_Pneumonia/Pneumonia-Bacterial (934).jpg,2,2_Pneumonia,validation
train/2_Pneumonia/Pneumonia-Viral (194).jpg,2,2_Pneumonia,validation
validation/1_Covid19/COVID-19 (1068).jpg,1,1_Covid19,validation
train/0_Normal/Normal (628).jpg,0,0_Normal,validation
train/2_Pneumonia/Pneumonia-Bacterial (1075).jpg,2,2_Pneumonia,validation
train/0_Normal/Normal (417).jpg,0,0_Normal,validation
train/2_Pneumonia/Pneumonia-Bacterial (1617).jpg,2,2_Pneumonia,validation
validation/0_Normal/Normal (3163).jpg,0,0_Normal,validation
train/2_Pneumonia/Pneumonia-Bacterial (1940).jpg,2,2_Pneumonia,validation
train/2_Pneumonia/Pneumonia-Bacterial (804).jpg,2,2_Pneumonia,validation
train/2_Pneumonia/Pneumonia-Bacterial (283).jpg,2,2_Pneumonia,validation
train/2_Pneumonia/Pneumonia-Bacterial (2027).jpg,2,2_Pneumonia,validation
train/2_Pneumonia/Pneumonia-Bacterial (1680).jpg,2,2_Pneumonia,validation
train/0_Normal/Normal (273).jpg,0,0_Normal,validation
train/2_Pneumonia/Pneumonia-Bacterial (342).jpg,2,2_Pneumonia,validation
train/2_Pneumonia/Pneumonia-Viral (429).jpg,2,2_Pneumonia,validation
train/2_Pneumonia/Pneumonia-Bacterial (1439).jpg,2,2_Pneumonia,validation
train/2_Pneumonia/Pneumonia-Viral (457).jpg,2,2_Pneumonia,validation
train/0_Normal/Normal (263).jpg,0,0_Normal,validation
validation/2_Pneumonia/Pneumonia-Viral (1341).jpg,2,2_Pneumonia,validation
train/2_Pneumonia/Pneumonia-Bacterial (1185).jpg,2,2_Pneumonia,validation
train/1_Covid19/COVID-19 (973).jpg,1,1_Covid19,validation
train/2_Pneumonia/Pneumonia-Bacterial (2187).jpg,2,2_Pneumonia,validation
validation/2_Pneumonia/Pneumonia-Viral (1642).jpg,2,2_Pneumonia,validation
train/2_Pneumonia/Pneumonia-Bacterial (1601).jpg,2,2_Pneumonia,validation
train/2_Pneumonia/Pneumonia-Bacterial (1929).jpg,2,2_Pneumonia,validation
train/2_Pneumonia/Pneumonia-Bacterial (2743).jpg,2,2_Pneumonia,validation
train/2_Pneumonia/Pneumonia-Bacterial (2524).jpg,2,2_Pneumonia,validation
train/2_Pneumonia/Pneumonia-Bacterial (2862).jpg,2,2_Pneumonia,validation
train/1_Covid19/COVID-19 (332).jpg,1,1_Covid19,validation
train/2_Pneumonia/Pneumonia-Bacterial (443).jpg,2,2_Pneumonia,validation
train/2_Pneumonia/Pneumonia-Bacterial (2182).jpg,2,2_Pneumonia,validation
train/2_Pneumonia/Pneumonia-Bacterial (1979).jpg,2,2_Pneumonia,validation
train/1_Covid19/COVID-19 (52).jpg,1,1_Covid19,validation
train/1_Covid19/COVID-19 (640).jpg,1,1_Covid19,validation
validation/2_Pneumonia/Pneumonia-Viral (875).jpg,2,2_Pneumonia,validation
train/0_Normal/Normal (2574).jpg,0,0_Normal,validation
train/0_Normal/Normal (908).jpg,0,0_Normal,validation
validation/1_Covid19/COVID-19 (1101).jpg,1,1_Covid19,validation
train/2_Pneumonia/Pneumonia-Bacterial (562).jpg,2,2_Pneumonia,validation
validation/0_Normal/Normal (2684).jpg,0,0_Normal,validation
train/0_Normal/Normal (1971).jpg,0,0_Normal,validation
train/0_Normal/Normal (331).jpg,0,0_Normal,validation
train/2_Pneumonia/Pneumonia-Viral (54).jpg,2,2_Pneumonia,validation
validation/0_Normal/Normal (3240).jpg,0,0_Normal,validation
train/1_Covid19/COVID-19 (154).jpg,1,1_Covid19,validation
train/2_Pneumonia/Pneumonia-Viral (497).jpg,2,2_Pneumonia,validation
train/0_Normal/Normal (539).jpg,0,0_Normal,validation
train/1_Covid19/COVID-19 (101).jpg,1,1_Covid19,validation
train/2_Pneumonia/Pneumonia-Bacterial (2612).jpg,2,2_Pneumonia,validation
train/2_Pneumonia/Pneumonia-Bacterial (1864).jpg,2,2_Pneumonia,validation
train/0_Normal/Normal (2).jpg,0,0_Normal,validation
train/1_Covid19/COVID-19 (376).jpg,1,1_Covid19,validation
train/2_Pneumonia/Pneumonia-Bacterial (1557).jpg,2,2_Pneumonia,validation
train/2_Pneumonia/Pneumonia-Bacterial (984).jpg,2,2_Pneumonia,validation
validation/0_Normal/Normal (2620).jpg,0,0_Normal,validation
train/2_Pneumonia/Pneumonia-Viral (437).jpg,2,2_Pneumonia,validation
validation/0_Normal/Normal (2855).jpg,0,0_Normal,validation
train/1_Covid19/COVID-19 (945).jpg,1,1_Covid19,validation
train/0_Normal/Normal (1817).jpg,0,0_Normal,validation
train/0_Normal/Normal (2095).jpg,0,0_Normal,validation
train/1_Covid19/COVID-19 (857).jpg,1,1_Covid19,validation
train/0_Normal/Normal (2307).jpg,0,0_Normal,validation
train/2_Pneumonia/Pneumonia-Bacterial (1909).jpg,2,2_Pneumonia,validation
validation/2_Pneumonia/Pneumonia-Viral (1348).jpg,2,2_Pneumonia,validation
train/0_Normal/Normal (190).jpg,0,0_Normal,validation
train/2_Pneumonia/Pneumonia-Bacterial (957).jpg,2,2_Pneumonia,validation
train/0_Normal/Normal (1871).jpg,0,0_Normal,validation
train/0_Normal/Normal (2555).jpg,0,0_Normal,validation
train/2_Pneumonia/Pneumonia-Bacterial (1738).jpg,2,2_Pneumonia,validation
train/2_Pneumonia/Pneumonia-Bacterial (181).jpg,2,2_Pneumonia,validation
validation/2_Pneumonia/Pneumonia-Viral (1272).jpg,2,2_Pneumonia,validation
train/0_Normal/Normal (2147).jpg,0,0_Normal,validation
train/0_Normal/Normal (2166).jpg,0,0_Normal,validation
validation/2_Pneumonia/Pneumonia-Viral (1595).jpg,2,2_Pneumonia,validation
train/0_Normal/Normal (2514).jpg,0,0_Normal,validation
train/2_Pneumonia/Pneumonia-Bacterial (2277).jpg,2,2_Pneumonia,validation
train/2_Pneumonia/Pneumonia-Bacterial (1424).jpg,2,2_Pneumonia,validation
train/0_Normal/Normal (1230).jpg,0,0_Normal,validation
train/0_Normal/Normal (1039).jpg,0,0_Normal,validation
train/2_Pneumonia/Pneumonia-Bacterial (2665).jpg,2,2_Pneumonia,validation
train/0_Normal/Normal (1158).jpg,0,0_Normal,validation
train/0_Normal/Normal (2531).jpg,0,0_Normal,validation
train/2_Pneumonia/Pneumonia-Bacterial (478).jpg,2,2_Pneumonia,validation
train/2_Pneumonia/Pneumonia-Viral (522).jpg,2,2_Pneumonia,validation
validation/2_Pneumonia/Pneumonia-Viral (1300).jpg,2,2_Pneumonia,validation
validation/1_Covid19/COVID-19 (1158).jpg,1,1_Covid19,validation
train/0_Normal/Normal (1514).jpg,0,0_Normal,validation
train/2_Pneumonia/Pneumonia-Viral (715).jpg,2,2_Pneumonia,validation
train/1_Covid19/COVID-19 (432).jpg,1,1_Covid19,validation
validation/1_Covid19/COVID-19 (1274).jpg,1,1_Covid19,validation
validation/0_Normal/Normal (2905).jpg,0,0_Normal,validation
train/2_Pneumonia/Pneumonia-Bacterial (727).jpg,2,2_Pneumonia,validation
train/2_Pneumonia/Pneumonia-Bacterial (793).jpg,2,2_Pneumonia,validation
train/2_Pneumonia/Pneumonia-Bacterial (2856).jpg,2,2_Pneumonia,validation
train/2_Pneumonia/Pneumonia-Bacterial (1289).jpg,2,2_Pneumonia,validation
train/0_Normal/Normal (873).jpg,0,0_Normal,validation
train/0_Normal/Normal (1895).jpg,0,0_Normal,validation
train/0_Normal/Normal (2183).jpg,0,0_Normal,validation
validation/2_Pneumonia/Pneumonia-Viral (1532).jpg,2,2_Pneumonia,validation
train/2_Pneumonia/Pneumonia-Viral (723).jpg,2,2_Pneumonia,validation
validation/2_Pneumonia/Pneumonia-Viral (1526).jpg,2,2_Pneumonia,validation
train/2_Pneumonia/Pneumonia-Bacterial (1026).jpg,2,2_Pneumonia,validation
validation/2_Pneumonia/Pneumonia-Viral (1408).jpg,2,2_Pneumonia,validation
train/0_Normal/Normal (418).jpg,0,0_Normal,validation
train/2_Pneumonia/Pneumonia-Bacterial (305).jpg,2,2_Pneumonia,validation
train/0_Normal/Normal (687).jpg,0,0_Normal,validation
train/2_Pneumonia/Pneumonia-Bacterial (1195).jpg,2,2_Pneumonia,validation
train/2_Pneumonia/Pneumonia-Bacterial (747).jpg,2,2_Pneumonia,validation
validation/0_Normal/Normal (2758).jpg,0,0_Normal,validation
train/2_Pneumonia/Pneumonia-Viral (333).jpg,2,2_Pneumonia,validation
train/2_Pneumonia/Pneumonia-Bacterial (561).jpg,2,2_Pneumonia,validation
train/1_Covid19/COVID-19 (848).jpg,1,1_Covid19,validation
train/0_Normal/Normal (838).jpg,0,0_Normal,validation
validation/0_Normal/Normal (3215).jpg,0,0_Normal,validation
train/1_Covid19/COVID-19 (139).jpg,1,1_Covid19,validation
train/2_Pneumonia/Pneumonia-Viral (441).jpg,2,2_Pneumonia,validation
train/2_Pneumonia/Pneumonia-Bacterial (73).jpg,2,2_Pneumonia,validation
train/0_Normal/Normal (437).jpg,0,0_Normal,validation
train/0_Normal/Normal (1290).jpg,0,0_Normal,validation
train/2_Pneumonia/Pneumonia-Bacterial (251).jpg,2,2_Pneumonia,validation
train/1_Covid19/COVID-19 (995).jpg,1,1_Covid19,validation
validation/2_Pneumonia/Pneumonia-Viral (1248).jpg,2,2_Pneumonia,validation
train/2_Pneumonia/Pneumonia-Viral (219).jpg,2,2_Pneumonia,validation
train/2_Pneumonia/Pneumonia-Viral (520).jpg,2,2_Pneumonia,validation
train/2_Pneumonia/Pneumonia-Bacterial (811).jpg,2,2_Pneumonia,validation
train/0_Normal/Normal (1882).jpg,0,0_Normal,validation
train/2_Pneumonia/Pneumonia-Viral (368).jpg,2,2_Pneumonia,validation
train/1_Covid19/COVID-19 (1019).jpg,1,1_Covid19,validation
train/0_Normal/Normal (2153).jpg,0,0_Normal,validation
train/2_Pneumonia/Pneumonia-Bacterial (480).jpg,2,2_Pneumonia,validation
validation/1_Covid19/COVID-19 (1256).jpg,1,1_Covid19,validation
train/2_Pneumonia/Pneumonia-Bacterial (2058).jpg,2,2_Pneumonia,validation
train/1_Covid19/COVID-19 (764).jpg,1,1_Covid19,validation
train/2_Pneumonia/Pneumonia-Bacterial (2563).jpg,2,2_Pneumonia,validation
train/2_Pneumonia/Pneumonia-Bacterial (1082).jpg,2,2_Pneumonia,validation
train/0_Normal/Normal (378).jpg,0,0_Normal,validation
train/0_Normal/Normal (2439).jpg,0,0_Normal,validation
train/2_Pneumonia/Pneumonia-Bacterial (1069).jpg,2,2_Pneumonia,validation
train/0_Normal/Normal (725).jpg,0,0_Normal,validation
train/2_Pneumonia/Pneumonia-Bacterial (2355).jpg,2,2_Pneumonia,validation
train/2_Pneumonia/Pneumonia-Bacterial (606).jpg,2,2_Pneumonia,validation
train/2_Pneumonia/Pneumonia-Bacterial (1555).jpg,2,2_Pneumonia,validation
train/1_Covid19/COVID-19 (367).jpg,1,1_Covid19,validation
train/1_Covid19/COVID-19 (975).jpg,1,1_Covid19,validation
train/0_Normal/Normal (1042).jpg,0,0_Normal,validation
train/0_Normal/Normal (1625).jpg,0,0_Normal,validation
train/0_Normal/Normal (1940).jpg,0,0_Normal,validation
validation/2_Pneumonia/Pneumonia-Viral (1473).jpg,2,2_Pneumonia,validation
train/0_Normal/Normal (1549).jpg,0,0_Normal,validation
train/0_Normal/Normal (1598).jpg,0,0_Normal,validation
train/1_Covid19/COVID-19 (815).jpg,1,1_Covid19,validation
train/2_Pneumonia/Pneumonia-Viral (545).jpg,2,2_Pneumonia,validation
train/2_Pneumonia/Pneumonia-Bacterial (1619).jpg,2,2_Pneumonia,validation
train/0_Normal/Normal (1662).jpg,0,0_Normal,validation
validation/2_Pneumonia/Pneumonia-Viral (868).jpg,2,2_Pneumonia,validation
validation/2_Pneumonia/Pneumonia-Viral (958).jpg,2,2_Pneumonia,validation
train/0_Normal/Normal (358).jpg,0,0_Normal,validation
train/0_Normal/Normal (656).jpg,0,0_Normal,validation
validation/2_Pneumonia/Pneumonia-Viral (1235).jpg,2,2_Pneumonia,validation
train/0_Normal/Normal (943).jpg,0,0_Normal,validation
train/2_Pneumonia/Pneumonia-Bacterial (95).jpg,2,2_Pneumonia,validation
train/0_Normal/Normal (2323).jpg,0,0_Normal,validation
train/2_Pneumonia/Pneumonia-Bacterial (1613).jpg,2,2_Pneumonia,validation
train/1_Covid19/COVID-19 (963).jpg,1,1_Covid19,validation
validation/2_Pneumonia/Pneumonia-Viral (1254).jpg,2,2_Pneumonia,validation
train/2_Pneumonia/Pneumonia-Bacterial (1595).jpg,2,2_Pneumonia,validation
train/1_Covid19/COVID-19 (552).jpg,1,1_Covid19,validation
train/0_Normal/Normal (103).jpg,0,0_Normal,validation
train/2_Pneumonia/Pneumonia-Bacterial (1946).jpg,2,2_Pneumonia,validation
train/0_Normal/Normal (1223).jpg,0,0_Normal,validation
train/2_Pneumonia/Pneumonia-Bacterial (462).jpg,2,2_Pneumonia,validation
train/2_Pneumonia/Pneumonia-Viral (354).jpg,2,2_Pneumonia,validation
validation/0_Normal/Normal (2641).jpg,0,0_Normal,validation
validation/0_Normal/Normal (2854).jpg,0,0_Normal,validation
validation/2_Pneumonia/Pneumonia-Viral (815).jpg,2,2_Pneumonia,validation
validation/2_Pneumonia/Pneumonia-Viral (1464).jpg,2,2_Pneumonia,validation
train/1_Covid19/COVID-19 (293).jpg,1,1_Covid19,validation
train/2_Pneumonia/Pneumonia-Bacterial (1059).jpg,2,2_Pneumonia,validation
train/2_Pneumonia/Pneumonia-Bacterial (2387).jpg,2,2_Pneumonia,validation
train/0_Normal/Normal (1218).jpg,0,0_Normal,validation
train/0_Normal/Normal (2164).jpg,0,0_Normal,validation
train/2_Pneumonia/Pneumonia-Viral (543).jpg,2,2_Pneumonia,validation
train/0_Normal/Normal (1478).jpg,0,0_Normal,validation
train/0_Normal/Normal (2115).jpg,0,0_Normal,validation
train/1_Covid19/COVID-19 (559).jpg,1,1_Covid19,validation
validation/2_Pneumonia/Pneumonia-Viral (1573).jpg,2,2_Pneumonia,validation
train/2_Pneumonia/Pneumonia-Bacterial (438).jpg,2,2_Pneumonia,validation
train/0_Normal/Normal (2436).jpg,0,0_Normal,validation
validation/0_Normal/Normal (3050).jpg,0,0_Normal,validation
validation/0_Normal/Normal (3228).jpg,0,0_Normal,validation
train/0_Normal/Normal (619).jpg,0,0_Normal,validation
train/0_Normal/Normal (176).jpg,0,0_Normal,validation
validation/0_Normal/Normal (2749).jpg,0,0_Normal,validation
validation/2_Pneumonia/Pneumonia-Viral (1576).jpg,2,2_Pneumonia,validation
train/0_Normal/Normal (1694).jpg,0,0_Normal,validation
train/2_Pneumonia/Pneumonia-Bacterial (646).jpg,2,2_Pneumonia,validation
train/2_Pneumonia/Pneumonia-Bacterial (99).jpg,2,2_Pneumonia,validation
train/2_Pneumonia/Pneumonia-Bacterial (1112).jpg,2,2_Pneumonia,validation
train/0_Normal/Normal (1409).jpg,0,0_Normal,validation
train/2_Pneumonia/Pneumonia-Bacterial (239).jpg,2,2_Pneumonia,validation
validation/2_Pneumonia/Pneumonia-Viral (907).jpg,2,2_Pneumonia,validation
train/1_Covid19/COVID-19 (799).jpg,1,1_Covid19,validation
validation/0_Normal/Normal (3148).jpg,0,0_Normal,validation
validation/0_Normal/Normal (2812).jpg,0,0_Normal,validation
train/2_Pneumonia/Pneumonia-Bacterial (2017).jpg,2,2_Pneumonia,validation
train/2_Pneumonia/Pneumonia-Viral (421).jpg,2,2_Pneumonia,validation
train/1_Covid19/COVID-19 (370).jpg,1,1_Covid19,validation
train/2_Pneumonia/Pneumonia-Bacterial (2284).jpg,2,2_Pneumonia,validation
train/2_Pneumonia/Pneumonia-Bacterial (1964).jpg,2,2_Pneumonia,validation
validation/0_Normal/Normal (2859).jpg,0,0_Normal,validation
validation/0_Normal/Normal (3081).jpg,0,0_Normal,validation
train/2_Pneumonia/Pneumonia-Bacterial (1410).jpg,2,2_Pneumonia,validation
validation/2_Pneumonia/Pneumonia-Viral (1621).jpg,2,2_Pneumonia,validation
train/2_Pneumonia/Pneumonia-Viral (699).jpg,2,2_Pneumonia,validation
train/0_Normal/Normal (262).jpg,0,0_Normal,validation
train/0_Normal/Normal (1525).jpg,0,0_Normal,validation
train/2_Pneumonia/Pneumonia-Bacterial (1608).jpg,2,2_Pneumonia,validation
validation/0_Normal/Normal (2991).jpg,0,0_Normal,validation
train/0_Normal/Normal (1375).jpg,0,0_Normal,validation
train/0_Normal/Normal (1787).jpg,0,0_Normal,validation
validation/1_Covid19/COVID-19 (1031).jpg,1,1_Covid19,validation
train/2_Pneumonia/Pneumonia-Viral (268).jpg,2,2_Pneumonia,validation
train/1_Covid19/COVID-19 (735).jpg,1,1_Covid19,validation
train/0_Normal/Normal (1737).jpg,0,0_Normal,validation
train/0_Normal/Normal (2583).jpg,0,0_Normal,validation
train/2_Pneumonia/Pneumonia-Bacterial (1800).jpg,2,2_Pneumonia,validation
train/2_Pneumonia/Pneumonia-Viral (526).jpg,2,2_Pneumonia,validation
train/2_Pneumonia/Pneumonia-Viral (340).jpg,2,2_Pneumonia,validation
train/0_Normal/Normal (995).jpg,0,0_Normal,validation
train/2_Pneumonia/Pneumonia-Bacterial (1883).jpg,2,2_Pneumonia,validation
train/2_Pneumonia/Pneumonia-Bacterial (2970).jpg,2,2_Pneumonia,validation
train/2_Pneumonia/Pneumonia-Bacterial (1435).jpg,2,2_Pneumonia,validation
train/0_Normal/Normal (277).jpg,0,0_Normal,validation
train/0_Normal/Normal (1956).jpg,0,0_Normal,validation
validation/2_Pneumonia/Pneumonia-Viral (1372).jpg,2,2_Pneumonia,validation
train/1_Covid19/COVID-19 (831).jpg,1,1_Covid19,validation
train/2_Pneumonia/Pneumonia-Viral (449).jpg,2,2_Pneumonia,validation
train/2_Pneumonia/Pneumonia-Bacterial (217).jpg,2,2_Pneumonia,validation
validation/2_Pneumonia/Pneumonia-Viral (739).jpg,2,2_Pneumonia,validation
train/2_Pneumonia/Pneumonia-Bacterial (157).jpg,2,2_Pneumonia,validation
train/2_Pneumonia/Pneumonia-Bacterial (357).jpg,2,2_Pneumonia,validation
train/1_Covid19/COVID-19 (343).jpg,1,1_Covid19,validation
validation/1_Covid19/COVID-19 (1142).jpg,1,1_Covid19,validation
train/0_Normal/Normal (91).jpg,0,0_Normal,validation
train/1_Covid19/COVID-19 (397).jpg,1,1_Covid19,validation
validation/2_Pneumonia/Pneumonia-Viral (1142).jpg,2,2_Pneumonia,validation
train/1_Covid19/COVID-19 (599).jpg,1,1_Covid19,validation
train/1_Covid19/COVID-19 (180).jpg,1,1_Covid19,validation
train/1_Covid19/COVID-19 (542).jpg,1,1_Covid19,validation
train/0_Normal/Normal (301).jpg,0,0_Normal,validation
train/2_Pneumonia/Pneumonia-Bacterial (2097).jpg,2,2_Pneumonia,validation
train/2_Pneumonia/Pneumonia-Bacterial (2852).jpg,2,2_Pneumonia,validation
train/1_Covid19/COVID-19 (722).jpg,1,1_Covid19,validation
validation/0_Normal/Normal (3241).jpg,0,0_Normal,validation
validation/0_Normal/Normal (2676).jpg,0,0_Normal,validation
train/2_Pneumonia/Pneumonia-Bacterial (1765).jpg,2,2_Pneumonia,validation
validation/0_Normal/Normal (2696).jpg,0,0_Normal,validation
train/2_Pneumonia/Pneumonia-Bacterial (1816).jpg,2,2_Pneumonia,validation
train/2_Pneumonia/Pneumonia-Bacterial (602).jpg,2,2_Pneumonia,validation
train/2_Pneumonia/Pneumonia-Viral (252).jpg,2,2_Pneumonia,validation
validation/2_Pneumonia/Pneumonia-Viral (923).jpg,2,2_Pneumonia,validation
train/1_Covid19/COVID-19 (943).jpg,1,1_Covid19,validation
train/2_Pneumonia/Pneumonia-Bacterial (2409).jpg,2,2_Pneumonia,validation
validation/0_Normal/Normal (3266).jpg,0,0_Normal,validation
train/0_Normal/Normal (2144).jpg,0,0_Normal,validation
validation/0_Normal/Normal (2801).jpg,0,0_Normal,validation
train/1_Covid19/COVID-19 (276).jpg,1,1_Covid19,validation
train/0_Normal/Normal (1343).jpg,0,0_Normal,validation
train/2_Pneumonia/Pneumonia-Bacterial (295).jpg,2,2_Pneumonia,validation
train/0_Normal/Normal (1272).jpg,0,0_Normal,validation
train/0_Normal/Normal (533).jpg,0,0_Normal,validation
train/2_Pneumonia/Pneumonia-Bacterial (533).jpg,2,2_Pneumonia,validation
train/0_Normal/Normal (1383).jpg,0,0_Normal,validation
train/2_Pneumonia/Pneumonia-Bacterial (2026).jpg,2,2_Pneumonia,validation
validation/0_Normal/Normal (2867).jpg,0,0_Normal,validation
train/2_Pneumonia/Pneumonia-Bacterial (705).jpg,2,2_Pneumonia,validation
train/0_Normal/Normal (1092).jpg,0,0_Normal,validation
train/2_Pneumonia/Pneumonia-Viral (584).jpg,2,2_Pneumonia,validation
train/1_Covid19/COVID-19 (148).jpg,1,1_Covid19,validation
validation/2_Pneumonia/Pneumonia-Viral (1402).jpg,2,2_Pneumonia,validation
train/2_Pneumonia/Pneumonia-Bacterial (2473).jpg,2,2_Pneumonia,validation
validation/2_Pneumonia/Pneumonia-Viral (1048).jpg,2,2_Pneumonia,validation
train/1_Covid19/COVID-19 (318).jpg,1,1_Covid19,validation
train/0_Normal/Normal (1363).jpg,0,0_Normal,validation
train/0_Normal/Normal (169).jpg,0,0_Normal,validation
train/0_Normal/Normal (1534).jpg,0,0_Normal,validation
train/2_Pneumonia/Pneumonia-Bacterial (1250).jpg,2,2_Pneumonia,validation
train/0_Normal/Normal (1271).jpg,0,0_Normal,validation
train/2_Pneumonia/Pneumonia-Viral (433).jpg,2,2_Pneumonia,validation
train/2_Pneumonia/Pneumonia-Bacterial (1442).jpg,2,2_Pneumonia,validation
train/2_Pneumonia/Pneumonia-Bacterial (1982).jpg,2,2_Pneumonia,validation
train/2_Pneumonia/Pneumonia-Bacterial (1631).jpg,2,2_Pneumonia,validation
train/2_Pneumonia/Pneumonia-Bacterial (841).jpg,2,2_Pneumonia,validation
train/2_Pneumonia/Pneumonia-Viral (721).jpg,2,2_Pneumonia,validation
validation/0_Normal/Normal (2786).jpg,0,0_Normal,validation
train/0_Normal/Normal (1568).jpg,0,0_Normal,validation
train/0_Normal/Normal (2447).jpg,0,0_Normal,validation
train/1_Covid19/COVID-19 (382).jpg,1,1_Covid19,validation
validation/2_Pneumonia/Pneumonia-Viral (994).jpg,2,2_Pneumonia,validation
train/2_Pneumonia/Pneumonia-Bacterial (1522).jpg,2,2_Pneumonia,validation
train/0_Normal/Normal (1507).jpg,0,0_Normal,validation
train/0_Normal/Normal (1074).jpg,0,0_Normal,validation
train/0_Normal/Normal (65).jpg,0,0_Normal,validation
train/0_Normal/Normal (1733).jpg,0,0_Normal,validation
validation/2_Pneumonia/Pneumonia-Viral (995).jpg,2,2_Pneumonia,validation
train/2_Pneumonia/Pneumonia-Viral (499).jpg,2,2_Pneumonia,validation
train/2_Pneumonia/Pneumonia-Viral (151).jpg,2,2_Pneumonia,validation
train/2_Pneumonia/Pneumonia-Bacterial (2979).jpg,2,2_Pneumonia,validation
train/2_Pneumonia/Pneumonia-Bacterial (2439).jpg,2,2_Pneumonia,validation
train/2_Pneumonia/Pneumonia-Bacterial (2828).jpg,2,2_Pneumonia,validation
train/0_Normal/Normal (629).jpg,0,0_Normal,validation
train/0_Normal/Normal (2265).jpg,0,0_Normal,validation
validation/0_Normal/Normal (2763).jpg,0,0_Normal,validation
train/2_Pneumonia/Pneumonia-Bacterial (451).jpg,2,2_Pneumonia,validation
train/0_Normal/Normal (2158).jpg,0,0_Normal,validation
train/2_Pneumonia/Pneumonia-Bacterial (2406).jpg,2,2_Pneumonia,validation
validation/0_Normal/Normal (2653).jpg,0,0_Normal,validation
train/1_Covid19/COVID-19 (571).jpg,1,1_Covid19,validation
train/0_Normal/Normal (100).jpg,0,0_Normal,validation
train/1_Covid19/COVID-19 (727).jpg,1,1_Covid19,validation
train/0_Normal/Normal (1985).jpg,0,0_Normal,validation
train/2_Pneumonia/Pneumonia-Bacterial (1851).jpg,2,2_Pneumonia,validation
validation/1_Covid19/COVID-19 (1181).jpg,1,1_Covid19,validation
train/0_Normal/Normal (75).jpg,0,0_Normal,validation
train/2_Pneumonia/Pneumonia-Viral (289).jpg,2,2_Pneumonia,validation
train/0_Normal/Normal (956).jpg,0,0_Normal,validation
train/1_Covid19/COVID-19 (215).jpg,1,1_Covid19,validation
train/2_Pneumonia/Pneumonia-Bacterial (386).jpg,2,2_Pneumonia,validation
train/2_Pneumonia/Pneumonia-Bacterial (1021).jpg,2,2_Pneumonia,validation
train/2_Pneumonia/Pneumonia-Bacterial (1209).jpg,2,2_Pneumonia,validation
train/2_Pneumonia/Pneumonia-Viral (188).jpg,2,2_Pneumonia,validation
validation/0_Normal/Normal (3083).jpg,0,0_Normal,validation
train/2_Pneumonia/Pneumonia-Viral (473).jpg,2,2_Pneumonia,validation
train/0_Normal/Normal (2094).jpg,0,0_Normal,validation
train/2_Pneumonia/Pneumonia-Viral (143).jpg,2,2_Pneumonia,validation
train/2_Pneumonia/Pneumonia-Bacterial (2649).jpg,2,2_Pneumonia,validation
train/2_Pneumonia/Pneumonia-Bacterial (2568).jpg,2,2_Pneumonia,validation
train/0_Normal/Normal (1944).jpg,0,0_Normal,validation
train/2_Pneumonia/Pneumonia-Bacterial (596).jpg,2,2_Pneumonia,validation
train/2_Pneumonia/Pneumonia-Bacterial (2185).jpg,2,2_Pneumonia,validation
train/1_Covid19/COVID-19 (812).jpg,1,1_Covid19,validation
train/2_Pneumonia/Pneumonia-Bacterial (1724).jpg,2,2_Pneumonia,validation
train/0_Normal/Normal (415).jpg,0,0_Normal,validation
validation/2_Pneumonia/Pneumonia-Viral (850).jpg,2,2_Pneumonia,validation
train/2_Pneumonia/Pneumonia-Bacterial (2840).jpg,2,2_Pneumonia,validation
train/0_Normal/Normal (808).jpg,0,0_Normal,validation
train/2_Pneumonia/Pneumonia-Bacterial (2936).jpg,2,2_Pneumonia,validation
train/1_Covid19/COVID-19 (193).jpg,1,1_Covid19,validation
train/2_Pneumonia/Pneumonia-Viral (293).jpg,2,2_Pneumonia,validation
validation/0_Normal/Normal (2994).jpg,0,0_Normal,validation
validation/2_Pneumonia/Pneumonia-Viral (749).jpg,2,2_Pneumonia,validation
train/0_Normal/Normal (2570).jpg,0,0_Normal,validation
train/0_Normal/Normal (2505).jpg,0,0_Normal,validation
train/2_Pneumonia/Pneumonia-Viral (350).jpg,2,2_Pneumonia,validation
train/2_Pneumonia/Pneumonia-Bacterial (2503).jpg,2,2_Pneumonia,validation
train/2_Pneumonia/Pneumonia-Viral (164).jpg,2,2_Pneumonia,validation
train/1_Covid19/COVID-19 (670).jpg,1,1_Covid19,validation
train/2_Pneumonia/Pneumonia-Bacterial (1461).jpg,2,2_Pneumonia,validation
validation/2_Pneumonia/Pneumonia-Viral (1072).jpg,2,2_Pneumonia,validation
validation/2_Pneumonia/Pneumonia-Viral (839).jpg,2,2_Pneumonia,validation
train/2_Pneumonia/Pneumonia-Bacterial (2394).jpg,2,2_Pneumonia,validation
train/0_Normal/Normal (1543).jpg,0,0_Normal,validation
train/2_Pneumonia/Pneumonia-Bacterial (138).jpg,2,2_Pneumonia,validation
train/2_Pneumonia/Pneumonia-Bacterial (2542).jpg,2,2_Pneumonia,validation
validation/0_Normal/Normal (2680).jpg,0,0_Normal,validation
validation/2_Pneumonia/Pneumonia-Viral (980).jpg,2,2_Pneumonia,validation
validation/1_Covid19/COVID-19 (1236).jpg,1,1_Covid19,validation
validation/0_Normal/Normal (2789).jpg,0,0_Normal,validation
train/2_Pneumonia/Pneumonia-Viral (611).jpg,2,2_Pneumonia,validation
train/2_Pneumonia/Pneumonia-Bacterial (2804).jpg,2,2_Pneumonia,validation
train/2_Pneumonia/Pneumonia-Bacterial (523).jpg,2,2_Pneumonia,validation
train/0_Normal/Normal (1562).jpg,0,0_Normal,validation
train/0_Normal/Normal (2357).jpg,0,0_Normal,validation
train/0_Normal/Normal (735).jpg,0,0_Normal,validation
train/2_Pneumonia/Pneumonia-Bacterial (2220).jpg,2,2_Pneumonia,validation
train/1_Covid19/COVID-19 (253).jpg,1,1_Covid19,validation
train/2_Pneumonia/Pneumonia-Viral (30).jpg,2,2_Pneumonia,validation
train/2_Pneumonia/Pneumonia-Bacterial (623).jpg,2,2_Pneumonia,validation
train/0_Normal/Normal (678).jpg,0,0_Normal,validation
train/2_Pneumonia/Pneumonia-Viral (690).jpg,2,2_Pneumonia,validation
train/0_Normal/Normal (2472).jpg,0,0_Normal,validation
train/0_Normal/Normal (780).jpg,0,0_Normal,validation
train/2_Pneumonia/Pneumonia-Bacterial (2591).jpg,2,2_Pneumonia,validation
validation/2_Pneumonia/Pneumonia-Viral (1466).jpg,2,2_Pneumonia,validation
train/0_Normal/Normal (942).jpg,0,0_Normal,validation
train/0_Normal/Normal (142).jpg,0,0_Normal,validation
train/2_Pneumonia/Pneumonia-Bacterial (396).jpg,2,2_Pneumonia,validation
train/2_Pneumonia/Pneumonia-Bacterial (1216).jpg,2,2_Pneumonia,validation
train/1_Covid19/COVID-19 (57).jpg,1,1_Covid19,validation
train/2_Pneumonia/Pneumonia-Bacterial (1030).jpg,2,2_Pneumonia,validation
train/1_Covid19/COVID-19 (206).jpg,1,1_Covid19,validation
validation/2_Pneumonia/Pneumonia-Viral (931).jpg,2,2_Pneumonia,validation
train/2_Pneumonia/Pneumonia-Bacterial (767).jpg,2,2_Pneumonia,validation
train/2_Pneumonia/Pneumonia-Bacterial (1029).jpg,2,2_Pneumonia,validation
train/2_Pneumonia/Pneumonia-Bacterial (1551).jpg,2,2_Pneumonia,validation
train/2_Pneumonia/Pneumonia-Bacterial (803).jpg,2,2_Pneumonia,validation
validation/1_Covid19/COVID-19 (1121).jpg,1,1_Covid19,validation
train/2_Pneumonia/Pneumonia-Bacterial (852).jpg,2,2_Pneumonia,validation
train/0_Normal/Normal (822).jpg,0,0_Normal,validation
train/2_Pneumonia/Pneumonia-Viral (649).jpg,2,2_Pneumonia,validation
validation/2_Pneumonia/Pneumonia-Viral (778).jpg,2,2_Pneumonia,validation
train/0_Normal/Normal (1775).jpg,0,0_Normal,validation
train/0_Normal/Normal (1710).jpg,0,0_Normal,validation
train/2_Pneumonia/Pneumonia-Bacterial (1995).jpg,2,2_Pneumonia,validation
train/2_Pneumonia/Pneumonia-Viral (95).jpg,2,2_Pneumonia,validation
train/0_Normal/Normal (55).jpg,0,0_Normal,validation
train/2_Pneumonia/Pneumonia-Viral (45).jpg,2,2_Pneumonia,validation
train/0_Normal/Normal (598).jpg,0,0_Normal,validation
train/2_Pneumonia/Pneumonia-Viral (559).jpg,2,2_Pneumonia,validation
validation/2_Pneumonia/Pneumonia-Viral (1438).jpg,2,2_Pneumonia,validation
train/0_Normal/Normal (1284).jpg,0,0_Normal,validation
train/0_Normal/Normal (494).jpg,0,0_Normal,validation
train/0_Normal/Normal (703).jpg,0,0_Normal,validation
train/1_Covid19/COVID-19 (153).jpg,1,1_Covid19,validation
train/0_Normal/Normal (2347).jpg,0,0_Normal,validation
train/0_Normal/Normal (880).jpg,0,0_Normal,validation
train/2_Pneumonia/Pneumonia-Bacterial (2885).jpg,2,2_Pneumonia,validation
train/2_Pneumonia/Pneumonia-Bacterial (1334).jpg,2,2_Pneumonia,validation
train/2_Pneumonia/Pneumonia-Bacterial (2843).jpg,2,2_Pneumonia,validation
train/0_Normal/Normal (480).jpg,0,0_Normal,validation
validation/2_Pneumonia/Pneumonia-Viral (1200).jpg,2,2_Pneumonia,validation
train/2_Pneumonia/Pneumonia-Bacterial (864).jpg,2,2_Pneumonia,validation
train/2_Pneumonia/Pneumonia-Bacterial (1939).jpg,2,2_Pneumonia,validation
train/2_Pneumonia/Pneumonia-Bacterial (1139).jpg,2,2_Pneumonia,validation
train/2_Pneumonia/Pneumonia-Bacterial (1487).jpg,2,2_Pneumonia,validation
train/2_Pneumonia/Pneumonia-Bacterial (685).jpg,2,2_Pneumonia,validation
train/0_Normal/Normal (547).jpg,0,0_Normal,validation
train/2_Pneumonia/Pneumonia-Bacterial (1951).jpg,2,2_Pneumonia,validation
train/0_Normal/Normal (2225).jpg,0,0_Normal,validation
train/0_Normal/Normal (477).jpg,0,0_Normal,validation
validation/1_Covid19/COVID-19 (1224).jpg,1,1_Covid19,validation
train/0_Normal/Normal (737).jpg,0,0_Normal,validation
validation/0_Normal/Normal (3161).jpg,0,0_Normal,validation
train/2_Pneumonia/Pneumonia-Bacterial (61).jpg,2,2_Pneumonia,validation
train/2_Pneumonia/Pneumonia-Bacterial (1095).jpg,2,2_Pneumonia,validation
train/2_Pneumonia/Pneumonia-Bacterial (2685).jpg,2,2_Pneumonia,validation
train/2_Pneumonia/Pneumonia-Bacterial (1005).jpg,2,2_Pneumonia,validation
train/0_Normal/Normal (583).jpg,0,0_Normal,validation
train/2_Pneumonia/Pneumonia-Viral (314).jpg,2,2_Pneumonia,validation
train/0_Normal/Normal (515).jpg,0,0_Normal,validation
train/2_Pneumonia/Pneumonia-Bacterial (2156).jpg,2,2_Pneumonia,validation
train/1_Covid19/COVID-19 (442).jpg,1,1_Covid19,validation
train/1_Covid19/COVID-19 (415).jpg,1,1_Covid19,validation
train/2_Pneumonia/Pneumonia-Viral (403).jpg,2,2_Pneumonia,validation
train/0_Normal/Normal (310).jpg,0,0_Normal,validation
validation/0_Normal/Normal (3125).jpg,0,0_Normal,validation
validation/2_Pneumonia/Pneumonia-Viral (836).jpg,2,2_Pneumonia,validation
validation/2_Pneumonia/Pneumonia-Viral (1578).jpg,2,2_Pneumonia,validation
train/0_Normal/Normal (223).jpg,0,0_Normal,validation
train/2_Pneumonia/Pneumonia-Bacterial (1545).jpg,2,2_Pneumonia,validation
train/2_Pneumonia/Pneumonia-Bacterial (2631).jpg,2,2_Pneumonia,validation
train/2_Pneumonia/Pneumonia-Bacterial (904).jpg,2,2_Pneumonia,validation
validation/0_Normal/Normal (3167).jpg,0,0_Normal,validation
train/0_Normal/Normal (1027).jpg,0,0_Normal,validation
train/2_Pneumonia/Pneumonia-Bacterial (2658).jpg,2,2_Pneumonia,validation
train/2_Pneumonia/Pneumonia-Bacterial (1632).jpg,2,2_Pneumonia,validation
train/0_Normal/Normal (870).jpg,0,0_Normal,validation
train/0_Normal/Normal (408).jpg,0,0_Normal,validation
validation/0_Normal/Normal (3202).jpg,0,0_Normal,validation
train/0_Normal/Normal (813).jpg,0,0_Normal,validation
train/2_Pneumonia/Pneumonia-Bacterial (1233).jpg,2,2_Pneumonia,validation
validation/2_Pneumonia/Pneumonia-Viral (1505).jpg,2,2_Pneumonia,validation
train/2_Pneumonia/Pneumonia-Bacterial (541).jpg,2,2_Pneumonia,validation
train/1_Covid19/COVID-19 (930).jpg,1,1_Covid19,validation
train/1_Covid19/COVID-19 (650).jpg,1,1_Covid19,validation
train/2_Pneumonia/Pneumonia-Bacterial (1889).jpg,2,2_Pneumonia,validation
train/2_Pneumonia/Pneumonia-Bacterial (1512).jpg,2,2_Pneumonia,validation
train/2_Pneumonia/Pneumonia-Bacterial (55).jpg,2,2_Pneumonia,validation
train/2_Pneumonia/Pneumonia-Bacterial (1121).jpg,2,2_Pneumonia,validation
train/1_Covid19/COVID-19 (128).jpg,1,1_Covid19,validation
train/2_Pneumonia/Pneumonia-Bacterial (1904).jpg,2,2_Pneumonia,validation
train/2_Pneumonia/Pneumonia-Viral (294).jpg,2,2_Pneumonia,validation
train/0_Normal/Normal (2465).jpg,0,0_Normal,validation
train/2_Pneumonia/Pneumonia-Viral (592).jpg,2,2_Pneumonia,validation
train/0_Normal/Normal (876).jpg,0,0_Normal,validation
train/2_Pneumonia/Pneumonia-Bacterial (524).jpg,2,2_Pneumonia,validation
validation/1_Covid19/COVID-19 (1088).jpg,1,1_Covid19,validation
train/2_Pneumonia/Pneumonia-Bacterial (2229).jpg,2,2_Pneumonia,validation
train/2_Pneumonia/Pneumonia-Bacterial (1484).jpg,2,2_Pneumonia,validation
validation/0_Normal/Normal (3230).jpg,0,0_Normal,validation
validation/2_Pneumonia/Pneumonia-Viral (1382).jpg,2,2_Pneumonia,validation
train/2_Pneumonia/Pneumonia-Bacterial (2071).jpg,2,2_Pneumonia,validation
train/0_Normal/Normal (856).jpg,0,0_Normal,validation
train/2_Pneumonia/Pneumonia-Viral (316).jpg,2,2_Pneumonia,validation
train/0_Normal/Normal (1708).jpg,0,0_Normal,validation
train/1_Covid19/COVID-19 (646).jpg,1,1_Covid19,validation
train/0_Normal/Normal (1019).jpg,0,0_Normal,validation
validation/0_Normal/Normal (2631).jpg,0,0_Normal,validation
validation/0_Normal/Normal (3029).jpg,0,0_Normal,validation
train/2_Pneumonia/Pneumonia-Bacterial (1402).jpg,2,2_Pneumonia,validation
train/2_Pneumonia/Pneumonia-Bacterial (1891).jpg,2,2_Pneumonia,validation
train/2_Pneumonia/Pneumonia-Viral (356).jpg,2,2_Pneumonia,validation
train/1_Covid19/COVID-19 (222).jpg,1,1_Covid19,validation
train/2_Pneumonia/Pneumonia-Bacterial (2870).jpg,2,2_Pneumonia,validation
train/2_Pneumonia/Pneumonia-Viral (557).jpg,2,2_Pneumonia,validation
validation/2_Pneumonia/Pneumonia-Viral (1363).jpg,2,2_Pneumonia,validation
validation/0_Normal/Normal (2998).jpg,0,0_Normal,validation
validation/0_Normal/Normal (3179).jpg,0,0_Normal,validation
train/2_Pneumonia/Pneumonia-Bacterial (246).jpg,2,2_Pneumonia,validation
train/2_Pneumonia/Pneumonia-Bacterial (936).jpg,2,2_Pneumonia,validation
train/2_Pneumonia/Pneumonia-Bacterial (33).jpg,2,2_Pneumonia,validation
train/0_Normal/Normal (1410).jpg,0,0_Normal,validation
train/1_Covid19/COVID-19 (544).jpg,1,1_Covid19,validation
validation/2_Pneumonia/Pneumonia-Viral (1015).jpg,2,2_Pneumonia,validation
train/0_Normal/Normal (1983).jpg,0,0_Normal,validation
validation/2_Pneumonia/Pneumonia-Viral (1273).jpg,2,2_Pneumonia,validation
train/0_Normal/Normal (960).jpg,0,0_Normal,validation
train/2_Pneumonia/Pneumonia-Bacterial (2775).jpg,2,2_Pneumonia,validation
train/0_Normal/Normal (2275).jpg,0,0_Normal,validation
train/2_Pneumonia/Pneumonia-Bacterial (2884).jpg,2,2_Pneumonia,validation
train/0_Normal/Normal (1776).jpg,0,0_Normal,validation
train/1_Covid19/COVID-19 (230).jpg,1,1_Covid19,validation
train/1_Covid19/COVID-19 (803).jpg,1,1_Covid19,validation
train/2_Pneumonia/Pneumonia-Bacterial (996).jpg,2,2_Pneumonia,validation
train/0_Normal/Normal (2404).jpg,0,0_Normal,validation
train/0_Normal/Normal (804).jpg,0,0_Normal,validation
train/2_Pneumonia/Pneumonia-Bacterial (2922).jpg,2,2_Pneumonia,validation
train/0_Normal/Normal (1548).jpg,0,0_Normal,validation
train/2_Pneumonia/Pneumonia-Bacterial (2720).jpg,2,2_Pneumonia,validation
train/2_Pneumonia/Pneumonia-Bacterial (2028).jpg,2,2_Pneumonia,validation
train/2_Pneumonia/Pneumonia-Viral (490).jpg,2,2_Pneumonia,validation
train/2_Pneumonia/Pneumonia-Bacterial (1518).jpg,2,2_Pneumonia,validation
train/0_Normal/Normal (1742).jpg,0,0_Normal,validation
train/0_Normal/Normal (1660).jpg,0,0_Normal,validation
train/2_Pneumonia/Pneumonia-Bacterial (1472).jpg,2,2_Pneumonia,validation
validation/0_Normal/Normal (3011).jpg,0,0_Normal,validation
train/1_Covid19/COVID-19 (310).jpg,1,1_Covid19,validation
train/2_Pneumonia/Pneumonia-Bacterial (2635).jpg,2,2_Pneumonia,validation
train/0_Normal/Normal (120).jpg,0,0_Normal,validation
train/2_Pneumonia/Pneumonia-Bacterial (2089).jpg,2,2_Pneumonia,validation
train/1_Covid19/COVID-19 (527).jpg,1,1_Covid19,validation
train/0_Normal/Normal (868).jpg,0,0_Normal,validation
train/0_Normal/Normal (1592).jpg,0,0_Normal,validation
train/2_Pneumonia/Pneumonia-Bacterial (522).jpg,2,2_Pneumonia,validation
train/2_Pneumonia/Pneumonia-Bacterial (2032).jpg,2,2_Pneumonia,validation
validation/2_Pneumonia/Pneumonia-Viral (1609).jpg,2,2_Pneumonia,validation
train/2_Pneumonia/Pneumonia-Bacterial (1368).jpg,2,2_Pneumonia,validation
train/0_Normal/Normal (1952).jpg,0,0_Normal,validation
train/0_Normal/Normal (1573).jpg,0,0_Normal,validation
train/0_Normal/Normal (610).jpg,0,0_Normal,validation
train/0_Normal/Normal (2430).jpg,0,0_Normal,validation
train/0_Normal/Normal (1684).jpg,0,0_Normal,validation
train/1_Covid19/COVID-19 (667).jpg,1,1_Covid19,validation
train/2_Pneumonia/Pneumonia-Bacterial (2031).jpg,2,2_Pneumonia,validation
train/1_Covid19/COVID-19 (805).jpg,1,1_Covid19,validation
train/2_Pneumonia/Pneumonia-Viral (632).jpg,2,2_Pneumonia,validation
validation/2_Pneumonia/Pneumonia-Viral (1534).jpg,2,2_Pneumonia,validation
train/0_Normal/Normal (2356).jpg,0,0_Normal,validation
train/2_Pneumonia/Pneumonia-Bacterial (2024).jpg,2,2_Pneumonia,validation
validation/2_Pneumonia/Pneumonia-Viral (970).jpg,2,2_Pneumonia,validation
validation/2_Pneumonia/Pneumonia-Viral (1298).jpg,2,2_Pneumonia,validation
train/0_Normal/Normal (832).jpg,0,0_Normal,validation
train/1_Covid19/COVID-19 (866).jpg,1,1_Covid19,validation
train/0_Normal/Normal (2067).jpg,0,0_Normal,validation
validation/0_Normal/Normal (3003).jpg,0,0_Normal,validation
train/2_Pneumonia/Pneumonia-Bacterial (2831).jpg,2,2_Pneumonia,validation
train/2_Pneumonia/Pneumonia-Bacterial (2068).jpg,2,2_Pneumonia,validation
train/0_Normal/Normal (173).jpg,0,0_Normal,validation
validation/2_Pneumonia/Pneumonia-Viral (912).jpg,2,2_Pneumonia,validation
train/2_Pneumonia/Pneumonia-Bacterial (3000).jpg,2,2_Pneumonia,validation
validation/2_Pneumonia/Pneumonia-Viral (1582).jpg,2,2_Pneumonia,validation
train/0_Normal/Normal (1133).jpg,0,0_Normal,validation
train/0_Normal/Normal (996).jpg,0,0_Normal,validation
validation/1_Covid19/COVID-19 (1190).jpg,1,1_Covid19,validation
train/2_Pneumonia/Pneumonia-Bacterial (808).jpg,2,2_Pneumonia,validation
train/2_Pneumonia/Pneumonia-Bacterial (45).jpg,2,2_Pneumonia,validation
train/2_Pneumonia/Pneumonia-Bacterial (1561).jpg,2,2_Pneumonia,validation
train/0_Normal/Normal (1122).jpg,0,0_Normal,validation
train/0_Normal/Normal (1833).jpg,0,0_Normal,validation
train/0_Normal/Normal (2148).jpg,0,0_Normal,validation
train/0_Normal/Normal (788).jpg,0,0_Normal,validation
train/0_Normal/Normal (577).jpg,0,0_Normal,validation
validation/2_Pneumonia/Pneumonia-Viral (1192).jpg,2,2_Pneumonia,validation
train/0_Normal/Normal (1800).jpg,0,0_Normal,validation
train/2_Pneumonia/Pneumonia-Viral (360).jpg,2,2_Pneumonia,validation
train/1_Covid19/COVID-19 (818).jpg,1,1_Covid19,validation
validation/2_Pneumonia/Pneumonia-Viral (1230) (1).jpg,2,2_Pneumonia,validation
train/0_Normal/Normal (1790).jpg,0,0_Normal,validation
train/2_Pneumonia/Pneumonia-Bacterial (2150).jpg,2,2_Pneumonia,validation
train/0_Normal/Normal (2128).jpg,0,0_Normal,validation
train/2_Pneumonia/Pneumonia-Viral (662).jpg,2,2_Pneumonia,validation
train/1_Covid19/COVID-19 (903).jpg,1,1_Covid19,validation
train/0_Normal/Normal (164).jpg,0,0_Normal,validation
train/2_Pneumonia/Pneumonia-Bacterial (778).jpg,2,2_Pneumonia,validation
validation/0_Normal/Normal (2843).jpg,0,0_Normal,validation
validation/1_Covid19/COVID-19 (1174).jpg,1,1_Covid19,validation
train/0_Normal/Normal (115).jpg,0,0_Normal,validation
validation/0_Normal/Normal (2630).jpg,0,0_Normal,validation
train/2_Pneumonia/Pneumonia-Bacterial (870).jpg,2,2_Pneumonia,validation
train/0_Normal/Normal (2125).jpg,0,0_Normal,validation
validation/2_Pneumonia/Pneumonia-Viral (1315).jpg,2,2_Pneumonia,validation
validation/2_Pneumonia/Pneumonia-Viral (1109).jpg,2,2_Pneumonia,validation
train/2_Pneumonia/Pneumonia-Viral (431).jpg,2,2_Pneumonia,validation
train/2_Pneumonia/Pneumonia-Bacterial (2585).jpg,2,2_Pneumonia,validation
train/1_Covid19/COVID-19 (326).jpg,1,1_Covid19,validation
train/0_Normal/Normal (1099).jpg,0,0_Normal,validation
train/0_Normal/Normal (1362).jpg,0,0_Normal,validation
train/0_Normal/Normal (662).jpg,0,0_Normal,validation
train/0_Normal/Normal (1894).jpg,0,0_Normal,validation
train/2_Pneumonia/Pneumonia-Bacterial (1482).jpg,2,2_Pneumonia,validation
train/2_Pneumonia/Pneumonia-Bacterial (1371).jpg,2,2_Pneumonia,validation
train/0_Normal/Normal (1087).jpg,0,0_Normal,validation
train/2_Pneumonia/Pneumonia-Bacterial (846).jpg,2,2_Pneumonia,validation
validation/0_Normal/Normal (2750).jpg,0,0_Normal,validation
validation/0_Normal/Normal (3030).jpg,0,0_Normal,validation
validation/2_Pneumonia/Pneumonia-Viral (1146).jpg,2,2_Pneumonia,validation
train/2_Pneumonia/Pneumonia-Bacterial (360).jpg,2,2_Pneumonia,validation
validation/0_Normal/Normal (3043).jpg,0,0_Normal,validation
validation/0_Normal/Normal (3165).jpg,0,0_Normal,validation
validation/0_Normal/Normal (2958).jpg,0,0_Normal,validation
train/1_Covid19/COVID-19 (852).jpg,1,1_Covid19,validation
validation/0_Normal/Normal (2931).jpg,0,0_Normal,validation
train/0_Normal/Normal (209).jpg,0,0_Normal,validation
train/0_Normal/Normal (840).jpg,0,0_Normal,validation
train/2_Pneumonia/Pneumonia-Bacterial (539).jpg,2,2_Pneumonia,validation
train/2_Pneumonia/Pneumonia-Viral (84).jpg,2,2_Pneumonia,validation
validation/2_Pneumonia/Pneumonia-Viral (1167).jpg,2,2_Pneumonia,validation
train/0_Normal/Normal (2398).jpg,0,0_Normal,validation
train/2_Pneumonia/Pneumonia-Viral (504).jpg,2,2_Pneumonia,validation
train/2_Pneumonia/Pneumonia-Bacterial (1862).jpg,2,2_Pneumonia,validation
train/2_Pneumonia/Pneumonia-Bacterial (1833).jpg,2,2_Pneumonia,validation
train/0_Normal/Normal (1407).jpg,0,0_Normal,validation
train/2_Pneumonia/Pneumonia-Bacterial (2326).jpg,2,2_Pneumonia,validation
train/0_Normal/Normal (155).jpg,0,0_Normal,validation
train/2_Pneumonia/Pneumonia-Bacterial (2663).jpg,2,2_Pneumonia,validation
train/2_Pneumonia/Pneumonia-Bacterial (1997).jpg,2,2_Pneumonia,validation
train/0_Normal/Normal (1651).jpg,0,0_Normal,validation
train/2_Pneumonia/Pneumonia-Bacterial (102).jpg,2,2_Pneumonia,validation
train/2_Pneumonia/Pneumonia-Bacterial (1385).jpg,2,2_Pneumonia,validation
train/1_Covid19/COVID-19 (787).jpg,1,1_Covid19,validation
train/2_Pneumonia/Pneumonia-Bacterial (2419).jpg,2,2_Pneumonia,validation
train/0_Normal/Normal (907).jpg,0,0_Normal,validation
validation/2_Pneumonia/Pneumonia-Viral (1233).jpg,2,2_Pneumonia,validation
train/0_Normal/Normal (595).jpg,0,0_Normal,validation
train/2_Pneumonia/Pneumonia-Viral (83).jpg,2,2_Pneumonia,validation
train/0_Normal/Normal (2387).jpg,0,0_Normal,validation
train/0_Normal/Normal (1610).jpg,0,0_Normal,validation
train/2_Pneumonia/Pneumonia-Bacterial (1614).jpg,2,2_Pneumonia,validation
train/2_Pneumonia/Pneumonia-Viral (306).jpg,2,2_Pneumonia,validation
train/0_Normal/Normal (753).jpg,0,0_Normal,validation
train/0_Normal/Normal (1156).jpg,0,0_Normal,validation
train/0_Normal/Normal (1617).jpg,0,0_Normal,validation
train/0_Normal/Normal (138).jpg,0,0_Normal,validation
train/2_Pneumonia/Pneumonia-Bacterial (666).jpg,2,2_Pneumonia,validation
train/2_Pneumonia/Pneumonia-Bacterial (982).jpg,2,2_Pneumonia,validation
train/1_Covid19/COVID-19 (212).jpg,1,1_Covid19,validation
validation/2_Pneumonia/Pneumonia-Viral (897).jpg,2,2_Pneumonia,validation
validation/2_Pneumonia/Pneumonia-Viral (752).jpg,2,2_Pneumonia,validation
train/2_Pneumonia/Pneumonia-Bacterial (1776).jpg,2,2_Pneumonia,validation
train/1_Covid19/COVID-19 (830).jpg,1,1_Covid19,validation
train/2_Pneumonia/Pneumonia-Viral (319).jpg,2,2_Pneumonia,validation
train/2_Pneumonia/Pneumonia-Bacterial (1161).jpg,2,2_Pneumonia,validation
train/2_Pneumonia/Pneumonia-Bacterial (2953).jpg,2,2_Pneumonia,validation
train/2_Pneumonia/Pneumonia-Viral (456).jpg,2,2_Pneumonia,validation
train/2_Pneumonia/Pneumonia-Bacterial (1182).jpg,2,2_Pneumonia,validation
train/0_Normal/Normal (831).jpg,0,0_Normal,validation
train/2_Pneumonia/Pneumonia-Bacterial (425).jpg,2,2_Pneumonia,validation
train/0_Normal/Normal (2501).jpg,0,0_Normal,validation
train/1_Covid19/COVID-19 (835).jpg,1,1_Covid19,validation
train/2_Pneumonia/Pneumonia-Viral (588).jpg,2,2_Pneumonia,validation
validation/2_Pneumonia/Pneumonia-Viral (1040).jpg,2,2_Pneumonia,validation
train/0_Normal/Normal (980).jpg,0,0_Normal,validation
train/2_Pneumonia/Pneumonia-Bacterial (698).jpg,2,2_Pneumonia,validation
train/2_Pneumonia/Pneumonia-Bacterial (215).jpg,2,2_Pneumonia,validation
train/2_Pneumonia/Pneumonia-Bacterial (772).jpg,2,2_Pneumonia,validation
validation/0_Normal/Normal (3079).jpg,0,0_Normal,validation
train/0_Normal/Normal (2085).jpg,0,0_Normal,validation
train/0_Normal/Normal (424).jpg,0,0_Normal,validation
train/2_Pneumonia/Pneumonia-Bacterial (2504).jpg,2,2_Pneumonia,validation
validation/2_Pneumonia/Pneumonia-Viral (1608).jpg,2,2_Pneumonia,validation
train/2_Pneumonia/Pneumonia-Bacterial (1076).jpg,2,2_Pneumonia,validation
train/2_Pneumonia/Pneumonia-Bacterial (2697).jpg,2,2_Pneumonia,validation
train/2_Pneumonia/Pneumonia-Bacterial (134).jpg,2,2_Pneumonia,validation
train/1_Covid19/COVID-19 (134).jpg,1,1_Covid19,validation
validation/2_Pneumonia/Pneumonia-Viral (1502).jpg,2,2_Pneumonia,validation
train/0_Normal/Normal (2489).jpg,0,0_Normal,validation
train/2_Pneumonia/Pneumonia-Viral (190).jpg,2,2_Pneumonia,validation
validation/2_Pneumonia/Pneumonia-Viral (1403).jpg,2,2_Pneumonia,validation
train/0_Normal/Normal (2473).jpg,0,0_Normal,validation
train/0_Normal/Normal (485).jpg,0,0_Normal,validation
train/2_Pneumonia/Pneumonia-Bacterial (2636).jpg,2,2_Pneumonia,validation
validation/0_Normal/Normal (2707).jpg,0,0_Normal,validation
train/2_Pneumonia/Pneumonia-Bacterial (2954).jpg,2,2_Pneumonia,validation
train/2_Pneumonia/Pneumonia-Bacterial (1516).jpg,2,2_Pneumonia,validation
train/2_Pneumonia/Pneumonia-Bacterial (126).jpg,2,2_Pneumonia,validation
validation/1_Covid19/COVID-19 (1097).jpg,1,1_Covid19,validation
train/0_Normal/Normal (2614).jpg,0,0_Normal,validation
train/2_Pneumonia/Pneumonia-Bacterial (1809).jpg,2,2_Pneumonia,validation
train/2_Pneumonia/Pneumonia-Bacterial (1147).jpg,2,2_Pneumonia,validation
validation/2_Pneumonia/Pneumonia-Viral (1616).jpg,2,2_Pneumonia,validation
train/0_Normal/Normal (482).jpg,0,0_Normal,validation
train/2_Pneumonia/Pneumonia-Bacterial (1674).jpg,2,2_Pneumonia,validation
train/1_Covid19/COVID-19 (13).jpg,1,1_Covid19,validation
validation/2_Pneumonia/Pneumonia-Viral (998).jpg,2,2_Pneumonia,validation
train/2_Pneumonia/Pneumonia-Bacterial (1256).jpg,2,2_Pneumonia,validation
train/2_Pneumonia/Pneumonia-Bacterial (1316).jpg,2,2_Pneumonia,validation
train/2_Pneumonia/Pneumonia-Bacterial (2965).jpg,2,2_Pneumonia,validation
validation/2_Pneumonia/Pneumonia-Viral (1591).jpg,2,2_Pneumonia,validation
train/0_Normal/Normal (2002).jpg,0,0_Normal,validation
train/2_Pneumonia/Pneumonia-Viral (49).jpg,2,2_Pneumonia,validation
train/2_Pneumonia/Pneumonia-Bacterial (69).jpg,2,2_Pneumonia,validation
train/2_Pneumonia/Pneumonia-Bacterial (977).jpg,2,2_Pneumonia,validation
train/2_Pneumonia/Pneumonia-Viral (303).jpg,2,2_Pneumonia,validation
train/2_Pneumonia/Pneumonia-Bacterial (497).jpg,2,2_Pneumonia,validation
validation/0_Normal/Normal (3049).jpg,0,0_Normal,validation
train/1_Covid19/COVID-19 (615).jpg,1,1_Covid19,validation
train/0_Normal/Normal (2334).jpg,0,0_Normal,validation
train/0_Normal/Normal (2563).jpg,0,0_Normal,validation
validation/2_Pneumonia/Pneumonia-Viral (996).jpg,2,2_Pneumonia,validation
validation/0_Normal/Normal (2672).jpg,0,0_Normal,validation
train/2_Pneumonia/Pneumonia-Bacterial (1125).jpg,2,2_Pneumonia,validation
train/2_Pneumonia/Pneumonia-Bacterial (671).jpg,2,2_Pneumonia,validation
train/2_Pneumonia/Pneumonia-Viral (222).jpg,2,2_Pneumonia,validation
train/0_Normal/Normal (854).jpg,0,0_Normal,validation
validation/1_Covid19/COVID-19 (1228).jpg,1,1_Covid19,validation
train/0_Normal/Normal (2330).jpg,0,0_Normal,validation
train/2_Pneumonia/Pneumonia-Bacterial (1496).jpg,2,2_Pneumonia,validation
train/0_Normal/Normal (1089).jpg,0,0_Normal,validation
validation/2_Pneumonia/Pneumonia-Viral (829).jpg,2,2_Pneumonia,validation
train/2_Pneumonia/Pneumonia-Bacterial (1020).jpg,2,2_Pneumonia,validation
train/0_Normal/Normal (1455).jpg,0,0_Normal,validation
train/0_Normal/Normal (414).jpg,0,0_Normal,validation
train/2_Pneumonia/Pneumonia-Bacterial (1848).jpg,2,2_Pneumonia,validation
validation/2_Pneumonia/Pneumonia-Viral (950).jpg,2,2_Pneumonia,validation
train/1_Covid19/COVID-19 (538).jpg,1,1_Covid19,validation
train/2_Pneumonia/Pneumonia-Bacterial (352).jpg,2,2_Pneumonia,validation
train/0_Normal/Normal (69).jpg,0,0_Normal,validation
train/0_Normal/Normal (189).jpg,0,0_Normal,validation
validation/1_Covid19/COVID-19 (1263).jpg,1,1_Covid19,validation
train/0_Normal/Normal (1106).jpg,0,0_Normal,validation
train/2_Pneumonia/Pneumonia-Bacterial (620).jpg,2,2_Pneumonia,validation
train/0_Normal/Normal (54).jpg,0,0_Normal,validation
train/1_Covid19/COVID-19 (66).jpg,1,1_Covid19,validation
train/2_Pneumonia/Pneumonia-Bacterial (1177).jpg,2,2_Pneumonia,validation
train/2_Pneumonia/Pneumonia-Bacterial (52).jpg,2,2_Pneumonia,validation
train/0_Normal/Normal (884).jpg,0,0_Normal,validation
validation/1_Covid19/COVID-19 (1117).jpg,1,1_Covid19,validation
train/2_Pneumonia/Pneumonia-Bacterial (2269).jpg,2,2_Pneumonia,validation
train/0_Normal/Normal (2449).jpg,0,0_Normal,validation
validation/2_Pneumonia/Pneumonia-Viral (1371).jpg,2,2_Pneumonia,validation
validation/2_Pneumonia/Pneumonia-Viral (1510).jpg,2,2_Pneumonia,validation
validation/1_Covid19/COVID-19 (1249).jpg,1,1_Covid19,validation
validation/2_Pneumonia/Pneumonia-Viral (787).jpg,2,2_Pneumonia,validation
train/2_Pneumonia/Pneumonia-Bacterial (1931).jpg,2,2_Pneumonia,validation
train/2_Pneumonia/Pneumonia-Bacterial (2096).jpg,2,2_Pneumonia,validation
train/2_Pneumonia/Pneumonia-Viral (123).jpg,2,2_Pneumonia,validation
train/0_Normal/Normal (2310).jpg,0,0_Normal,validation
train/0_Normal/Normal (1462).jpg,0,0_Normal,validation
train/0_Normal/Normal (1173).jpg,0,0_Normal,validation
train/2_Pneumonia/Pneumonia-Viral (534).jpg,2,2_Pneumonia,validation
train/2_Pneumonia/Pneumonia-Viral (532).jpg,2,2_Pneumonia,validation
train/0_Normal/Normal (1175).jpg,0,0_Normal,validation
train/2_Pneumonia/Pneumonia-Viral (184).jpg,2,2_Pneumonia,validation
train/2_Pneumonia/Pneumonia-Bacterial (672).jpg,2,2_Pneumonia,validation
validation/2_Pneumonia/Pneumonia-Viral (1195).jpg,2,2_Pneumonia,validation
validation/2_Pneumonia/Pneumonia-Viral (869).jpg,2,2_Pneumonia,validation
validation/0_Normal/Normal (2737).jpg,0,0_Normal,validation
train/0_Normal/Normal (566).jpg,0,0_Normal,validation
train/2_Pneumonia/Pneumonia-Bacterial (150).jpg,2,2_Pneumonia,validation
train/1_Covid19/COVID-19 (478).jpg,1,1_Covid19,validation
train/0_Normal/Normal (791).jpg,0,0_Normal,validation
train/2_Pneumonia/Pneumonia-Bacterial (2435).jpg,2,2_Pneumonia,validation
train/1_Covid19/COVID-19 (964).jpg,1,1_Covid19,validation
train/0_Normal/Normal (493).jpg,0,0_Normal,validation
train/0_Normal/Normal (924).jpg,0,0_Normal,validation
train/0_Normal/Normal (578).jpg,0,0_Normal,validation
train/1_Covid19/COVID-19 (241).jpg,1,1_Covid19,validation
validation/2_Pneumonia/Pneumonia-Viral (872).jpg,2,2_Pneumonia,validation
train/0_Normal/Normal (2469).jpg,0,0_Normal,validation
train/0_Normal/Normal (1687).jpg,0,0_Normal,validation
train/1_Covid19/COVID-19 (989).jpg,1,1_Covid19,validation
validation/2_Pneumonia/Pneumonia-Viral (790).jpg,2,2_Pneumonia,validation
train/0_Normal/Normal (405).jpg,0,0_Normal,validation
train/1_Covid19/COVID-19 (887).jpg,1,1_Covid19,validation
train/1_Covid19/COVID-19 (587).jpg,1,1_Covid19,validation
train/2_Pneumonia/Pneumonia-Bacterial (915).jpg,2,2_Pneumonia,validation
train/0_Normal/Normal (2548).jpg,0,0_Normal,validation
train/0_Normal/Normal (433).jpg,0,0_Normal,validation
validation/0_Normal/Normal (2844).jpg,0,0_Normal,validation
train/0_Normal/Normal (1079).jpg,0,0_Normal,validation
validation/2_Pneumonia/Pneumonia-Viral (1615).jpg,2,2_Pneumonia,validation
train/2_Pneumonia/Pneumonia-Bacterial (338).jpg,2,2_Pneumonia,validation
train/0_Normal/Normal (192).jpg,0,0_Normal,validation
train/2_Pneumonia/Pneumonia-Bacterial (2360).jpg,2,2_Pneumonia,validation
train/0_Normal/Normal (812).jpg,0,0_Normal,validation
train/2_Pneumonia/Pneumonia-Bacterial (187).jpg,2,2_Pneumonia,validation
train/2_Pneumonia/Pneumonia-Bacterial (1958).jpg,2,2_Pneumonia,validation
train/2_Pneumonia/Pneumonia-Viral (191).jpg,2,2_Pneumonia,validation
train/1_Covid19/COVID-19 (730).jpg,1,1_Covid19,validation
validation/1_Covid19/COVID-19 (1157).jpg,1,1_Covid19,validation
train/2_Pneumonia/Pneumonia-Bacterial (2359).jpg,2,2_Pneumonia,validation
train/2_Pneumonia/Pneumonia-Bacterial (645).jpg,2,2_Pneumonia,validation
train/2_Pneumonia/Pneumonia-Bacterial (2497).jpg,2,2_Pneumonia,validation
train/0_Normal/Normal (609).jpg,0,0_Normal,validation
train/2_Pneumonia/Pneumonia-Viral (483).jpg,2,2_Pneumonia,validation
train/2_Pneumonia/Pneumonia-Bacterial (448).jpg,2,2_Pneumonia,validation
train/0_Normal/Normal (1932).jpg,0,0_Normal,validation
train/2_Pneumonia/Pneumonia-Bacterial (1445).jpg,2,2_Pneumonia,validation
train/2_Pneumonia/Pneumonia-Viral (183).jpg,2,2_Pneumonia,validation
train/1_Covid19/COVID-19 (648).jpg,1,1_Covid19,validation
train/2_Pneumonia/Pneumonia-Bacterial (2559).jpg,2,2_Pneumonia,validation
validation/0_Normal/Normal (3252).jpg,0,0_Normal,validation
train/2_Pneumonia/Pneumonia-Bacterial (2276).jpg,2,2_Pneumonia,validation
train/0_Normal/Normal (605).jpg,0,0_Normal,validation
validation/0_Normal/Normal (2871).jpg,0,0_Normal,validation
train/2_Pneumonia/Pneumonia-Bacterial (1152).jpg,2,2_Pneumonia,validation
train/2_Pneumonia/Pneumonia-Bacterial (2576).jpg,2,2_Pneumonia,validation
train/0_Normal/Normal (357).jpg,0,0_Normal,validation
train/2_Pneumonia/Pneumonia-Bacterial (433).jpg,2,2_Pneumonia,validation
train/1_Covid19/COVID-19 (363).jpg,1,1_Covid19,validation
train/0_Normal/Normal (2422).jpg,0,0_Normal,validation
validation/2_Pneumonia/Pneumonia-Viral (886).jpg,2,2_Pneumonia,validation
train/0_Normal/Normal (1411).jpg,0,0_Normal,validation
validation/0_Normal/Normal (3267).jpg,0,0_Normal,validation
train/2_Pneumonia/Pneumonia-Bacterial (371).jpg,2,2_Pneumonia,validation
train/1_Covid19/COVID-19 (739).jpg,1,1_Covid19,validation
train/2_Pneumonia/Pneumonia-Bacterial (1686).jpg,2,2_Pneumonia,validation
validation/0_Normal/Normal (2697).jpg,0,0_Normal,validation
train/2_Pneumonia/Pneumonia-Viral (167).jpg,2,2_Pneumonia,validation
train/2_Pneumonia/Pneumonia-Bacterial (2230).jpg,2,2_Pneumonia,validation
validation/2_Pneumonia/Pneumonia-Viral (1274).jpg,2,2_Pneumonia,validation
train/1_Covid19/COVID-19 (958).jpg,1,1_Covid19,validation
train/2_Pneumonia/Pneumonia-Bacterial (2325).jpg,2,2_Pneumonia,validation
train/2_Pneumonia/Pneumonia-Bacterial (2616).jpg,2,2_Pneumonia,validation
validation/2_Pneumonia/Pneumonia-Viral (1546).jpg,2,2_Pneumonia,validation
train/0_Normal/Normal (1552).jpg,0,0_Normal,validation
train/2_Pneumonia/Pneumonia-Viral (301).jpg,2,2_Pneumonia,validation
validation/0_Normal/Normal (2666).jpg,0,0_Normal,validation
validation/2_Pneumonia/Pneumonia-Viral (986).jpg,2,2_Pneumonia,validation
validation/2_Pneumonia/Pneumonia-Viral (772).jpg,2,2_Pneumonia,validation
train/0_Normal/Normal (18).jpg,0,0_Normal,validation
train/1_Covid19/COVID-19 (703).jpg,1,1_Covid19,validation
train/1_Covid19/COVID-19 (1006).jpg,1,1_Covid19,validation
validation/0_Normal/Normal (2710).jpg,0,0_Normal,validation
train/0_Normal/Normal (491).jpg,0,0_Normal,validation
train/2_Pneumonia/Pneumonia-Bacterial (276).jpg,2,2_Pneumonia,validation
train/0_Normal/Normal (84).jpg,0,0_Normal,validation
validation/0_Normal/Normal (2874).jpg,0,0_Normal,validation
train/1_Covid19/COVID-19 (25).jpg,1,1_Covid19,validation
train/2_Pneumonia/Pneumonia-Bacterial (1495).jpg,2,2_Pneumonia,validation
validation/2_Pneumonia/Pneumonia-Viral (969).jpg,2,2_Pneumonia,validation
train/1_Covid19/COVID-19 (19).jpg,1,1_Covid19,validation
validation/1_Covid19/COVID-19 (1065).jpg,1,1_Covid19,validation
train/2_Pneumonia/Pneumonia-Bacterial (1460).jpg,2,2_Pneumonia,validation
train/1_Covid19/COVID-19 (380).jpg,1,1_Covid19,validation
train/1_Covid19/COVID-19 (781).jpg,1,1_Covid19,validation
train/2_Pneumonia/Pneumonia-Bacterial (1911).jpg,2,2_Pneumonia,validation
train/0_Normal/Normal (432).jpg,0,0_Normal,validation
validation/0_Normal/Normal (3033).jpg,0,0_Normal,validation
validation/2_Pneumonia/Pneumonia-Viral (1420).jpg,2,2_Pneumonia,validation
train/2_Pneumonia/Pneumonia-Bacterial (734).jpg,2,2_Pneumonia,validation
train/0_Normal/Normal (1924).jpg,0,0_Normal,validation
train/2_Pneumonia/Pneumonia-Bacterial (744).jpg,2,2_Pneumonia,validation
validation/0_Normal/Normal (2635).jpg,0,0_Normal,validation
train/1_Covid19/COVID-19 (772).jpg,1,1_Covid19,validation
train/0_Normal/Normal (1425).jpg,0,0_Normal,validation
validation/2_Pneumonia/Pneumonia-Viral (1097).jpg,2,2_Pneumonia,validation
validation/2_Pneumonia/Pneumonia-Viral (1237) (1).jpg,2,2_Pneumonia,validation
train/1_Covid19/COVID-19 (109).jpg,1,1_Covid19,validation
train/0_Normal/Normal (2553).jpg,0,0_Normal,validation
train/0_Normal/Normal (1596).jpg,0,0_Normal,validation
train/1_Covid19/COVID-19 (49).jpg,1,1_Covid19,validation
validation/0_Normal/Normal (3019).jpg,0,0_Normal,validation
train/1_Covid19/COVID-19 (457).jpg,1,1_Covid19,validation
train/2_Pneumonia/Pneumonia-Viral (581).jpg,2,2_Pneumonia,validation
train/2_Pneumonia/Pneumonia-Bacterial (1675).jpg,2,2_Pneumonia,validation
train/0_Normal/Normal (2556).jpg,0,0_Normal,validation
validation/0_Normal/Normal (3156).jpg,0,0_Normal,validation
train/0_Normal/Normal (306).jpg,0,0_Normal,validation
train/0_Normal/Normal (948).jpg,0,0_Normal,validation
train/2_Pneumonia/Pneumonia-Bacterial (2699).jpg,2,2_Pneumonia,validation
train/2_Pneumonia/Pneumonia-Bacterial (2493).jpg,2,2_Pneumonia,validation
train/0_Normal/Normal (1955).jpg,0,0_Normal,validation
train/2_Pneumonia/Pneumonia-Bacterial (1431).jpg,2,2_Pneumonia,validation
train/0_Normal/Normal (1659).jpg,0,0_Normal,validation
train/2_Pneumonia/Pneumonia-Viral (710).jpg,2,2_Pneumonia,validation
validation/0_Normal/Normal (2764).jpg,0,0_Normal,validation
train/2_Pneumonia/Pneumonia-Bacterial (1658).jpg,2,2_Pneumonia,validation
train/2_Pneumonia/Pneumonia-Bacterial (860).jpg,2,2_Pneumonia,validation
validation/2_Pneumonia/Pneumonia-Viral (1157).jpg,2,2_Pneumonia,validation
validation/2_Pneumonia/Pneumonia-Viral (806).jpg,2,2_Pneumonia,validation
train/2_Pneumonia/Pneumonia-Bacterial (1881).jpg,2,2_Pneumonia,validation
train/1_Covid19/COVID-19 (84).jpg,1,1_Covid19,validation
train/2_Pneumonia/Pneumonia-Bacterial (2142).jpg,2,2_Pneumonia,validation
validation/0_Normal/Normal (2805).jpg,0,0_Normal,validation
validation/2_Pneumonia/Pneumonia-Viral (1365).jpg,2,2_Pneumonia,validation
train/2_Pneumonia/Pneumonia-Bacterial (2179).jpg,2,2_Pneumonia,validation
train/0_Normal/Normal (1251).jpg,0,0_Normal,validation
train/2_Pneumonia/Pneumonia-Bacterial (1420).jpg,2,2_Pneumonia,validation
train/2_Pneumonia/Pneumonia-Viral (137).jpg,2,2_Pneumonia,validation
train/0_Normal/Normal (1303).jpg,0,0_Normal,validation
train/2_Pneumonia/Pneumonia-Bacterial (2854).jpg,2,2_Pneumonia,validation
train/2_Pneumonia/Pneumonia-Bacterial (1128).jpg,2,2_Pneumonia,validation
train/0_Normal/Normal (879).jpg,0,0_Normal,validation
validation/1_Covid19/COVID-19 (1170).jpg,1,1_Covid19,validation
train/2_Pneumonia/Pneumonia-Bacterial (1010).jpg,2,2_Pneumonia,validation
train/0_Normal/Normal (496).jpg,0,0_Normal,validation
train/0_Normal/Normal (9).jpg,0,0_Normal,validation
train/2_Pneumonia/Pneumonia-Bacterial (753).jpg,2,2_Pneumonia,validation
validation/2_Pneumonia/Pneumonia-Viral (1288).jpg,2,2_Pneumonia,validation
train/2_Pneumonia/Pneumonia-Bacterial (626).jpg,2,2_Pneumonia,validation
validation/2_Pneumonia/Pneumonia-Viral (937).jpg,2,2_Pneumonia,validation
train/2_Pneumonia/Pneumonia-Bacterial (2410).jpg,2,2_Pneumonia,validation
train/2_Pneumonia/Pneumonia-Bacterial (1390).jpg,2,2_Pneumonia,validation
train/0_Normal/Normal (236).jpg,0,0_Normal,validation
train/2_Pneumonia/Pneumonia-Viral (629).jpg,2,2_Pneumonia,validation
train/0_Normal/Normal (1830).jpg,0,0_Normal,validation
train/1_Covid19/COVID-19 (142).jpg,1,1_Covid19,validation
train/0_Normal/Normal (1936).jpg,0,0_Normal,validation
train/2_Pneumonia/Pneumonia-Bacterial (316).jpg,2,2_Pneumonia,validation
train/2_Pneumonia/Pneumonia-Bacterial (275).jpg,2,2_Pneumonia,validation
train/1_Covid19/COVID-19 (411).jpg,1,1_Covid19,validation
train/2_Pneumonia/Pneumonia-Bacterial (2367).jpg,2,2_Pneumonia,validation
train/2_Pneumonia/Pneumonia-Bacterial (538).jpg,2,2_Pneumonia,validation
train/0_Normal/Normal (968).jpg,0,0_Normal,validation
validation/0_Normal/Normal (3065).jpg,0,0_Normal,validation
train/0_Normal/Normal (2487).jpg,0,0_Normal,validation
train/0_Normal/Normal (2429).jpg,0,0_Normal,validation
train/2_Pneumonia/Pneumonia-Bacterial (1683).jpg,2,2_Pneumonia,validation
train/2_Pneumonia/Pneumonia-Viral (693).jpg,2,2_Pneumonia,validation
train/2_Pneumonia/Pneumonia-Bacterial (498).jpg,2,2_Pneumonia,validation
train/0_Normal/Normal (2540).jpg,0,0_Normal,validation
train/1_Covid19/COVID-19 (159).jpg,1,1_Covid19,validation
train/2_Pneumonia/Pneumonia-Bacterial (2760).jpg,2,2_Pneumonia,validation
train/2_Pneumonia/Pneumonia-Bacterial (166).jpg,2,2_Pneumonia,validation
train/1_Covid19/COVID-19 (364).jpg,1,1_Covid19,validation
train/2_Pneumonia/Pneumonia-Bacterial (1519).jpg,2,2_Pneumonia,validation
train/2_Pneumonia/Pneumonia-Viral (198).jpg,2,2_Pneumonia,validation
train/2_Pneumonia/Pneumonia-Viral (14).jpg,2,2_Pneumonia,validation
validation/1_Covid19/COVID-19 (1078).jpg,1,1_Covid19,validation
train/1_Covid19/COVID-19 (217).jpg,1,1_Covid19,validation
train/0_Normal/Normal (24).jpg,0,0_Normal,validation
validation/2_Pneumonia/Pneumonia-Viral (1190).jpg,2,2_Pneumonia,validation
train/2_Pneumonia/Pneumonia-Viral (524).jpg,2,2_Pneumonia,validation
train/0_Normal/Normal (1485).jpg,0,0_Normal,validation
validation/2_Pneumonia/Pneumonia-Viral (880).jpg,2,2_Pneumonia,validation
train/2_Pneumonia/Pneumonia-Bacterial (2842).jpg,2,2_Pneumonia,validation
train/2_Pneumonia/Pneumonia-Bacterial (845).jpg,2,2_Pneumonia,validation
train/1_Covid19/COVID-19 (756).jpg,1,1_Covid19,validation
validation/2_Pneumonia/Pneumonia-Viral (989).jpg,2,2_Pneumonia,validation
train/2_Pneumonia/Pneumonia-Bacterial (2714).jpg,2,2_Pneumonia,validation
train/2_Pneumonia/Pneumonia-Bacterial (1991).jpg,2,2_Pneumonia,validation
train/0_Normal/Normal (752).jpg,0,0_Normal,validation
train/2_Pneumonia/Pneumonia-Bacterial (203).jpg,2,2_Pneumonia,validation
train/0_Normal/Normal (2184).jpg,0,0_Normal,validation
train/0_Normal/Normal (2419).jpg,0,0_Normal,validation
train/0_Normal/Normal (694).jpg,0,0_Normal,validation
train/0_Normal/Normal (513).jpg,0,0_Normal,validation
train/2_Pneumonia/Pneumonia-Bacterial (90).jpg,2,2_Pneumonia,validation
train/0_Normal/Normal (2010).jpg,0,0_Normal,validation
train/2_Pneumonia/Pneumonia-Bacterial (2770).jpg,2,2_Pneumonia,validation
train/2_Pneumonia/Pneumonia-Bacterial (2860).jpg,2,2_Pneumonia,validation
train/0_Normal/Normal (2328).jpg,0,0_Normal,validation
validation/0_Normal/Normal (3087).jpg,0,0_Normal,validation
validation/2_Pneumonia/Pneumonia-Viral (794).jpg,2,2_Pneumonia,validation
validation/1_Covid19/COVID-19 (1164).jpg,1,1_Covid19,validation
train/2_Pneumonia/Pneumonia-Viral (216).jpg,2,2_Pneumonia,validation
train/2_Pneumonia/Pneumonia-Bacterial (127).jpg,2,2_Pneumonia,validation
train/0_Normal/Normal (31).jpg,0,0_Normal,validation
validation/1_Covid19/COVID-19 (1244).jpg,1,1_Covid19,validation
train/2_Pneumonia/Pneumonia-Bacterial (1953).jpg,2,2_Pneumonia,validation
train/1_Covid19/COVID-19 (441).jpg,1,1_Covid19,validation
train/2_Pneumonia/Pneumonia-Bacterial (1027).jpg,2,2_Pneumonia,validation
train/0_Normal/Normal (1381).jpg,0,0_Normal,validation
validation/0_Normal/Normal (3210).jpg,0,0_Normal,validation
train/0_Normal/Normal (590).jpg,0,0_Normal,validation
train/1_Covid19/COVID-19 (70).jpg,1,1_Covid19,validation
train/0_Normal/Normal (1863).jpg,0,0_Normal,validation
train/0_Normal/Normal (2007).jpg,0,0_Normal,validation
validation/1_Covid19/COVID-19 (1105).jpg,1,1_Covid19,validation
train/2_Pneumonia/Pneumonia-Bacterial (1239).jpg,2,2_Pneumonia,validation
train/0_Normal/Normal (917).jpg,0,0_Normal,validation
train/2_Pneumonia/Pneumonia-Bacterial (413).jpg,2,2_Pneumonia,validation
train/2_Pneumonia/Pneumonia-Bacterial (2073).jpg,2,2_Pneumonia,validation
train/0_Normal/Normal (1885).jpg,0,0_Normal,validation
train/1_Covid19/COVID-19 (875).jpg,1,1_Covid19,validation
train/1_Covid19/COVID-19 (580).jpg,1,1_Covid19,validation
train/2_Pneumonia/Pneumonia-Bacterial (2453).jpg,2,2_Pneumonia,validation
validation/0_Normal/Normal (3039).jpg,0,0_Normal,validation
train/2_Pneumonia/Pneumonia-Bacterial (856).jpg,2,2_Pneumonia,validation
train/2_Pneumonia/Pneumonia-Viral (142).jpg,2,2_Pneumonia,validation
validation/2_Pneumonia/Pneumonia-Viral (1579).jpg,2,2_Pneumonia,validation
train/2_Pneumonia/Pneumonia-Bacterial (36).jpg,2,2_Pneumonia,validation
train/0_Normal/Normal (2077).jpg,0,0_Normal,validation
train/0_Normal/Normal (762).jpg,0,0_Normal,validation
train/2_Pneumonia/Pneumonia-Bacterial (935).jpg,2,2_Pneumonia,validation
train/2_Pneumonia/Pneumonia-Bacterial (1090).jpg,2,2_Pneumonia,validation
train/0_Normal/Normal (2544).jpg,0,0_Normal,validation
train/1_Covid19/COVID-19 (229).jpg,1,1_Covid19,validation
train/2_Pneumonia/Pneumonia-Viral (134).jpg,2,2_Pneumonia,validation
train/2_Pneumonia/Pneumonia-Bacterial (407).jpg,2,2_Pneumonia,validation
validation/1_Covid19/COVID-19 (1096).jpg,1,1_Covid19,validation
train/1_Covid19/COVID-19 (322).jpg,1,1_Covid19,validation
train/0_Normal/Normal (104).jpg,0,0_Normal,validation
train/0_Normal/Normal (761).jpg,0,0_Normal,validation
train/2_Pneumonia/Pneumonia-Bacterial (1966).jpg,2,2_Pneumonia,validation
train/0_Normal/Normal (1611).jpg,0,0_Normal,validation
train/0_Normal/Normal (2371).jpg,0,0_Normal,validation
train/2_Pneumonia/Pneumonia-Viral (647).jpg,2,2_Pneumonia,validation
validation/2_Pneumonia/Pneumonia-Viral (1220).jpg,2,2_Pneumonia,validation
train/0_Normal/Normal (1082).jpg,0,0_Normal,validation
validation/2_Pneumonia/Pneumonia-Viral (905).jpg,2,2_Pneumonia,validation
train/1_Covid19/COVID-19 (205).jpg,1,1_Covid19,validation
train/0_Normal/Normal (2121).jpg,0,0_Normal,validation
train/0_Normal/Normal (2508).jpg,0,0_Normal,validation
train/0_Normal/Normal (669).jpg,0,0_Normal,validation
train/2_Pneumonia/Pneumonia-Bacterial (2400).jpg,2,2_Pneumonia,validation
train/1_Covid19/COVID-19 (189).jpg,1,1_Covid19,validation
train/0_Normal/Normal (423).jpg,0,0_Normal,validation
train/1_Covid19/COVID-19 (922).jpg,1,1_Covid19,validation
validation/1_Covid19/COVID-19 (1147).jpg,1,1_Covid19,validation
train/2_Pneumonia/Pneumonia-Bacterial (2413).jpg,2,2_Pneumonia,validation
train/0_Normal/Normal (1210).jpg,0,0_Normal,validation
train/1_Covid19/COVID-19 (952).jpg,1,1_Covid19,validation
train/2_Pneumonia/Pneumonia-Bacterial (2903).jpg,2,2_Pneumonia,validation
train/1_Covid19/COVID-19 (145).jpg,1,1_Covid19,validation
train/0_Normal/Normal (1969).jpg,0,0_Normal,validation
train/2_Pneumonia/Pneumonia-Bacterial (2143).jpg,2,2_Pneumonia,validation
train/0_Normal/Normal (1461).jpg,0,0_Normal,validation
train/2_Pneumonia/Pneumonia-Bacterial (581).jpg,2,2_Pneumonia,validation
train/2_Pneumonia/Pneumonia-Bacterial (469).jpg,2,2_Pneumonia,validation
validation/2_Pneumonia/Pneumonia-Viral (1285).jpg,2,2_Pneumonia,validation
train/2_Pneumonia/Pneumonia-Viral (471).jpg,2,2_Pneumonia,validation
train/0_Normal/Normal (1305).jpg,0,0_Normal,validation
train/2_Pneumonia/Pneumonia-Viral (636).jpg,2,2_Pneumonia,validation
train/2_Pneumonia/Pneumonia-Bacterial (1135).jpg,2,2_Pneumonia,validation
train/1_Covid19/COVID-19 (1001).jpg,1,1_Covid19,validation
train/0_Normal/Normal (1168).jpg,0,0_Normal,validation
train/2_Pneumonia/Pneumonia-Bacterial (1727).jpg,2,2_Pneumonia,validation
train/1_Covid19/COVID-19 (612).jpg,1,1_Covid19,validation
train/0_Normal/Normal (2297).jpg,0,0_Normal,validation
train/0_Normal/Normal (667).jpg,0,0_Normal,validation
train/0_Normal/Normal (180).jpg,0,0_Normal,validation
train/2_Pneumonia/Pneumonia-Bacterial (1320).jpg,2,2_Pneumonia,validation
train/0_Normal/Normal (2488).jpg,0,0_Normal,validation
train/1_Covid19/COVID-19 (481).jpg,1,1_Covid19,validation
validation/1_Covid19/COVID-19 (1034).jpg,1,1_Covid19,validation
train/0_Normal/Normal (1575).jpg,0,0_Normal,validation
train/2_Pneumonia/Pneumonia-Viral (610).jpg,2,2_Pneumonia,validation
train/1_Covid19/COVID-19 (1).jpg,1,1_Covid19,validation
train/0_Normal/Normal (1060).jpg,0,0_Normal,validation
train/2_Pneumonia/Pneumonia-Bacterial (1480).jpg,2,2_Pneumonia,validation
train/0_Normal/Normal (668).jpg,0,0_Normal,validation
train/2_Pneumonia/Pneumonia-Bacterial (236).jpg,2,2_Pneumonia,validation
validation/1_Covid19/COVID-19 (1118).jpg,1,1_Covid19,validation
train/2_Pneumonia/Pneumonia-Bacterial (625).jpg,2,2_Pneumonia,validation
train/0_Normal/Normal (1676).jpg,0,0_Normal,validation
train/0_Normal/Normal (647).jpg,0,0_Normal,validation
train/0_Normal/Normal (2320).jpg,0,0_Normal,validation
train/0_Normal/Normal (2552).jpg,0,0_Normal,validation
train/2_Pneumonia/Pneumonia-Bacterial (206).jpg,2,2_Pneumonia,validation
train/0_Normal/Normal (2283).jpg,0,0_Normal,validation
train/0_Normal/Normal (1458).jpg,0,0_Normal,validation
train/2_Pneumonia/Pneumonia-Viral (453).jpg,2,2_Pneumonia,validation
validation/2_Pneumonia/Pneumonia-Viral (730).jpg,2,2_Pneumonia,validation
train/2_Pneumonia/Pneumonia-Bacterial (197).jpg,2,2_Pneumonia,validation
train/0_Normal/Normal (1746).jpg,0,0_Normal,validation
train/0_Normal/Normal (2581).jpg,0,0_Normal,validation
train/0_Normal/Normal (2524).jpg,0,0_Normal,validation
validation/2_Pneumonia/Pneumonia-Viral (973).jpg,2,2_Pneumonia,validation
train/0_Normal/Normal (1675).jpg,0,0_Normal,validation
validation/2_Pneumonia/Pneumonia-Viral (1255).jpg,2,2_Pneumonia,validation
train/1_Covid19/COVID-19 (606).jpg,1,1_Covid19,validation
train/0_Normal/Normal (1352).jpg,0,0_Normal,validation
train/2_Pneumonia/Pneumonia-Bacterial (83).jpg,2,2_Pneumonia,validation
validation/2_Pneumonia/Pneumonia-Viral (1021).jpg,2,2_Pneumonia,validation
train/2_Pneumonia/Pneumonia-Bacterial (1251).jpg,2,2_Pneumonia,validation
train/1_Covid19/COVID-19 (775).jpg,1,1_Covid19,validation
train/1_Covid19/COVID-19 (274).jpg,1,1_Covid19,validation
train/0_Normal/Normal (2146).jpg,0,0_Normal,test
validation/0_Normal/Normal (2893).jpg,0,0_Normal,test
train/2_Pneumonia/Pneumonia-Bacterial (1610).jpg,2,2_Pneumonia,test
train/0_Normal/Normal (291).jpg,0,0_Normal,test
train/2_Pneumonia/Pneumonia-Bacterial (2461).jpg,2,2_Pneumonia,test
train/2_Pneumonia/Pneumonia-Bacterial (1648).jpg,2,2_Pneumonia,test
validation/2_Pneumonia/Pneumonia-Viral (847).jpg,2,2_Pneumonia,test
train/0_Normal/Normal (1753).jpg,0,0_Normal,test
validation/2_Pneumonia/Pneumonia-Viral (1457).jpg,2,2_Pneumonia,test
train/0_Normal/Normal (601).jpg,0,0_Normal,test
train/0_Normal/Normal (1997).jpg,0,0_Normal,test
train/0_Normal/Normal (2612).jpg,0,0_Normal,test
train/0_Normal/Normal (2370).jpg,0,0_Normal,test
validation/1_Covid19/COVID-19 (1253).jpg,1,1_Covid19,test
train/2_Pneumonia/Pneumonia-Bacterial (947).jpg,2,2_Pneumonia,test
train/0_Normal/Normal (1761).jpg,0,0_Normal,test
validation/0_Normal/Normal (2941).jpg,0,0_Normal,test
train/2_Pneumonia/Pneumonia-Viral (460).jpg,2,2_Pneumonia,test
train/0_Normal/Normal (2253).jpg,0,0_Normal,test
train/0_Normal/Normal (1392).jpg,0,0_Normal,test
train/1_Covid19/COVID-19 (505).jpg,1,1_Covid19,test
train/2_Pneumonia/Pneumonia-Viral (717).jpg,2,2_Pneumonia,test
train/2_Pneumonia/Pneumonia-Viral (404).jpg,2,2_Pneumonia,test
train/0_Normal/Normal (2043).jpg,0,0_Normal,test
train/1_Covid19/COVID-19 (311).jpg,1,1_Covid19,test
train/0_Normal/Normal (2322).jpg,0,0_Normal,test
train/2_Pneumonia/Pneumonia-Bacterial (2141).jpg,2,2_Pneumonia,test
train/1_Covid19/COVID-19 (200).jpg,1,1_Covid19,test
train/0_Normal/Normal (2610).jpg,0,0_Normal,test
train/2_Pneumonia/Pneumonia-Bacterial (2365).jpg,2,2_Pneumonia,test
train/1_Covid19/COVID-19 (451).jpg,1,1_Covid19,test
train/0_Normal/Normal (1265).jpg,0,0_Normal,test
train/2_Pneumonia/Pneumonia-Bacterial (2282).jpg,2,2_Pneumonia,test
validation/2_Pneumonia/Pneumonia-Viral (1329).jpg,2,2_Pneumonia,test
train/2_Pneumonia/Pneumonia-Bacterial (1409).jpg,2,2_Pneumonia,test
validation/2_Pneumonia/Pneumonia-Viral (1173).jpg,2,2_Pneumonia,test
train/1_Covid19/COVID-19 (553).jpg,1,1_Covid19,test
train/1_Covid19/COVID-19 (448).jpg,1,1_Covid19,test
train/0_Normal/Normal (2601).jpg,0,0_Normal,test
validation/2_Pneumonia/Pneumonia-Viral (1549).jpg,2,2_Pneumonia,test
train/0_Normal/Normal (1608).jpg,0,0_Normal,test
train/0_Normal/Normal (1220).jpg,0,0_Normal,test
train/0_Normal/Normal (701).jpg,0,0_Normal,test
train/0_Normal/Normal (588).jpg,0,0_Normal,test
train/2_Pneumonia/Pneumonia-Viral (498).jpg,2,2_Pneumonia,test
train/2_Pneumonia/Pneumonia-Bacterial (1923).jpg,2,2_Pneumonia,test
train/2_Pneumonia/Pneumonia-Bacterial (1616).jpg,2,2_Pneumonia,test
train/2_Pneumonia/Pneumonia-Bacterial (1486).jpg,2,2_Pneumonia,test
train/0_Normal/Normal (548).jpg,0,0_Normal,test
train/2_Pneumonia/Pneumonia-Bacterial (159).jpg,2,2_Pneumonia,test
train/2_Pneumonia/Pneumonia-Viral (347).jpg,2,2_Pneumonia,test
validation/2_Pneumonia/Pneumonia-Viral (894).jpg,2,2_Pneumonia,test
train/0_Normal/Normal (953).jpg,0,0_Normal,test
train/2_Pneumonia/Pneumonia-Viral (287).jpg,2,2_Pneumonia,test
train/0_Normal/Normal (1353).jpg,0,0_Normal,test
validation/2_Pneumonia/Pneumonia-Viral (858).jpg,2,2_Pneumonia,test
validation/0_Normal/Normal (3057).jpg,0,0_Normal,test
train/2_Pneumonia/Pneumonia-Viral (304).jpg,2,2_Pneumonia,test
validation/2_Pneumonia/Pneumonia-Viral (1587).jpg,2,2_Pneumonia,test
train/0_Normal/Normal (1293).jpg,0,0_Normal,test
train/0_Normal/Normal (1325).jpg,0,0_Normal,test
validation/2_Pneumonia/Pneumonia-Viral (859).jpg,2,2_Pneumonia,test
train/0_Normal/Normal (1982).jpg,0,0_Normal,test
train/0_Normal/Normal (1962).jpg,0,0_Normal,test
validation/1_Covid19/COVID-19 (1187).jpg,1,1_Covid19,test
train/0_Normal/Normal (842).jpg,0,0_Normal,test
train/2_Pneumonia/Pneumonia-Bacterial (2578).jpg,2,2_Pneumonia,test
train/2_Pneumonia/Pneumonia-Bacterial (1553).jpg,2,2_Pneumonia,test
train/2_Pneumonia/Pneumonia-Bacterial (526).jpg,2,2_Pneumonia,test
train/0_Normal/Normal (763).jpg,0,0_Normal,test
train/2_Pneumonia/Pneumonia-Bacterial (2333).jpg,2,2_Pneumonia,test
train/0_Normal/Normal (1503).jpg,0,0_Normal,test
train/0_Normal/Normal (196).jpg,0,0_Normal,test
validation/2_Pneumonia/Pneumonia-Viral (846).jpg,2,2_Pneumonia,test
train/2_Pneumonia/Pneumonia-Viral (109).jpg,2,2_Pneumonia,test
validation/2_Pneumonia/Pneumonia-Viral (997).jpg,2,2_Pneumonia,test
train/2_Pneumonia/Pneumonia-Bacterial (1895).jpg,2,2_Pneumonia,test
train/0_Normal/Normal (1560).jpg,0,0_Normal,test
train/1_Covid19/COVID-19 (149).jpg,1,1_Covid19,test
validation/2_Pneumonia/Pneumonia-Viral (1340).jpg,2,2_Pneumonia,test
train/2_Pneumonia/Pneumonia-Bacterial (2985).jpg,2,2_Pneumonia,test
train/0_Normal/Normal (2332).jpg,0,0_Normal,test
train/2_Pneumonia/Pneumonia-Bacterial (585).jpg,2,2_Pneumonia,test
train/2_Pneumonia/Pneumonia-Bacterial (1089).jpg,2,2_Pneumonia,test
validation/2_Pneumonia/Pneumonia-Viral (1276).jpg,2,2_Pneumonia,test
train/1_Covid19/COVID-19 (231).jpg,1,1_Covid19,test
train/2_Pneumonia/Pneumonia-Bacterial (1241).jpg,2,2_Pneumonia,test
train/2_Pneumonia/Pneumonia-Bacterial (306).jpg,2,2_Pneumonia,test
train/0_Normal/Normal (1044).jpg,0,0_Normal,test
validation/2_Pneumonia/Pneumonia-Viral (932).jpg,2,2_Pneumonia,test
validation/0_Normal/Normal (3154).jpg,0,0_Normal,test
validation/2_Pneumonia/Pneumonia-Viral (877).jpg,2,2_Pneumonia,test
validation/1_Covid19/COVID-19 (1178).jpg,1,1_Covid19,test
train/0_Normal/Normal (1878).jpg,0,0_Normal,test
train/2_Pneumonia/Pneumonia-Bacterial (2171).jpg,2,2_Pneumonia,test
validation/2_Pneumonia/Pneumonia-Viral (1548).jpg,2,2_Pneumonia,test
train/2_Pneumonia/Pneumonia-Bacterial (1331).jpg,2,2_Pneumonia,test
validation/2_Pneumonia/Pneumonia-Viral (1286).jpg,2,2_Pneumonia,test
train/2_Pneumonia/Pneumonia-Bacterial (108).jpg,2,2_Pneumonia,test
train/0_Normal/Normal (1822).jpg,0,0_Normal,test
train/2_Pneumonia/Pneumonia-Bacterial (2993).jpg,2,2_Pneumonia,test
train/2_Pneumonia/Pneumonia-Bacterial (1201).jpg,2,2_Pneumonia,test
train/2_Pneumonia/Pneumonia-Bacterial (2812).jpg,2,2_Pneumonia,test
train/1_Covid19/COVID-19 (223).jpg,1,1_Covid19,test
validation/2_Pneumonia/Pneumonia-Viral (1596).jpg,2,2_Pneumonia,test
train/2_Pneumonia/Pneumonia-Bacterial (2043).jpg,2,2_Pneumonia,test
train/2_Pneumonia/Pneumonia-Bacterial (1938).jpg,2,2_Pneumonia,test
train/0_Normal/Normal (2001).jpg,0,0_Normal,test
train/0_Normal/Normal (829).jpg,0,0_Normal,test
train/1_Covid19/COVID-19 (420).jpg,1,1_Covid19,test
train/0_Normal/Normal (1881).jpg,0,0_Normal,test
train/1_Covid19/COVID-19 (607).jpg,1,1_Covid19,test
train/2_Pneumonia/Pneumonia-Viral (149).jpg,2,2_Pneumonia,test
train/2_Pneumonia/Pneumonia-Bacterial (2615).jpg,2,2_Pneumonia,test
train/0_Normal/Normal (375).jpg,0,0_Normal,test
train/2_Pneumonia/Pneumonia-Bacterial (2393).jpg,2,2_Pneumonia,test
train/2_Pneumonia/Pneumonia-Bacterial (2901).jpg,2,2_Pneumonia,test
train/2_Pneumonia/Pneumonia-Bacterial (267).jpg,2,2_Pneumonia,test
train/1_Covid19/COVID-19 (842).jpg,1,1_Covid19,test
train/2_Pneumonia/Pneumonia-Bacterial (209).jpg,2,2_Pneumonia,test
train/2_Pneumonia/Pneumonia-Bacterial (62).jpg,2,2_Pneumonia,test
validation/2_Pneumonia/Pneumonia-Viral (949).jpg,2,2_Pneumonia,test
train/2_Pneumonia/Pneumonia-Bacterial (607).jpg,2,2_Pneumonia,test
train/0_Normal/Normal (1350).jpg,0,0_Normal,test
train/2_Pneumonia/Pneumonia-Viral (33).jpg,2,2_Pneumonia,test
train/1_Covid19/COVID-19 (235).jpg,1,1_Covid19,test
train/2_Pneumonia/Pneumonia-Bacterial (1956).jpg,2,2_Pneumonia,test
train/0_Normal/Normal (1472).jpg,0,0_Normal,test
train/2_Pneumonia/Pneumonia-Bacterial (975).jpg,2,2_Pneumonia,test
validation/0_Normal/Normal (2767).jpg,0,0_Normal,test
train/2_Pneumonia/Pneumonia-Bacterial (1914).jpg,2,2_Pneumonia,test
train/0_Normal/Normal (1076).jpg,0,0_Normal,test
train/2_Pneumonia/Pneumonia-Bacterial (280).jpg,2,2_Pneumonia,test
train/0_Normal/Normal (1231).jpg,0,0_Normal,test
train/0_Normal/Normal (801).jpg,0,0_Normal,test
train/2_Pneumonia/Pneumonia-Bacterial (2265).jpg,2,2_Pneumonia,test
train/2_Pneumonia/Pneumonia-Bacterial (1405).jpg,2,2_Pneumonia,test
validation/0_Normal/Normal (2846).jpg,0,0_Normal,test
train/0_Normal/Normal (1748).jpg,0,0_Normal,test
train/0_Normal/Normal (499).jpg,0,0_Normal,test
train/0_Normal/Normal (1483).jpg,0,0_Normal,test
train/2_Pneumonia/Pneumonia-Viral (74).jpg,2,2_Pneumonia,test
train/2_Pneumonia/Pneumonia-Viral (218).jpg,2,2_Pneumonia,test
train/0_Normal/Normal (468).jpg,0,0_Normal,test
train/0_Normal/Normal (347).jpg,0,0_Normal,test
train/2_Pneumonia/Pneumonia-Bacterial (2469).jpg,2,2_Pneumonia,test
train/2_Pneumonia/Pneumonia-Bacterial (764).jpg,2,2_Pneumonia,test
train/2_Pneumonia/Pneumonia-Bacterial (2485).jpg,2,2_Pneumonia,test
validation/2_Pneumonia/Pneumonia-Viral (1599).jpg,2,2_Pneumonia,test
train/0_Normal/Normal (2112).jpg,0,0_Normal,test
train/0_Normal/Normal (720).jpg,0,0_Normal,test
train/2_Pneumonia/Pneumonia-Bacterial (256).jpg,2,2_Pneumonia,test
train/0_Normal/Normal (1640).jpg,0,0_Normal,test
validation/2_Pneumonia/Pneumonia-Viral (1305).jpg,2,2_Pneumonia,test
train/0_Normal/Normal (1081).jpg,0,0_Normal,test
train/2_Pneumonia/Pneumonia-Bacterial (2174).jpg,2,2_Pneumonia,test
train/2_Pneumonia/Pneumonia-Bacterial (2731).jpg,2,2_Pneumonia,test
train/1_Covid19/COVID-19 (17).jpg,1,1_Covid19,test
train/2_Pneumonia/Pneumonia-Bacterial (1423).jpg,2,2_Pneumonia,test
train/2_Pneumonia/Pneumonia-Bacterial (732).jpg,2,2_Pneumonia,test
train/0_Normal/Normal (2339).jpg,0,0_Normal,test
train/2_Pneumonia/Pneumonia-Bacterial (1411).jpg,2,2_Pneumonia,test
train/1_Covid19/COVID-19 (280).jpg,1,1_Covid19,test
train/2_Pneumonia/Pneumonia-Bacterial (750).jpg,2,2_Pneumonia,test
validation/2_Pneumonia/Pneumonia-Viral (1232).jpg,2,2_Pneumonia,test
train/0_Normal/Normal (350).jpg,0,0_Normal,test
train/2_Pneumonia/Pneumonia-Viral (615).jpg,2,2_Pneumonia,test
train/0_Normal/Normal (1918).jpg,0,0_Normal,test
train/0_Normal/Normal (2103).jpg,0,0_Normal,test
train/1_Covid19/COVID-19 (199).jpg,1,1_Covid19,test
train/0_Normal/Normal (2096).jpg,0,0_Normal,test
train/0_Normal/Normal (1606).jpg,0,0_Normal,test
train/0_Normal/Normal (2117).jpg,0,0_Normal,test
train/1_Covid19/COVID-19 (928).jpg,1,1_Covid19,test
train/0_Normal/Normal (1879).jpg,0,0_Normal,test
train/1_Covid19/COVID-19 (1004).jpg,1,1_Covid19,test
train/2_Pneumonia/Pneumonia-Bacterial (2705).jpg,2,2_Pneumonia,test
train/0_Normal/Normal (1237).jpg,0,0_Normal,test
train/2_Pneumonia/Pneumonia-Bacterial (686).jpg,2,2_Pneumonia,test
validation/2_Pneumonia/Pneumonia-Viral (1561).jpg,2,2_Pneumonia,test
train/2_Pneumonia/Pneumonia-Bacterial (2822).jpg,2,2_Pneumonia,test
train/1_Covid19/COVID-19 (104).jpg,1,1_Covid19,test
train/1_Covid19/COVID-19 (534).jpg,1,1_Covid19,test
validation/2_Pneumonia/Pneumonia-Viral (1234).jpg,2,2_Pneumonia,test
train/0_Normal/Normal (2273).jpg,0,0_Normal,test
validation/1_Covid19/COVID-19 (1077).jpg,1,1_Covid19,test
train/0_Normal/Normal (1376).jpg,0,0_Normal,test
train/2_Pneumonia/Pneumonia-Bacterial (1196).jpg,2,2_Pneumonia,test
validation/2_Pneumonia/Pneumonia-Viral (1035).jpg,2,2_Pneumonia,test
train/2_Pneumonia/Pneumonia-Bacterial (38).jpg,2,2_Pneumonia,test
validation/2_Pneumonia/Pneumonia-Viral (807).jpg,2,2_Pneumonia,test
validation/0_Normal/Normal (3114).jpg,0,0_Normal,test
train/2_Pneumonia/Pneumonia-Bacterial (989).jpg,2,2_Pneumonia,test
train/0_Normal/Normal (1851).jpg,0,0_Normal,test
train/2_Pneumonia/Pneumonia-Bacterial (1917).jpg,2,2_Pneumonia,test
train/2_Pneumonia/Pneumonia-Bacterial (1690).jpg,2,2_Pneumonia,test
train/2_Pneumonia/Pneumonia-Bacterial (30).jpg,2,2_Pneumonia,test
train/0_Normal/Normal (625).jpg,0,0_Normal,test
train/1_Covid19/COVID-19 (629).jpg,1,1_Covid19,test
train/0_Normal/Normal (543).jpg,0,0_Normal,test
train/2_Pneumonia/Pneumonia-Bacterial (919).jpg,2,2_Pneumonia,test
train/2_Pneumonia/Pneumonia-Bacterial (2844).jpg,2,2_Pneumonia,test
train/1_Covid19/COVID-19 (23).jpg,1,1_Covid19,test
train/2_Pneumonia/Pneumonia-Bacterial (601).jpg,2,2_Pneumonia,test
validation/2_Pneumonia/Pneumonia-Viral (1496).jpg,2,2_Pneumonia,test
train/0_Normal/Normal (1623).jpg,0,0_Normal,test
validation/0_Normal/Normal (2979).jpg,0,0_Normal,test
train/2_Pneumonia/Pneumonia-Bacterial (2601).jpg,2,2_Pneumonia,test
train/0_Normal/Normal (664).jpg,0,0_Normal,test
train/0_Normal/Normal (1205).jpg,0,0_Normal,test
validation/1_Covid19/COVID-19 (1075).jpg,1,1_Covid19,test
train/0_Normal/Normal (1135).jpg,0,0_Normal,test
train/0_Normal/Normal (2051).jpg,0,0_Normal,test
train/2_Pneumonia/Pneumonia-Bacterial (994).jpg,2,2_Pneumonia,test
train/0_Normal/Normal (1490).jpg,0,0_Normal,test
train/0_Normal/Normal (1446).jpg,0,0_Normal,test
train/1_Covid19/COVID-19 (598).jpg,1,1_Covid19,test
train/2_Pneumonia/Pneumonia-Bacterial (2157).jpg,2,2_Pneumonia,test
validation/2_Pneumonia/Pneumonia-Viral (727).jpg,2,2_Pneumonia,test
train/1_Covid19/COVID-19 (678).jpg,1,1_Covid19,test
train/0_Normal/Normal (1767).jpg,0,0_Normal,test
train/0_Normal/Normal (1870).jpg,0,0_Normal,test
validation/2_Pneumonia/Pneumonia-Viral (1095).jpg,2,2_Pneumonia,test
validation/2_Pneumonia/Pneumonia-Viral (1514).jpg,2,2_Pneumonia,test
train/1_Covid19/COVID-19 (348).jpg,1,1_Covid19,test
validation/2_Pneumonia/Pneumonia-Viral (902).jpg,2,2_Pneumonia,test
train/0_Normal/Normal (1504).jpg,0,0_Normal,test
train/2_Pneumonia/Pneumonia-Bacterial (172).jpg,2,2_Pneumonia,test
train/0_Normal/Normal (1935).jpg,0,0_Normal,test
train/1_Covid19/COVID-19 (37).jpg,1,1_Covid19,test
train/2_Pneumonia/Pneumonia-Bacterial (2880).jpg,2,2_Pneumonia,test
train/2_Pneumonia/Pneumonia-Bacterial (1971).jpg,2,2_Pneumonia,test
train/2_Pneumonia/Pneumonia-Bacterial (254).jpg,2,2_Pneumonia,test
train/0_Normal/Normal (685).jpg,0,0_Normal,test
train/0_Normal/Normal (1828).jpg,0,0_Normal,test
train/0_Normal/Normal (2355).jpg,0,0_Normal,test
train/2_Pneumonia/Pneumonia-Viral (9).jpg,2,2_Pneumonia,test
train/2_Pneumonia/Pneumonia-Bacterial (429).jpg,2,2_Pneumonia,test
train/2_Pneumonia/Pneumonia-Bacterial (2553).jpg,2,2_Pneumonia,test
train/1_Covid19/COVID-19 (424).jpg,1,1_Covid19,test
validation/2_Pneumonia/Pneumonia-Viral (1116).jpg,2,2_Pneumonia,test
train/0_Normal/Normal (529).jpg,0,0_Normal,test
validation/2_Pneumonia/Pneumonia-Viral (1525).jpg,2,2_Pneumonia,test
validation/0_Normal/Normal (3130).jpg,0,0_Normal,test
validation/2_Pneumonia/Pneumonia-Viral (830).jpg,2,2_Pneumonia,test
train/2_Pneumonia/Pneumonia-Viral (668).jpg,2,2_Pneumonia,test
train/0_Normal/Normal (267).jpg,0,0_Normal,test
train/1_Covid19/COVID-19 (643).jpg,1,1_Covid19,test
validation/2_Pneumonia/Pneumonia-Viral (1431).jpg,2,2_Pneumonia,test
train/0_Normal/Normal (587).jpg,0,0_Normal,test
train/0_Normal/Normal (2299).jpg,0,0_Normal,test
train/0_Normal/Normal (1182).jpg,0,0_Normal,test
train/2_Pneumonia/Pneumonia-Bacterial (895).jpg,2,2_Pneumonia,test
train/1_Covid19/COVID-19 (33).jpg,1,1_Covid19,test
train/2_Pneumonia/Pneumonia-Bacterial (260).jpg,2,2_Pneumonia,test
train/0_Normal/Normal (443).jpg,0,0_Normal,test
train/2_Pneumonia/Pneumonia-Bacterial (201).jpg,2,2_Pneumonia,test
validation/0_Normal/Normal (2705).jpg,0,0_Normal,test
train/0_Normal/Normal (1674).jpg,0,0_Normal,test
train/2_Pneumonia/Pneumonia-Bacterial (2487).jpg,2,2_Pneumonia,test
train/2_Pneumonia/Pneumonia-Bacterial (141).jpg,2,2_Pneumonia,test
train/0_Normal/Normal (2453).jpg,0,0_Normal,test
train/2_Pneumonia/Pneumonia-Bacterial (2311).jpg,2,2_Pneumonia,test
train/2_Pneumonia/Pneumonia-Bacterial (633).jpg,2,2_Pneumonia,test
train/2_Pneumonia/Pneumonia-Bacterial (2486).jpg,2,2_Pneumonia,test
validation/1_Covid19/COVID-19 (1152).jpg,1,1_Covid19,test
train/0_Normal/Normal (66).jpg,0,0_Normal,test
train/1_Covid19/COVID-19 (483).jpg,1,1_Covid19,test
train/0_Normal/Normal (1603).jpg,0,0_Normal,test
train/2_Pneumonia/Pneumonia-Bacterial (2837).jpg,2,2_Pneumonia,test
train/0_Normal/Normal (1430).jpg,0,0_Normal,test
train/2_Pneumonia/Pneumonia-Viral (159).jpg,2,2_Pneumonia,test
train/0_Normal/Normal (1873).jpg,0,0_Normal,test
train/0_Normal/Normal (269).jpg,0,0_Normal,test
validation/2_Pneumonia/Pneumonia-Viral (909).jpg,2,2_Pneumonia,test
train/2_Pneumonia/Pneumonia-Bacterial (220).jpg,2,2_Pneumonia,test
train/2_Pneumonia/Pneumonia-Viral (414).jpg,2,2_Pneumonia,test
train/2_Pneumonia/Pneumonia-Bacterial (621).jpg,2,2_Pneumonia,test
train/2_Pneumonia/Pneumonia-Viral (531).jpg,2,2_Pneumonia,test
train/0_Normal/Normal (773).jpg,0,0_Normal,test
train/1_Covid19/COVID-19 (296).jpg,1,1_Covid19,test
train/2_Pneumonia/Pneumonia-Bacterial (1455).jpg,2,2_Pneumonia,test
train/2_Pneumonia/Pneumonia-Bacterial (553).jpg,2,2_Pneumonia,test
train/1_Covid19/COVID-19 (461).jpg,1,1_Covid19,test
train/2_Pneumonia/Pneumonia-Bacterial (1622).jpg,2,2_Pneumonia,test
train/0_Normal/Normal (237).jpg,0,0_Normal,test
train/2_Pneumonia/Pneumonia-Viral (370).jpg,2,2_Pneumonia,test
train/2_Pneumonia/Pneumonia-Viral (609).jpg,2,2_Pneumonia,test
train/2_Pneumonia/Pneumonia-Bacterial (892).jpg,2,2_Pneumonia,test
train/2_Pneumonia/Pneumonia-Bacterial (2586).jpg,2,2_Pneumonia,test
validation/2_Pneumonia/Pneumonia-Viral (945).jpg,2,2_Pneumonia,test
train/2_Pneumonia/Pneumonia-Viral (130).jpg,2,2_Pneumonia,test
train/2_Pneumonia/Pneumonia-Bacterial (292).jpg,2,2_Pneumonia,test
train/2_Pneumonia/Pneumonia-Bacterial (833).jpg,2,2_Pneumonia,test
validation/2_Pneumonia/Pneumonia-Viral (1212).jpg,2,2_Pneumonia,test
train/2_Pneumonia/Pneumonia-Bacterial (2192).jpg,2,2_Pneumonia,test
validation/0_Normal/Normal (2627).jpg,0,0_Normal,test
validation/0_Normal/Normal (3264).jpg,0,0_Normal,test
train/0_Normal/Normal (1771).jpg,0,0_Normal,test
train/0_Normal/Normal (2366).jpg,0,0_Normal,test
validation/2_Pneumonia/Pneumonia-Viral (1518).jpg,2,2_Pneumonia,test
train/2_Pneumonia/Pneumonia-Bacterial (2403).jpg,2,2_Pneumonia,test
train/0_Normal/Normal (2027).jpg,0,0_Normal,test
validation/2_Pneumonia/Pneumonia-Viral (782).jpg,2,2_Pneumonia,test
train/1_Covid19/COVID-19 (669).jpg,1,1_Covid19,test
train/0_Normal/Normal (1137).jpg,0,0_Normal,test
train/2_Pneumonia/Pneumonia-Viral (510) (1).jpg,2,2_Pneumonia,test
train/2_Pneumonia/Pneumonia-Bacterial (2823).jpg,2,2_Pneumonia,test
validation/2_Pneumonia/Pneumonia-Viral (1287).jpg,2,2_Pneumonia,test
train/2_Pneumonia/Pneumonia-Bacterial (192).jpg,2,2_Pneumonia,test
train/0_Normal/Normal (1085).jpg,0,0_Normal,test
train/2_Pneumonia/Pneumonia-Viral (374).jpg,2,2_Pneumonia,test
train/2_Pneumonia/Pneumonia-Bacterial (24).jpg,2,2_Pneumonia,test
train/2_Pneumonia/Pneumonia-Bacterial (328).jpg,2,2_Pneumonia,test
train/1_Covid19/COVID-19 (656).jpg,1,1_Covid19,test
train/2_Pneumonia/Pneumonia-Bacterial (2892).jpg,2,2_Pneumonia,test
train/2_Pneumonia/Pneumonia-Viral (570).jpg,2,2_Pneumonia,test
train/2_Pneumonia/Pneumonia-Viral (235).jpg,2,2_Pneumonia,test
train/2_Pneumonia/Pneumonia-Bacterial (1070).jpg,2,2_Pneumonia,test
validation/2_Pneumonia/Pneumonia-Viral (988).jpg,2,2_Pneumonia,test
train/0_Normal/Normal (1631).jpg,0,0_Normal,test
train/2_Pneumonia/Pneumonia-Bacterial (193).jpg,2,2_Pneumonia,test
train/2_Pneumonia/Pneumonia-Bacterial (575).jpg,2,2_Pneumonia,test
train/2_Pneumonia/Pneumonia-Bacterial (2883).jpg,2,2_Pneumonia,test
train/2_Pneumonia/Pneumonia-Bacterial (2146).jpg,2,2_Pneumonia,test
train/2_Pneumonia/Pneumonia-Bacterial (2238).jpg,2,2_Pneumonia,test
train/1_Covid19/COVID-19 (938).jpg,1,1_Covid19,test
train/2_Pneumonia/Pneumonia-Bacterial (3).jpg,2,2_Pneumonia,test
train/1_Covid19/COVID-19 (90).jpg,1,1_Covid19,test
train/2_Pneumonia/Pneumonia-Bacterial (2127).jpg,2,2_Pneumonia,test
train/0_Normal/Normal (314).jpg,0,0_Normal,test
train/0_Normal/Normal (1109).jpg,0,0_Normal,test
train/2_Pneumonia/Pneumonia-Bacterial (2437).jpg,2,2_Pneumonia,test
train/2_Pneumonia/Pneumonia-Bacterial (2597).jpg,2,2_Pneumonia,test
train/0_Normal/Normal (1117).jpg,0,0_Normal,test
train/2_Pneumonia/Pneumonia-Bacterial (1764).jpg,2,2_Pneumonia,test
train/2_Pneumonia/Pneumonia-Bacterial (1937).jpg,2,2_Pneumonia,test
train/1_Covid19/COVID-19 (456).jpg,1,1_Covid19,test
train/0_Normal/Normal (1609).jpg,0,0_Normal,test
train/1_Covid19/COVID-19 (447).jpg,1,1_Covid19,test
train/2_Pneumonia/Pneumonia-Viral (695).jpg,2,2_Pneumonia,test
train/2_Pneumonia/Pneumonia-Bacterial (2981).jpg,2,2_Pneumonia,test
train/2_Pneumonia/Pneumonia-Viral (182).jpg,2,2_Pneumonia,test
train/0_Normal/Normal (2244).jpg,0,0_Normal,test
train/2_Pneumonia/Pneumonia-Bacterial (2858).jpg,2,2_Pneumonia,test
train/2_Pneumonia/Pneumonia-Bacterial (486).jpg,2,2_Pneumonia,test
train/2_Pneumonia/Pneumonia-Bacterial (548).jpg,2,2_Pneumonia,test
train/2_Pneumonia/Pneumonia-Viral (135).jpg,2,2_Pneumonia,test
train/2_Pneumonia/Pneumonia-Viral (551).jpg,2,2_Pneumonia,test
train/0_Normal/Normal (2532).jpg,0,0_Normal,test
train/0_Normal/Normal (446).jpg,0,0_Normal,test
train/1_Covid19/COVID-19 (421).jpg,1,1_Covid19,test
train/2_Pneumonia/Pneumonia-Bacterial (2064).jpg,2,2_Pneumonia,test
train/0_Normal/Normal (2460).jpg,0,0_Normal,test
train/2_Pneumonia/Pneumonia-Bacterial (1646).jpg,2,2_Pneumonia,test
train/1_Covid19/COVID-19 (592).jpg,1,1_Covid19,test
train/2_Pneumonia/Pneumonia-Bacterial (346).jpg,2,2_Pneumonia,test
train/2_Pneumonia/Pneumonia-Viral (348).jpg,2,2_Pneumonia,test
train/0_Normal/Normal (1000).jpg,0,0_Normal,test
validation/0_Normal/Normal (3182).jpg,0,0_Normal,test
train/2_Pneumonia/Pneumonia-Bacterial (1133).jpg,2,2_Pneumonia,test
train/0_Normal/Normal (1476).jpg,0,0_Normal,test
validation/0_Normal/Normal (3239).jpg,0,0_Normal,test
train/1_Covid19/COVID-19 (774).jpg,1,1_Covid19,test
train/2_Pneumonia/Pneumonia-Bacterial (2382).jpg,2,2_Pneumonia,test
validation/1_Covid19/COVID-19 (1259).jpg,1,1_Covid19,test
validation/0_Normal/Normal (3222).jpg,0,0_Normal,test
validation/2_Pneumonia/Pneumonia-Viral (939).jpg,2,2_Pneumonia,test
train/2_Pneumonia/Pneumonia-Bacterial (1175).jpg,2,2_Pneumonia,test
validation/0_Normal/Normal (3214).jpg,0,0_Normal,test
train/2_Pneumonia/Pneumonia-Bacterial (587).jpg,2,2_Pneumonia,test
validation/2_Pneumonia/Pneumonia-Viral (1421).jpg,2,2_Pneumonia,test
train/2_Pneumonia/Pneumonia-Bacterial (7).jpg,2,2_Pneumonia,test
train/2_Pneumonia/Pneumonia-Viral (700).jpg,2,2_Pneumonia,test
train/0_Normal/Normal (1238).jpg,0,0_Normal,test
train/0_Normal/Normal (1621).jpg,0,0_Normal,test
train/0_Normal/Normal (527).jpg,0,0_Normal,test
train/0_Normal/Normal (593).jpg,0,0_Normal,test
train/2_Pneumonia/Pneumonia-Bacterial (180).jpg,2,2_Pneumonia,test
train/0_Normal/Normal (771).jpg,0,0_Normal,test
train/1_Covid19/COVID-19 (619).jpg,1,1_Covid19,test
train/2_Pneumonia/Pneumonia-Bacterial (2729).jpg,2,2_Pneumonia,test
train/2_Pneumonia/Pneumonia-Bacterial (1244).jpg,2,2_Pneumonia,test
train/0_Normal/Normal (2588).jpg,0,0_Normal,test
train/2_Pneumonia/Pneumonia-Bacterial (2771).jpg,2,2_Pneumonia,test
train/1_Covid19/COVID-19 (699).jpg,1,1_Covid19,test
train/2_Pneumonia/Pneumonia-Viral (712).jpg,2,2_Pneumonia,test
train/2_Pneumonia/Pneumonia-Bacterial (11).jpg,2,2_Pneumonia,test
train/2_Pneumonia/Pneumonia-Viral (261).jpg,2,2_Pneumonia,test
train/2_Pneumonia/Pneumonia-Viral (472).jpg,2,2_Pneumonia,test
validation/2_Pneumonia/Pneumonia-Viral (976).jpg,2,2_Pneumonia,test
train/2_Pneumonia/Pneumonia-Bacterial (1325).jpg,2,2_Pneumonia,test
train/1_Covid19/COVID-19 (190).jpg,1,1_Covid19,test
train/2_Pneumonia/Pneumonia-Bacterial (1285).jpg,2,2_Pneumonia,test
validation/0_Normal/Normal (2797).jpg,0,0_Normal,test
train/1_Covid19/COVID-19 (450).jpg,1,1_Covid19,test
train/2_Pneumonia/Pneumonia-Bacterial (42).jpg,2,2_Pneumonia,test
train/2_Pneumonia/Pneumonia-Viral (494).jpg,2,2_Pneumonia,test
train/2_Pneumonia/Pneumonia-Bacterial (2385).jpg,2,2_Pneumonia,test
train/1_Covid19/COVID-19 (546).jpg,1,1_Covid19,test
train/2_Pneumonia/Pneumonia-Bacterial (676).jpg,2,2_Pneumonia,test
train/2_Pneumonia/Pneumonia-Bacterial (681).jpg,2,2_Pneumonia,test
train/2_Pneumonia/Pneumonia-Bacterial (406).jpg,2,2_Pneumonia,test
validation/0_Normal/Normal (3236).jpg,0,0_Normal,test
train/2_Pneumonia/Pneumonia-Bacterial (358).jpg,2,2_Pneumonia,test
validation/2_Pneumonia/Pneumonia-Viral (990).jpg,2,2_Pneumonia,test
train/2_Pneumonia/Pneumonia-Bacterial (2886).jpg,2,2_Pneumonia,test
validation/0_Normal/Normal (2713).jpg,0,0_Normal,test
train/2_Pneumonia/Pneumonia-Bacterial (2768).jpg,2,2_Pneumonia,test
validation/2_Pneumonia/Pneumonia-Viral (1588).jpg,2,2_Pneumonia,test
train/2_Pneumonia/Pneumonia-Bacterial (1695).jpg,2,2_Pneumonia,test
train/1_Covid19/COVID-19 (301).jpg,1,1_Covid19,test
train/2_Pneumonia/Pneumonia-Bacterial (883).jpg,2,2_Pneumonia,test
train/0_Normal/Normal (1241).jpg,0,0_Normal,test
train/0_Normal/Normal (2168).jpg,0,0_Normal,test
train/1_Covid19/COVID-19 (934).jpg,1,1_Covid19,test
train/2_Pneumonia/Pneumonia-Bacterial (1536).jpg,2,2_Pneumonia,test
train/2_Pneumonia/Pneumonia-Bacterial (1702).jpg,2,2_Pneumonia,test
validation/1_Covid19/COVID-19 (1027).jpg,1,1_Covid19,test
train/2_Pneumonia/Pneumonia-Bacterial (1662).jpg,2,2_Pneumonia,test
train/1_Covid19/COVID-19 (813).jpg,1,1_Covid19,test
train/0_Normal/Normal (2512).jpg,0,0_Normal,test
train/0_Normal/Normal (670).jpg,0,0_Normal,test
train/2_Pneumonia/Pneumonia-Bacterial (1340).jpg,2,2_Pneumonia,test
validation/0_Normal/Normal (3062).jpg,0,0_Normal,test
train/2_Pneumonia/Pneumonia-Bacterial (1639).jpg,2,2_Pneumonia,test
train/0_Normal/Normal (1728).jpg,0,0_Normal,test
train/0_Normal/Normal (850).jpg,0,0_Normal,test
validation/2_Pneumonia/Pneumonia-Viral (1460).jpg,2,2_Pneumonia,test
validation/2_Pneumonia/Pneumonia-Viral (1471).jpg,2,2_Pneumonia,test
validation/2_Pneumonia/Pneumonia-Viral (1507).jpg,2,2_Pneumonia,test
train/1_Covid19/COVID-19 (586).jpg,1,1_Covid19,test
train/2_Pneumonia/Pneumonia-Bacterial (1924).jpg,2,2_Pneumonia,test
validation/2_Pneumonia/Pneumonia-Viral (1469).jpg,2,2_Pneumonia,test
train/2_Pneumonia/Pneumonia-Bacterial (2079).jpg,2,2_Pneumonia,test
validation/0_Normal/Normal (2703).jpg,0,0_Normal,test
train/2_Pneumonia/Pneumonia-Bacterial (388).jpg,2,2_Pneumonia,test
train/2_Pneumonia/Pneumonia-Viral (576).jpg,2,2_Pneumonia,test
validation/1_Covid19/COVID-19 (1199).jpg,1,1_Covid19,test
train/2_Pneumonia/Pneumonia-Bacterial (196).jpg,2,2_Pneumonia,test
train/1_Covid19/COVID-19 (372).jpg,1,1_Covid19,test
validation/0_Normal/Normal (2656).jpg,0,0_Normal,test
train/1_Covid19/COVID-19 (754).jpg,1,1_Covid19,test
train/2_Pneumonia/Pneumonia-Bacterial (1221).jpg,2,2_Pneumonia,test
train/2_Pneumonia/Pneumonia-Bacterial (1832).jpg,2,2_Pneumonia,test
train/2_Pneumonia/Pneumonia-Viral (187).jpg,2,2_Pneumonia,test
train/2_Pneumonia/Pneumonia-Viral (504) (1).jpg,2,2_Pneumonia,test
train/0_Normal/Normal (1046).jpg,0,0_Normal,test
train/0_Normal/Normal (940).jpg,0,0_Normal,test
train/2_Pneumonia/Pneumonia-Bacterial (654).jpg,2,2_Pneumonia,test
train/2_Pneumonia/Pneumonia-Bacterial (795).jpg,2,2_Pneumonia,test
validation/0_Normal/Normal (2861).jpg,0,0_Normal,test
train/2_Pneumonia/Pneumonia-Bacterial (2853).jpg,2,2_Pneumonia,test
train/0_Normal/Normal (1888).jpg,0,0_Normal,test
validation/2_Pneumonia/Pneumonia-Viral (1407).jpg,2,2_Pneumonia,test
train/0_Normal/Normal (1760).jpg,0,0_Normal,test
train/2_Pneumonia/Pneumonia-Bacterial (1127).jpg,2,2_Pneumonia,test
train/2_Pneumonia/Pneumonia-Bacterial (774).jpg,2,2_Pneumonia,test
train/0_Normal/Normal (589).jpg,0,0_Normal,test
train/2_Pneumonia/Pneumonia-Bacterial (1489).jpg,2,2_Pneumonia,test
validation/0_Normal/Normal (3035).jpg,0,0_Normal,test
validation/0_Normal/Normal (2698).jpg,0,0_Normal,test
train/2_Pneumonia/Pneumonia-Bacterial (572).jpg,2,2_Pneumonia,test
train/2_Pneumonia/Pneumonia-Bacterial (638).jpg,2,2_Pneumonia,test
train/0_Normal/Normal (305).jpg,0,0_Normal,test
train/2_Pneumonia/Pneumonia-Viral (312).jpg,2,2_Pneumonia,test
validation/2_Pneumonia/Pneumonia-Viral (1617).jpg,2,2_Pneumonia,test
validation/2_Pneumonia/Pneumonia-Viral (1651).jpg,2,2_Pneumonia,test
validation/0_Normal/Normal (3021).jpg,0,0_Normal,test
train/2_Pneumonia/Pneumonia-Bacterial (1203).jpg,2,2_Pneumonia,test
validation/1_Covid19/COVID-19 (1219).jpg,1,1_Covid19,test
validation/2_Pneumonia/Pneumonia-Viral (1229) (1).jpg,2,2_Pneumonia,test
train/0_Normal/Normal (2434).jpg,0,0_Normal,test
train/2_Pneumonia/Pneumonia-Bacterial (269).jpg,2,2_Pneumonia,test
train/2_Pneumonia/Pneumonia-Bacterial (2656).jpg,2,2_Pneumonia,test
train/2_Pneumonia/Pneumonia-Bacterial (1602).jpg,2,2_Pneumonia,test
train/2_Pneumonia/Pneumonia-Bacterial (1592).jpg,2,2_Pneumonia,test
train/0_Normal/Normal (1927).jpg,0,0_Normal,test
train/0_Normal/Normal (2240).jpg,0,0_Normal,test
validation/0_Normal/Normal (2972).jpg,0,0_Normal,test
train/2_Pneumonia/Pneumonia-Viral (292).jpg,2,2_Pneumonia,test
train/2_Pneumonia/Pneumonia-Viral (635).jpg,2,2_Pneumonia,test
train/2_Pneumonia/Pneumonia-Bacterial (1298).jpg,2,2_Pneumonia,test
validation/2_Pneumonia/Pneumonia-Viral (1306).jpg,2,2_Pneumonia,test
train/0_Normal/Normal (2538).jpg,0,0_Normal,test
train/0_Normal/Normal (549).jpg,0,0_Normal,test
validation/0_Normal/Normal (3192).jpg,0,0_Normal,test
train/2_Pneumonia/Pneumonia-Viral (275).jpg,2,2_Pneumonia,test
train/2_Pneumonia/Pneumonia-Bacterial (2352).jpg,2,2_Pneumonia,test
train/2_Pneumonia/Pneumonia-Bacterial (48).jpg,2,2_Pneumonia,test
train/1_Covid19/COVID-19 (1008).jpg,1,1_Covid19,test
validation/2_Pneumonia/Pneumonia-Viral (1577).jpg,2,2_Pneumonia,test
train/0_Normal/Normal (133).jpg,0,0_Normal,test
train/0_Normal/Normal (556).jpg,0,0_Normal,test
train/2_Pneumonia/Pneumonia-Viral (11).jpg,2,2_Pneumonia,test
train/2_Pneumonia/Pneumonia-Bacterial (2865).jpg,2,2_Pneumonia,test
validation/2_Pneumonia/Pneumonia-Viral (1422).jpg,2,2_Pneumonia,test
train/2_Pneumonia/Pneumonia-Viral (656).jpg,2,2_Pneumonia,test
train/0_Normal/Normal (797).jpg,0,0_Normal,test
train/0_Normal/Normal (1041).jpg,0,0_Normal,test
train/2_Pneumonia/Pneumonia-Bacterial (149).jpg,2,2_Pneumonia,test
train/2_Pneumonia/Pneumonia-Bacterial (255).jpg,2,2_Pneumonia,test
train/2_Pneumonia/Pneumonia-Bacterial (2159).jpg,2,2_Pneumonia,test
train/1_Covid19/COVID-19 (92).jpg,1,1_Covid19,test
train/2_Pneumonia/Pneumonia-Bacterial (163).jpg,2,2_Pneumonia,test
validation/1_Covid19/COVID-19 (1200).jpg,1,1_Covid19,test
train/0_Normal/Normal (2104).jpg,0,0_Normal,test
train/2_Pneumonia/Pneumonia-Bacterial (2045).jpg,2,2_Pneumonia,test
train/1_Covid19/COVID-19 (76).jpg,1,1_Covid19,test
train/2_Pneumonia/Pneumonia-Bacterial (2209).jpg,2,2_Pneumonia,test
validation/0_Normal/Normal (2995).jpg,0,0_Normal,test
validation/2_Pneumonia/Pneumonia-Viral (1391).jpg,2,2_Pneumonia,test
validation/0_Normal/Normal (2762).jpg,0,0_Normal,test
train/2_Pneumonia/Pneumonia-Viral (620).jpg,2,2_Pneumonia,test
train/0_Normal/Normal (1579).jpg,0,0_Normal,test
train/0_Normal/Normal (28).jpg,0,0_Normal,test
validation/0_Normal/Normal (2643).jpg,0,0_Normal,test
train/2_Pneumonia/Pneumonia-Bacterial (2678).jpg,2,2_Pneumonia,test
validation/2_Pneumonia/Pneumonia-Viral (1075).jpg,2,2_Pneumonia,test
train/1_Covid19/COVID-19 (63).jpg,1,1_Covid19,test
train/2_Pneumonia/Pneumonia-Viral (335).jpg,2,2_Pneumonia,test
train/2_Pneumonia/Pneumonia-Bacterial (813).jpg,2,2_Pneumonia,test
validation/2_Pneumonia/Pneumonia-Viral (1143).jpg,2,2_Pneumonia,test
train/2_Pneumonia/Pneumonia-Bacterial (928).jpg,2,2_Pneumonia,test
train/2_Pneumonia/Pneumonia-Bacterial (1585).jpg,2,2_Pneumonia,test
validation/0_Normal/Normal (3073).jpg,0,0_Normal,test
train/2_Pneumonia/Pneumonia-Bacterial (917).jpg,2,2_Pneumonia,test
train/1_Covid19/COVID-19 (868).jpg,1,1_Covid19,test
train/2_Pneumonia/Pneumonia-Bacterial (754).jpg,2,2_Pneumonia,test
train/0_Normal/Normal (2261).jpg,0,0_Normal,test
train/2_Pneumonia/Pneumonia-Bacterial (461).jpg,2,2_Pneumonia,test
train/2_Pneumonia/Pneumonia-Bacterial (1054).jpg,2,2_Pneumonia,test
train/1_Covid19/COVID-19 (1014).jpg,1,1_Covid19,test
train/0_Normal/Normal (195).jpg,0,0_Normal,test
train/2_Pneumonia/Pneumonia-Bacterial (317).jpg,2,2_Pneumonia,test
train/0_Normal/Normal (1934).jpg,0,0_Normal,test
train/2_Pneumonia/Pneumonia-Bacterial (1947).jpg,2,2_Pneumonia,test
train/1_Covid19/COVID-19 (257).jpg,1,1_Covid19,test
validation/2_Pneumonia/Pneumonia-Viral (1243).jpg,2,2_Pneumonia,test
validation/1_Covid19/COVID-19 (1180).jpg,1,1_Covid19,test
train/2_Pneumonia/Pneumonia-Viral (285).jpg,2,2_Pneumonia,test
train/2_Pneumonia/Pneumonia-Bacterial (1309).jpg,2,2_Pneumonia,test
validation/0_Normal/Normal (3090).jpg,0,0_Normal,test
train/0_Normal/Normal (646).jpg,0,0_Normal,test
train/0_Normal/Normal (749).jpg,0,0_Normal,test
train/0_Normal/Normal (1024).jpg,0,0_Normal,test
train/2_Pneumonia/Pneumonia-Viral (161).jpg,2,2_Pneumonia,test
train/2_Pneumonia/Pneumonia-Bacterial (2677).jpg,2,2_Pneumonia,test
validation/1_Covid19/COVID-19 (1130).jpg,1,1_Covid19,test
train/2_Pneumonia/Pneumonia-Bacterial (1258).jpg,2,2_Pneumonia,test
validation/1_Covid19/COVID-19 (1161).jpg,1,1_Covid19,test
validation/2_Pneumonia/Pneumonia-Viral (735).jpg,2,2_Pneumonia,test
train/0_Normal/Normal (563).jpg,0,0_Normal,test
train/2_Pneumonia/Pneumonia-Bacterial (2180).jpg,2,2_Pneumonia,test
train/2_Pneumonia/Pneumonia-Bacterial (473).jpg,2,2_Pneumonia,test
train/0_Normal/Normal (2585).jpg,0,0_Normal,test
validation/2_Pneumonia/Pneumonia-Viral (1181).jpg,2,2_Pneumonia,test
train/2_Pneumonia/Pneumonia-Bacterial (1377).jpg,2,2_Pneumonia,test
train/0_Normal/Normal (963).jpg,0,0_Normal,test
train/2_Pneumonia/Pneumonia-Bacterial (401).jpg,2,2_Pneumonia,test
train/2_Pneumonia/Pneumonia-Viral (627).jpg,2,2_Pneumonia,test
train/0_Normal/Normal (2546).jpg,0,0_Normal,test
train/2_Pneumonia/Pneumonia-Bacterial (1902).jpg,2,2_Pneumonia,test
train/0_Normal/Normal (2202).jpg,0,0_Normal,test
validation/1_Covid19/COVID-19 (1120).jpg,1,1_Covid19,test
train/0_Normal/Normal (483).jpg,0,0_Normal,test
train/0_Normal/Normal (993).jpg,0,0_Normal,test
train/2_Pneumonia/Pneumonia-Bacterial (2717).jpg,2,2_Pneumonia,test
validation/2_Pneumonia/Pneumonia-Viral (812).jpg,2,2_Pneumonia,test
train/2_Pneumonia/Pneumonia-Bacterial (1060).jpg,2,2_Pneumonia,test
train/2_Pneumonia/Pneumonia-Bacterial (2737).jpg,2,2_Pneumonia,test
train/2_Pneumonia/Pneumonia-Bacterial (1288).jpg,2,2_Pneumonia,test
train/1_Covid19/COVID-19 (714).jpg,1,1_Covid19,test
train/2_Pneumonia/Pneumonia-Viral (420).jpg,2,2_Pneumonia,test
train/0_Normal/Normal (2173).jpg,0,0_Normal,test
validation/2_Pneumonia/Pneumonia-Viral (874).jpg,2,2_Pneumonia,test
train/0_Normal/Normal (1766).jpg,0,0_Normal,test
validation/0_Normal/Normal (2866).jpg,0,0_Normal,test
train/0_Normal/Normal (1471).jpg,0,0_Normal,test
train/2_Pneumonia/Pneumonia-Bacterial (1114).jpg,2,2_Pneumonia,test
train/1_Covid19/COVID-19 (122).jpg,1,1_Covid19,test
train/1_Covid19/COVID-19 (417).jpg,1,1_Covid19,test
train/0_Normal/Normal (1112).jpg,0,0_Normal,test
train/0_Normal/Normal (1248).jpg,0,0_Normal,test
validation/2_Pneumonia/Pneumonia-Viral (1417).jpg,2,2_Pneumonia,test
train/2_Pneumonia/Pneumonia-Bacterial (1823).jpg,2,2_Pneumonia,test
train/0_Normal/Normal (971).jpg,0,0_Normal,test
validation/2_Pneumonia/Pneumonia-Viral (1430).jpg,2,2_Pneumonia,test
validation/0_Normal/Normal (2677).jpg,0,0_Normal,test
train/0_Normal/Normal (108).jpg,0,0_Normal,test
train/0_Normal/Normal (688).jpg,0,0_Normal,test
train/2_Pneumonia/Pneumonia-Viral (51) (1).jpg,2,2_Pneumonia,test
train/0_Normal/Normal (439).jpg,0,0_Normal,test
train/1_Covid19/COVID-19 (795).jpg,1,1_Covid19,test
train/2_Pneumonia/Pneumonia-Viral (537).jpg,2,2_Pneumonia,test
train/2_Pneumonia/Pneumonia-Bacterial (1913).jpg,2,2_Pneumonia,test
train/2_Pneumonia/Pneumonia-Bacterial (1827).jpg,2,2_Pneumonia,test
validation/2_Pneumonia/Pneumonia-Viral (862).jpg,2,2_Pneumonia,test
train/2_Pneumonia/Pneumonia-Bacterial (1110).jpg,2,2_Pneumonia,test
train/2_Pneumonia/Pneumonia-Bacterial (1102).jpg,2,2_Pneumonia,test
train/0_Normal/Normal (2445).jpg,0,0_Normal,test
train/2_Pneumonia/Pneumonia-Bacterial (1476).jpg,2,2_Pneumonia,test
train/0_Normal/Normal (1115).jpg,0,0_Normal,test
train/0_Normal/Normal (2050).jpg,0,0_Normal,test
validation/2_Pneumonia/Pneumonia-Viral (948).jpg,2,2_Pneumonia,test
validation/0_Normal/Normal (3113).jpg,0,0_Normal,test
validation/0_Normal/Normal (2715).jpg,0,0_Normal,test
train/0_Normal/Normal (1486).jpg,0,0_Normal,test
train/0_Normal/Normal (2523).jpg,0,0_Normal,test
train/2_Pneumonia/Pneumonia-Bacterial (1498).jpg,2,2_Pneumonia,test
validation/2_Pneumonia/Pneumonia-Viral (916).jpg,2,2_Pneumonia,test
train/1_Covid19/COVID-19 (269).jpg,1,1_Covid19,test
train/2_Pneumonia/Pneumonia-Bacterial (81).jpg,2,2_Pneumonia,test
train/2_Pneumonia/Pneumonia-Bacterial (932).jpg,2,2_Pneumonia,test
validation/0_Normal/Normal (2674).jpg,0,0_Normal,test
train/2_Pneumonia/Pneumonia-Bacterial (2654).jpg,2,2_Pneumonia,test
train/2_Pneumonia/Pneumonia-Bacterial (756).jpg,2,2_Pneumonia,test
train/1_Covid19/COVID-19 (833).jpg,1,1_Covid19,test
train/2_Pneumonia/Pneumonia-Bacterial (2789).jpg,2,2_Pneumonia,test
validation/2_Pneumonia/Pneumonia-Viral (1342).jpg,2,2_Pneumonia,test
train/2_Pneumonia/Pneumonia-Bacterial (901).jpg,2,2_Pneumonia,test
train/2_Pneumonia/Pneumonia-Viral (423).jpg,2,2_Pneumonia,test
train/2_Pneumonia/Pneumonia-Bacterial (130).jpg,2,2_Pneumonia,test
train/2_Pneumonia/Pneumonia-Viral (227).jpg,2,2_Pneumonia,test
train/0_Normal/Normal (2513).jpg,0,0_Normal,test
train/2_Pneumonia/Pneumonia-Bacterial (1332).jpg,2,2_Pneumonia,test
train/2_Pneumonia/Pneumonia-Bacterial (155).jpg,2,2_Pneumonia,test
train/0_Normal/Normal (1890).jpg,0,0_Normal,test
train/2_Pneumonia/Pneumonia-Bacterial (2876).jpg,2,2_Pneumonia,test
train/2_Pneumonia/Pneumonia-Bacterial (131).jpg,2,2_Pneumonia,test
train/2_Pneumonia/Pneumonia-Viral (572).jpg,2,2_Pneumonia,test
train/0_Normal/Normal (1797).jpg,0,0_Normal,test
train/1_Covid19/COVID-19 (792).jpg,1,1_Covid19,test
train/0_Normal/Normal (1858).jpg,0,0_Normal,test
train/0_Normal/Normal (1587).jpg,0,0_Normal,test
train/2_Pneumonia/Pneumonia-Bacterial (1670).jpg,2,2_Pneumonia,test
train/0_Normal/Normal (1393).jpg,0,0_Normal,test
train/0_Normal/Normal (1332).jpg,0,0_Normal,test
train/2_Pneumonia/Pneumonia-Bacterial (1184).jpg,2,2_Pneumonia,test
train/2_Pneumonia/Pneumonia-Bacterial (1260).jpg,2,2_Pneumonia,test
train/0_Normal/Normal (2152).jpg,0,0_Normal,test
train/0_Normal/Normal (1385).jpg,0,0_Normal,test
train/0_Normal/Normal (611).jpg,0,0_Normal,test
train/0_Normal/Normal (455).jpg,0,0_Normal,test
validation/0_Normal/Normal (3138).jpg,0,0_Normal,test
train/2_Pneumonia/Pneumonia-Viral (90).jpg,2,2_Pneumonia,test
train/0_Normal/Normal (2424).jpg,0,0_Normal,test
train/2_Pneumonia/Pneumonia-Bacterial (98).jpg,2,2_Pneumonia,test
train/0_Normal/Normal (2396).jpg,0,0_Normal,test
train/0_Normal/Normal (2143).jpg,0,0_Normal,test
train/0_Normal/Normal (2338).jpg,0,0_Normal,test
train/2_Pneumonia/Pneumonia-Bacterial (1830).jpg,2,2_Pneumonia,test
train/0_Normal/Normal (1169).jpg,0,0_Normal,test
train/0_Normal/Normal (2302).jpg,0,0_Normal,test
validation/0_Normal/Normal (2691).jpg,0,0_Normal,test
train/0_Normal/Normal (143).jpg,0,0_Normal,test
train/2_Pneumonia/Pneumonia-Bacterial (2805).jpg,2,2_Pneumonia,test
train/0_Normal/Normal (1547).jpg,0,0_Normal,test
train/2_Pneumonia/Pneumonia-Bacterial (2911).jpg,2,2_Pneumonia,test
validation/0_Normal/Normal (3139).jpg,0,0_Normal,test
train/0_Normal/Normal (1911).jpg,0,0_Normal,test
train/1_Covid19/COVID-19 (465).jpg,1,1_Covid19,test
train/1_Covid19/COVID-19 (319).jpg,1,1_Covid19,test
train/0_Normal/Normal (187).jpg,0,0_Normal,test
train/1_Covid19/COVID-19 (849).jpg,1,1_Covid19,test
train/0_Normal/Normal (630).jpg,0,0_Normal,test
train/2_Pneumonia/Pneumonia-Bacterial (2354).jpg,2,2_Pneumonia,test
train/1_Covid19/COVID-19 (494).jpg,1,1_Covid19,test
train/0_Normal/Normal (140).jpg,0,0_Normal,test
train/0_Normal/Normal (1896).jpg,0,0_Normal,test
train/2_Pneumonia/Pneumonia-Bacterial (2725).jpg,2,2_Pneumonia,test
train/2_Pneumonia/Pneumonia-Viral (13).jpg,2,2_Pneumonia,test
train/0_Normal/Normal (1706).jpg,0,0_Normal,test
validation/2_Pneumonia/Pneumonia-Viral (1351).jpg,2,2_Pneumonia,test
train/2_Pneumonia/Pneumonia-Viral (495).jpg,2,2_Pneumonia,test
train/2_Pneumonia/Pneumonia-Bacterial (2570).jpg,2,2_Pneumonia,test
train/0_Normal/Normal (2004).jpg,0,0_Normal,test
train/0_Normal/Normal (537).jpg,0,0_Normal,test
train/2_Pneumonia/Pneumonia-Bacterial (1204).jpg,2,2_Pneumonia,test
train/0_Normal/Normal (638).jpg,0,0_Normal,test
train/2_Pneumonia/Pneumonia-Bacterial (2572).jpg,2,2_Pneumonia,test
train/2_Pneumonia/Pneumonia-Viral (23).jpg,2,2_Pneumonia,test
train/0_Normal/Normal (1751).jpg,0,0_Normal,test
train/0_Normal/Normal (1641).jpg,0,0_Normal,test
train/0_Normal/Normal (2420).jpg,0,0_Normal,test
train/2_Pneumonia/Pneumonia-Bacterial (1880).jpg,2,2_Pneumonia,test
train/0_Normal/Normal (843).jpg,0,0_Normal,test
train/2_Pneumonia/Pneumonia-Bacterial (2407).jpg,2,2_Pneumonia,test
train/0_Normal/Normal (149).jpg,0,0_Normal,test
train/0_Normal/Normal (1062).jpg,0,0_Normal,test
validation/2_Pneumonia/Pneumonia-Viral (1520).jpg,2,2_Pneumonia,test
train/0_Normal/Normal (2141).jpg,0,0_Normal,test
validation/0_Normal/Normal (3046).jpg,0,0_Normal,test
train/2_Pneumonia/Pneumonia-Bacterial (2117).jpg,2,2_Pneumonia,test
train/0_Normal/Normal (160).jpg,0,0_Normal,test
train/1_Covid19/COVID-19 (1005).jpg,1,1_Covid19,test
train/2_Pneumonia/Pneumonia-Bacterial (2020).jpg,2,2_Pneumonia,test
train/0_Normal/Normal (2561).jpg,0,0_Normal,test
validation/2_Pneumonia/Pneumonia-Viral (1205).jpg,2,2_Pneumonia,test
train/2_Pneumonia/Pneumonia-Bacterial (1821).jpg,2,2_Pneumonia,test
train/2_Pneumonia/Pneumonia-Bacterial (170).jpg,2,2_Pneumonia,test
train/2_Pneumonia/Pneumonia-Bacterial (965).jpg,2,2_Pneumonia,test
train/1_Covid19/COVID-19 (535).jpg,1,1_Covid19,test
train/0_Normal/Normal (67).jpg,0,0_Normal,test
validation/0_Normal/Normal (2784).jpg,0,0_Normal,test
train/0_Normal/Normal (286).jpg,0,0_Normal,test
train/2_Pneumonia/Pneumonia-Viral (276).jpg,2,2_Pneumonia,test
train/1_Covid19/COVID-19 (755).jpg,1,1_Covid19,test
train/2_Pneumonia/Pneumonia-Bacterial (827).jpg,2,2_Pneumonia,test
train/0_Normal/Normal (1450).jpg,0,0_Normal,test
train/2_Pneumonia/Pneumonia-Bacterial (2416).jpg,2,2_Pneumonia,test
train/2_Pneumonia/Pneumonia-Bacterial (1756).jpg,2,2_Pneumonia,test
train/2_Pneumonia/Pneumonia-Viral (362).jpg,2,2_Pneumonia,test
train/0_Normal/Normal (546).jpg,0,0_Normal,test
validation/2_Pneumonia/Pneumonia-Viral (1270).jpg,2,2_Pneumonia,test
train/2_Pneumonia/Pneumonia-Viral (415).jpg,2,2_Pneumonia,test
validation/0_Normal/Normal (2776).jpg,0,0_Normal,test
train/0_Normal/Normal (2329).jpg,0,0_Normal,test
train/0_Normal/Normal (124).jpg,0,0_Normal,test
validation/2_Pneumonia/Pneumonia-Viral (929).jpg,2,2_Pneumonia,test
train/0_Normal/Normal (2425).jpg,0,0_Normal,test
validation/2_Pneumonia/Pneumonia-Viral (1228).jpg,2,2_Pneumonia,test
validation/1_Covid19/COVID-19 (1129).jpg,1,1_Covid19,test
train/2_Pneumonia/Pneumonia-Bacterial (1563).jpg,2,2_Pneumonia,test
validation/0_Normal/Normal (2986).jpg,0,0_Normal,test
train/2_Pneumonia/Pneumonia-Bacterial (354).jpg,2,2_Pneumonia,test
train/1_Covid19/COVID-19 (752).jpg,1,1_Covid19,test
train/2_Pneumonia/Pneumonia-Viral (79).jpg,2,2_Pneumonia,test
validation/0_Normal/Normal (3100).jpg,0,0_Normal,test
validation/0_Normal/Normal (2899).jpg,0,0_Normal,test
train/2_Pneumonia/Pneumonia-Bacterial (535).jpg,2,2_Pneumonia,test
train/1_Covid19/COVID-19 (123).jpg,1,1_Covid19,test
train/0_Normal/Normal (1250).jpg,0,0_Normal,test
train/2_Pneumonia/Pneumonia-Viral (71).jpg,2,2_Pneumonia,test
train/2_Pneumonia/Pneumonia-Bacterial (1214).jpg,2,2_Pneumonia,test
train/1_Covid19/COVID-19 (729).jpg,1,1_Covid19,test
train/2_Pneumonia/Pneumonia-Bacterial (1684).jpg,2,2_Pneumonia,test
train/0_Normal/Normal (460).jpg,0,0_Normal,test
train/2_Pneumonia/Pneumonia-Bacterial (2537).jpg,2,2_Pneumonia,test
train/0_Normal/Normal (1185).jpg,0,0_Normal,test
validation/2_Pneumonia/Pneumonia-Viral (863).jpg,2,2_Pneumonia,test
train/0_Normal/Normal (1435).jpg,0,0_Normal,test
validation/0_Normal/Normal (3068).jpg,0,0_Normal,test
train/2_Pneumonia/Pneumonia-Bacterial (2251).jpg,2,2_Pneumonia,test
train/2_Pneumonia/Pneumonia-Bacterial (1206).jpg,2,2_Pneumonia,test
train/2_Pneumonia/Pneumonia-Bacterial (1624).jpg,2,2_Pneumonia,test
validation/1_Covid19/COVID-19 (1128).jpg,1,1_Covid19,test
train/2_Pneumonia/Pneumonia-Bacterial (119).jpg,2,2_Pneumonia,test
train/2_Pneumonia/Pneumonia-Viral (493).jpg,2,2_Pneumonia,test
validation/1_Covid19/COVID-19 (1258).jpg,1,1_Covid19,test
train/0_Normal/Normal (232).jpg,0,0_Normal,test
train/2_Pneumonia/Pneumonia-Bacterial (2627).jpg,2,2_Pneumonia,test
train/2_Pneumonia/Pneumonia-Viral (96).jpg,2,2_Pneumonia,test
train/0_Normal/Normal (105).jpg,0,0_Normal,test
train/2_Pneumonia/Pneumonia-Bacterial (1148).jpg,2,2_Pneumonia,test
train/0_Normal/Normal (760).jpg,0,0_Normal,test
train/2_Pneumonia/Pneumonia-Bacterial (2278).jpg,2,2_Pneumonia,test
train/2_Pneumonia/Pneumonia-Bacterial (677).jpg,2,2_Pneumonia,test
train/2_Pneumonia/Pneumonia-Bacterial (96).jpg,2,2_Pneumonia,test
train/2_Pneumonia/Pneumonia-Bacterial (1701).jpg,2,2_Pneumonia,test
train/0_Normal/Normal (2416).jpg,0,0_Normal,test
train/0_Normal/Normal (2382).jpg,0,0_Normal,test
train/2_Pneumonia/Pneumonia-Bacterial (2014).jpg,2,2_Pneumonia,test
train/2_Pneumonia/Pneumonia-Viral (53).jpg,2,2_Pneumonia,test
train/0_Normal/Normal (1964).jpg,0,0_Normal,test
train/1_Covid19/COVID-19 (797).jpg,1,1_Covid19,test
train/2_Pneumonia/Pneumonia-Bacterial (1846).jpg,2,2_Pneumonia,test
train/0_Normal/Normal (1975).jpg,0,0_Normal,test
train/0_Normal/Normal (1199).jpg,0,0_Normal,test
validation/1_Covid19/COVID-19 (1057).jpg,1,1_Covid19,test
train/2_Pneumonia/Pneumonia-Bacterial (124).jpg,2,2_Pneumonia,test
train/2_Pneumonia/Pneumonia-Bacterial (820).jpg,2,2_Pneumonia,test
train/2_Pneumonia/Pneumonia-Viral (133).jpg,2,2_Pneumonia,test
validation/2_Pneumonia/Pneumonia-Viral (1008).jpg,2,2_Pneumonia,test
train/0_Normal/Normal (2014).jpg,0,0_Normal,test
train/0_Normal/Normal (1695).jpg,0,0_Normal,test
train/1_Covid19/COVID-19 (508).jpg,1,1_Covid19,test
validation/0_Normal/Normal (2649).jpg,0,0_Normal,test
train/1_Covid19/COVID-19 (809).jpg,1,1_Covid19,test
train/1_Covid19/COVID-19 (947).jpg,1,1_Covid19,test
train/0_Normal/Normal (1541).jpg,0,0_Normal,test
train/2_Pneumonia/Pneumonia-Bacterial (2706).jpg,2,2_Pneumonia,test
train/0_Normal/Normal (1860).jpg,0,0_Normal,test
train/0_Normal/Normal (1509).jpg,0,0_Normal,test
train/0_Normal/Normal (2034).jpg,0,0_Normal,test
train/0_Normal/Normal (1938).jpg,0,0_Normal,test
validation/2_Pneumonia/Pneumonia-Viral (1108).jpg,2,2_Pneumonia,test
train/1_Covid19/COVID-19 (651).jpg,1,1_Covid19,test
train/2_Pneumonia/Pneumonia-Bacterial (2990).jpg,2,2_Pneumonia,test
train/2_Pneumonia/Pneumonia-Bacterial (1558).jpg,2,2_Pneumonia,test
train/2_Pneumonia/Pneumonia-Bacterial (1961).jpg,2,2_Pneumonia,test
train/2_Pneumonia/Pneumonia-Bacterial (1759).jpg,2,2_Pneumonia,test
validation/2_Pneumonia/Pneumonia-Viral (946).jpg,2,2_Pneumonia,test
train/2_Pneumonia/Pneumonia-Bacterial (1743).jpg,2,2_Pneumonia,test
train/2_Pneumonia/Pneumonia-Bacterial (2036).jpg,2,2_Pneumonia,test
train/2_Pneumonia/Pneumonia-Bacterial (2474).jpg,2,2_Pneumonia,test
train/2_Pneumonia/Pneumonia-Bacterial (2454).jpg,2,2_Pneumonia,test
train/0_Normal/Normal (1360).jpg,0,0_Normal,test
train/0_Normal/Normal (692).jpg,0,0_Normal,test
train/2_Pneumonia/Pneumonia-Bacterial (2670).jpg,2,2_Pneumonia,test
train/0_Normal/Normal (2345).jpg,0,0_Normal,test
train/0_Normal/Normal (1049).jpg,0,0_Normal,test
train/1_Covid19/COVID-19 (1015).jpg,1,1_Covid19,test
validation/0_Normal/Normal (3238).jpg,0,0_Normal,test
train/2_Pneumonia/Pneumonia-Bacterial (144).jpg,2,2_Pneumonia,test
validation/2_Pneumonia/Pneumonia-Viral (960).jpg,2,2_Pneumonia,test
train/2_Pneumonia/Pneumonia-Bacterial (1242).jpg,2,2_Pneumonia,test
train/2_Pneumonia/Pneumonia-Bacterial (434).jpg,2,2_Pneumonia,test
train/0_Normal/Normal (478).jpg,0,0_Normal,test
train/2_Pneumonia/Pneumonia-Viral (381).jpg,2,2_Pneumonia,test
train/2_Pneumonia/Pneumonia-Bacterial (1257).jpg,2,2_Pneumonia,test
train/2_Pneumonia/Pneumonia-Bacterial (2232).jpg,2,2_Pneumonia,test
train/0_Normal/Normal (1429).jpg,0,0_Normal,test
train/0_Normal/Normal (524).jpg,0,0_Normal,test
train/2_Pneumonia/Pneumonia-Bacterial (1000).jpg,2,2_Pneumonia,test
train/2_Pneumonia/Pneumonia-Bacterial (264).jpg,2,2_Pneumonia,test
train/1_Covid19/COVID-19 (245).jpg,1,1_Covid19,test
validation/2_Pneumonia/Pneumonia-Viral (1359).jpg,2,2_Pneumonia,test
validation/2_Pneumonia/Pneumonia-Viral (1236) (1).jpg,2,2_Pneumonia,test
train/0_Normal/Normal (1160).jpg,0,0_Normal,test
train/2_Pneumonia/Pneumonia-Bacterial (898).jpg,2,2_Pneumonia,test
train/2_Pneumonia/Pneumonia-Bacterial (1434).jpg,2,2_Pneumonia,test
validation/0_Normal/Normal (3195).jpg,0,0_Normal,test
train/2_Pneumonia/Pneumonia-Bacterial (1104).jpg,2,2_Pneumonia,test
train/2_Pneumonia/Pneumonia-Bacterial (1466).jpg,2,2_Pneumonia,test
train/2_Pneumonia/Pneumonia-Bacterial (1467).jpg,2,2_Pneumonia,test
train/2_Pneumonia/Pneumonia-Bacterial (667).jpg,2,2_Pneumonia,test
train/0_Normal/Normal (1258).jpg,0,0_Normal,test
train/0_Normal/Normal (1345).jpg,0,0_Normal,test
validation/0_Normal/Normal (3006).jpg,0,0_Normal,test
train/2_Pneumonia/Pneumonia-Viral (10).jpg,2,2_Pneumonia,test
train/0_Normal/Normal (1656).jpg,0,0_Normal,test
train/2_Pneumonia/Pneumonia-Bacterial (1383).jpg,2,2_Pneumonia,test
train/0_Normal/Normal (2351).jpg,0,0_Normal,test
train/2_Pneumonia/Pneumonia-Bacterial (1129).jpg,2,2_Pneumonia,test
validation/0_Normal/Normal (2687).jpg,0,0_Normal,test
train/2_Pneumonia/Pneumonia-Bacterial (622).jpg,2,2_Pneumonia,test
validation/1_Covid19/COVID-19 (1238).jpg,1,1_Covid19,test
train/2_Pneumonia/Pneumonia-Bacterial (1071).jpg,2,2_Pneumonia,test
train/1_Covid19/COVID-19 (793).jpg,1,1_Covid19,test
train/1_Covid19/COVID-19 (82).jpg,1,1_Covid19,test
train/0_Normal/Normal (1274).jpg,0,0_Normal,test
train/0_Normal/Normal (1452).jpg,0,0_Normal,test
train/2_Pneumonia/Pneumonia-Bacterial (1981).jpg,2,2_Pneumonia,test
train/2_Pneumonia/Pneumonia-Bacterial (1499).jpg,2,2_Pneumonia,test
train/2_Pneumonia/Pneumonia-Bacterial (1515).jpg,2,2_Pneumonia,test
train/2_Pneumonia/Pneumonia-Bacterial (1097).jpg,2,2_Pneumonia,test
train/1_Covid19/COVID-19 (536).jpg,1,1_Covid19,test
train/0_Normal/Normal (1665).jpg,0,0_Normal,test
train/0_Normal/Normal (384).jpg,0,0_Normal,test
train/2_Pneumonia/Pneumonia-Bacterial (339).jpg,2,2_Pneumonia,test
train/1_Covid19/COVID-19 (625).jpg,1,1_Covid19,test
train/2_Pneumonia/Pneumonia-Bacterial (133).jpg,2,2_Pneumonia,test
validation/0_Normal/Normal (3169).jpg,0,0_Normal,test
train/2_Pneumonia/Pneumonia-Bacterial (1801).jpg,2,2_Pneumonia,test
train/1_Covid19/COVID-19 (1009).jpg,1,1_Covid19,test
validation/2_Pneumonia/Pneumonia-Viral (1011).jpg,2,2_Pneumonia,test
train/0_Normal/Normal (881).jpg,0,0_Normal,test
validation/2_Pneumonia/Pneumonia-Viral (1455).jpg,2,2_Pneumonia,test
train/2_Pneumonia/Pneumonia-Bacterial (253).jpg,2,2_Pneumonia,test
train/0_Normal/Normal (895).jpg,0,0_Normal,test
validation/1_Covid19/COVID-19 (1051).jpg,1,1_Covid19,test
train/2_Pneumonia/Pneumonia-Bacterial (2125).jpg,2,2_Pneumonia,test
train/0_Normal/Normal (1564).jpg,0,0_Normal,test
train/0_Normal/Normal (923).jpg,0,0_Normal,test
train/2_Pneumonia/Pneumonia-Bacterial (2015).jpg,2,2_Pneumonia,test
train/2_Pneumonia/Pneumonia-Bacterial (2379).jpg,2,2_Pneumonia,test
train/2_Pneumonia/Pneumonia-Bacterial (164).jpg,2,2_Pneumonia,test
validation/1_Covid19/COVID-19 (1045).jpg,1,1_Covid19,test
validation/0_Normal/Normal (2753).jpg,0,0_Normal,test
train/0_Normal/Normal (1529).jpg,0,0_Normal,test
validation/2_Pneumonia/Pneumonia-Viral (1331).jpg,2,2_Pneumonia,test
train/2_Pneumonia/Pneumonia-Bacterial (1113).jpg,2,2_Pneumonia,test
train/2_Pneumonia/Pneumonia-Bacterial (874).jpg,2,2_Pneumonia,test
train/2_Pneumonia/Pneumonia-Bacterial (2047).jpg,2,2_Pneumonia,test
validation/0_Normal/Normal (2790).jpg,0,0_Normal,test
train/0_Normal/Normal (1155).jpg,0,0_Normal,test
train/0_Normal/Normal (411).jpg,0,0_Normal,test
validation/0_Normal/Normal (2971).jpg,0,0_Normal,test
train/0_Normal/Normal (1809).jpg,0,0_Normal,test
train/2_Pneumonia/Pneumonia-Bacterial (453).jpg,2,2_Pneumonia,test
train/1_Covid19/COVID-19 (316).jpg,1,1_Covid19,test
validation/2_Pneumonia/Pneumonia-Viral (1293).jpg,2,2_Pneumonia,test
train/1_Covid19/COVID-19 (953).jpg,1,1_Covid19,test
validation/0_Normal/Normal (3254).jpg,0,0_Normal,test
train/2_Pneumonia/Pneumonia-Bacterial (1365).jpg,2,2_Pneumonia,test
validation/2_Pneumonia/Pneumonia-Viral (827).jpg,2,2_Pneumonia,test
validation/2_Pneumonia/Pneumonia-Viral (1401).jpg,2,2_Pneumonia,test
train/0_Normal/Normal (1460).jpg,0,0_Normal,test
train/2_Pneumonia/Pneumonia-Bacterial (2267).jpg,2,2_Pneumonia,test
train/2_Pneumonia/Pneumonia-Viral (258).jpg,2,2_Pneumonia,test
train/2_Pneumonia/Pneumonia-Bacterial (1795).jpg,2,2_Pneumonia,test
train/0_Normal/Normal (2006).jpg,0,0_Normal,test
train/0_Normal/Normal (445).jpg,0,0_Normal,test
train/1_Covid19/COVID-19 (405).jpg,1,1_Covid19,test
train/0_Normal/Normal (542).jpg,0,0_Normal,test
train/2_Pneumonia/Pneumonia-Bacterial (761).jpg,2,2_Pneumonia,test
validation/2_Pneumonia/Pneumonia-Viral (1265).jpg,2,2_Pneumonia,test
train/0_Normal/Normal (1093).jpg,0,0_Normal,test
validation/0_Normal/Normal (2886).jpg,0,0_Normal,test
train/0_Normal/Normal (990).jpg,0,0_Normal,test
train/1_Covid19/COVID-19 (698).jpg,1,1_Covid19,test
train/2_Pneumonia/Pneumonia-Viral (571).jpg,2,2_Pneumonia,test
train/0_Normal/Normal (2317).jpg,0,0_Normal,test
validation/2_Pneumonia/Pneumonia-Viral (1268).jpg,2,2_Pneumonia,test
validation/2_Pneumonia/Pneumonia-Viral (1593).jpg,2,2_Pneumonia,test
train/1_Covid19/COVID-19 (999).jpg,1,1_Covid19,test
validation/0_Normal/Normal (2663).jpg,0,0_Normal,test
validation/0_Normal/Normal (3206).jpg,0,0_Normal,test
train/2_Pneumonia/Pneumonia-Bacterial (1352).jpg,2,2_Pneumonia,test
train/1_Covid19/COVID-19 (865).jpg,1,1_Covid19,test
train/2_Pneumonia/Pneumonia-Bacterial (1159).jpg,2,2_Pneumonia,test
train/2_Pneumonia/Pneumonia-Bacterial (1178).jpg,2,2_Pneumonia,test
train/0_Normal/Normal (1153).jpg,0,0_Normal,test
train/2_Pneumonia/Pneumonia-Bacterial (1479).jpg,2,2_Pneumonia,test
train/0_Normal/Normal (41).jpg,0,0_Normal,test
train/2_Pneumonia/Pneumonia-Viral (598).jpg,2,2_Pneumonia,test
validation/2_Pneumonia/Pneumonia-Viral (1404).jpg,2,2_Pneumonia,test
train/2_Pneumonia/Pneumonia-Bacterial (2836).jpg,2,2_Pneumonia,test
validation/0_Normal/Normal (2949).jpg,0,0_Normal,test
validation/0_Normal/Normal (2662).jpg,0,0_Normal,test
validation/2_Pneumonia/Pneumonia-Viral (773).jpg,2,2_Pneumonia,test
train/2_Pneumonia/Pneumonia-Bacterial (140).jpg,2,2_Pneumonia,test
train/2_Pneumonia/Pneumonia-Bacterial (2638).jpg,2,2_Pneumonia,test
train/2_Pneumonia/Pneumonia-Bacterial (1304).jpg,2,2_Pneumonia,test
validation/2_Pneumonia/Pneumonia-Viral (1424).jpg,2,2_Pneumonia,test
validation/0_Normal/Normal (2718).jpg,0,0_Normal,test
train/0_Normal/Normal (2492).jpg,0,0_Normal,test
train/0_Normal/Normal (830).jpg,0,0_Normal,test
train/2_Pneumonia/Pneumonia-Bacterial (1237).jpg,2,2_Pneumonia,test
train/2_Pneumonia/Pneumonia-Bacterial (114).jpg,2,2_Pneumonia,test
validation/2_Pneumonia/Pneumonia-Viral (860).jpg,2,2_Pneumonia,test
train/2_Pneumonia/Pneumonia-Bacterial (67).jpg,2,2_Pneumonia,test
validation/0_Normal/Normal (2927).jpg,0,0_Normal,test
train/2_Pneumonia/Pneumonia-Bacterial (20).jpg,2,2_Pneumonia,test
train/1_Covid19/COVID-19 (694).jpg,1,1_Covid19,test
validation/1_Covid19/COVID-19 (1182).jpg,1,1_Covid19,test
validation/1_Covid19/COVID-19 (1040).jpg,1,1_Covid19,test
validation/1_Covid19/COVID-19 (1035).jpg,1,1_Covid19,test
train/0_Normal/Normal (2346).jpg,0,0_Normal,test
train/2_Pneumonia/Pneumonia-Bacterial (1247).jpg,2,2_Pneumonia,test
train/0_Normal/Normal (594).jpg,0,0_Normal,test
train/2_Pneumonia/Pneumonia-Bacterial (2034).jpg,2,2_Pneumonia,test
train/1_Covid19/COVID-19 (59).jpg,1,1_Covid19,test
train/1_Covid19/COVID-19 (399).jpg,1,1_Covid19,test
train/2_Pneumonia/Pneumonia-Bacterial (712).jpg,2,2_Pneumonia,test
train/0_Normal/Normal (819).jpg,0,0_Normal,test
train/1_Covid19/COVID-19 (677).jpg,1,1_Covid19,test
train/0_Normal/Normal (1683).jpg,0,0_Normal,test
validation/0_Normal/Normal (2848).jpg,0,0_Normal,test
validation/2_Pneumonia/Pneumonia-Viral (784).jpg,2,2_Pneumonia,test
validation/2_Pneumonia/Pneumonia-Viral (1130).jpg,2,2_Pneumonia,test
train/0_Normal/Normal (733).jpg,0,0_Normal,test
validation/2_Pneumonia/Pneumonia-Viral (1128).jpg,2,2_Pneumonia,test
train/2_Pneumonia/Pneumonia-Viral (375).jpg,2,2_Pneumonia,test
train/2_Pneumonia/Pneumonia-Viral (1).jpg,2,2_Pneumonia,test
train/0_Normal/Normal (2392).jpg,0,0_Normal,test
train/0_Normal/Normal (316).jpg,0,0_Normal,test
train/2_Pneumonia/Pneumonia-Bacterial (2018).jpg,2,2_Pneumonia,test
train/0_Normal/Normal (2156).jpg,0,0_Normal,test
train/2_Pneumonia/Pneumonia-Bacterial (1773).jpg,2,2_Pneumonia,test
train/2_Pneumonia/Pneumonia-Viral (640).jpg,2,2_Pneumonia,test
train/2_Pneumonia/Pneumonia-Bacterial (2080).jpg,2,2_Pneumonia,test
train/2_Pneumonia/Pneumonia-Bacterial (723).jpg,2,2_Pneumonia,test
train/2_Pneumonia/Pneumonia-Bacterial (1422).jpg,2,2_Pneumonia,test
train/2_Pneumonia/Pneumonia-Bacterial (1416).jpg,2,2_Pneumonia,test
train/2_Pneumonia/Pneumonia-Bacterial (263).jpg,2,2_Pneumonia,test
validation/0_Normal/Normal (3198).jpg,0,0_Normal,test
train/2_Pneumonia/Pneumonia-Bacterial (2992).jpg,2,2_Pneumonia,test
train/0_Normal/Normal (1482).jpg,0,0_Normal,test
train/2_Pneumonia/Pneumonia-Bacterial (2877).jpg,2,2_Pneumonia,test
train/0_Normal/Normal (2290).jpg,0,0_Normal,test
train/2_Pneumonia/Pneumonia-Bacterial (12).jpg,2,2_Pneumonia,test
train/0_Normal/Normal (1647).jpg,0,0_Normal,test
train/2_Pneumonia/Pneumonia-Bacterial (1983).jpg,2,2_Pneumonia,test
train/1_Covid19/COVID-19 (920).jpg,1,1_Covid19,test
validation/2_Pneumonia/Pneumonia-Viral (1005).jpg,2,2_Pneumonia,test
train/2_Pneumonia/Pneumonia-Bacterial (2629).jpg,2,2_Pneumonia,test
validation/2_Pneumonia/Pneumonia-Viral (1074).jpg,2,2_Pneumonia,test
validation/2_Pneumonia/Pneumonia-Viral (991).jpg,2,2_Pneumonia,test
train/0_Normal/Normal (1977).jpg,0,0_Normal,test
train/2_Pneumonia/Pneumonia-Bacterial (2244).jpg,2,2_Pneumonia,test
validation/2_Pneumonia/Pneumonia-Viral (1656).jpg,2,2_Pneumonia,test
train/2_Pneumonia/Pneumonia-Bacterial (1049).jpg,2,2_Pneumonia,test
train/0_Normal/Normal (765).jpg,0,0_Normal,test
train/2_Pneumonia/Pneumonia-Bacterial (1414).jpg,2,2_Pneumonia,test
train/2_Pneumonia/Pneumonia-Bacterial (1837).jpg,2,2_Pneumonia,test
train/2_Pneumonia/Pneumonia-Viral (353).jpg,2,2_Pneumonia,test
train/0_Normal/Normal (2057).jpg,0,0_Normal,test
train/0_Normal/Normal (107).jpg,0,0_Normal,test
train/0_Normal/Normal (1466).jpg,0,0_Normal,test
validation/1_Covid19/COVID-19 (1098).jpg,1,1_Covid19,test
train/2_Pneumonia/Pneumonia-Bacterial (1871).jpg,2,2_Pneumonia,test
train/1_Covid19/COVID-19 (908).jpg,1,1_Covid19,test
validation/2_Pneumonia/Pneumonia-Viral (1444).jpg,2,2_Pneumonia,test
validation/0_Normal/Normal (2628).jpg,0,0_Normal,test
train/0_Normal/Normal (986).jpg,0,0_Normal,test
train/0_Normal/Normal (2547).jpg,0,0_Normal,test
train/1_Covid19/COVID-19 (844).jpg,1,1_Covid19,test
train/2_Pneumonia/Pneumonia-Bacterial (2457).jpg,2,2_Pneumonia,test
train/2_Pneumonia/Pneumonia-Viral (624).jpg,2,2_Pneumonia,test
validation/1_Covid19/COVID-19 (1092).jpg,1,1_Covid19,test
train/0_Normal/Normal (1856).jpg,0,0_Normal,test
train/2_Pneumonia/Pneumonia-Bacterial (1814).jpg,2,2_Pneumonia,test
validation/0_Normal/Normal (3173).jpg,0,0_Normal,test
train/2_Pneumonia/Pneumonia-Bacterial (2177).jpg,2,2_Pneumonia,test
train/2_Pneumonia/Pneumonia-Bacterial (1450).jpg,2,2_Pneumonia,test
train/2_Pneumonia/Pneumonia-Bacterial (2154).jpg,2,2_Pneumonia,test
train/1_Covid19/COVID-19 (657).jpg,1,1_Covid19,test
train/1_Covid19/COVID-19 (133).jpg,1,1_Covid19,test
train/1_Covid19/COVID-19 (637).jpg,1,1_Covid19,test
train/2_Pneumonia/Pneumonia-Bacterial (1267).jpg,2,2_Pneumonia,test
train/0_Normal/Normal (428).jpg,0,0_Normal,test
train/0_Normal/Normal (952).jpg,0,0_Normal,test
train/2_Pneumonia/Pneumonia-Viral (245).jpg,2,2_Pneumonia,test
validation/1_Covid19/COVID-19 (1084).jpg,1,1_Covid19,test
train/2_Pneumonia/Pneumonia-Bacterial (741).jpg,2,2_Pneumonia,test
validation/2_Pneumonia/Pneumonia-Viral (1068).jpg,2,2_Pneumonia,test
train/2_Pneumonia/Pneumonia-Bacterial (2593).jpg,2,2_Pneumonia,test
train/0_Normal/Normal (2246).jpg,0,0_Normal,test
train/2_Pneumonia/Pneumonia-Viral (78).jpg,2,2_Pneumonia,test
train/2_Pneumonia/Pneumonia-Viral (596).jpg,2,2_Pneumonia,test
train/2_Pneumonia/Pneumonia-Bacterial (191).jpg,2,2_Pneumonia,test
validation/2_Pneumonia/Pneumonia-Viral (1271).jpg,2,2_Pneumonia,test
validation/2_Pneumonia/Pneumonia-Viral (1326).jpg,2,2_Pneumonia,test
train/2_Pneumonia/Pneumonia-Bacterial (162).jpg,2,2_Pneumonia,test
validation/2_Pneumonia/Pneumonia-Viral (1134).jpg,2,2_Pneumonia,test
validation/2_Pneumonia/Pneumonia-Viral (1476).jpg,2,2_Pneumonia,test
train/0_Normal/Normal (2204).jpg,0,0_Normal,test
train/2_Pneumonia/Pneumonia-Bacterial (2253).jpg,2,2_Pneumonia,test
train/0_Normal/Normal (1203).jpg,0,0_Normal,test
train/2_Pneumonia/Pneumonia-Bacterial (2186).jpg,2,2_Pneumonia,test
validation/1_Covid19/COVID-19 (1281).jpg,1,1_Covid19,test
train/1_Covid19/COVID-19 (994).jpg,1,1_Covid19,test
train/0_Normal/Normal (403).jpg,0,0_Normal,test
train/2_Pneumonia/Pneumonia-Bacterial (431).jpg,2,2_Pneumonia,test
validation/2_Pneumonia/Pneumonia-Viral (1153).jpg,2,2_Pneumonia,test
train/2_Pneumonia/Pneumonia-Viral (458).jpg,2,2_Pneumonia,test
train/0_Normal/Normal (1589).jpg,0,0_Normal,test
train/2_Pneumonia/Pneumonia-Viral (397).jpg,2,2_Pneumonia,test
validation/0_Normal/Normal (2722).jpg,0,0_Normal,test
train/1_Covid19/COVID-19 (252).jpg,1,1_Covid19,test
validation/0_Normal/Normal (2838).jpg,0,0_Normal,test
train/2_Pneumonia/Pneumonia-Bacterial (475).jpg,2,2_Pneumonia,test
train/1_Covid19/COVID-19 (652).jpg,1,1_Covid19,test
train/2_Pneumonia/Pneumonia-Bacterial (2505).jpg,2,2_Pneumonia,test
train/0_Normal/Normal (731).jpg,0,0_Normal,test
train/1_Covid19/COVID-19 (162).jpg,1,1_Covid19,test
train/2_Pneumonia/Pneumonia-Bacterial (1370).jpg,2,2_Pneumonia,test
train/2_Pneumonia/Pneumonia-Bacterial (2514).jpg,2,2_Pneumonia,test
train/1_Covid19/COVID-19 (907).jpg,1,1_Covid19,test
train/2_Pneumonia/Pneumonia-Bacterial (2083).jpg,2,2_Pneumonia,test
validation/0_Normal/Normal (2659).jpg,0,0_Normal,test
train/0_Normal/Normal (2361).jpg,0,0_Normal,test
train/2_Pneumonia/Pneumonia-Bacterial (415).jpg,2,2_Pneumonia,test
train/0_Normal/Normal (1404).jpg,0,0_Normal,test
validation/0_Normal/Normal (2638).jpg,0,0_Normal,test
validation/1_Covid19/COVID-19 (1047).jpg,1,1_Covid19,test
validation/0_Normal/Normal (2813).jpg,0,0_Normal,test
train/1_Covid19/COVID-19 (211).jpg,1,1_Covid19,test
validation/0_Normal/Normal (2818).jpg,0,0_Normal,test
train/1_Covid19/COVID-19 (906).jpg,1,1_Covid19,test
train/0_Normal/Normal (1738).jpg,0,0_Normal,test
train/2_Pneumonia/Pneumonia-Bacterial (2261).jpg,2,2_Pneumonia,test
train/0_Normal/Normal (930).jpg,0,0_Normal,test
train/2_Pneumonia/Pneumonia-Bacterial (1344).jpg,2,2_Pneumonia,test
validation/2_Pneumonia/Pneumonia-Viral (1183).jpg,2,2_Pneumonia,test
train/0_Normal/Normal (1313).jpg,0,0_Normal,test
train/2_Pneumonia/Pneumonia-Bacterial (1778).jpg,2,2_Pneumonia,test
train/0_Normal/Normal (1221).jpg,0,0_Normal,test
train/0_Normal/Normal (1377).jpg,0,0_Normal,test
train/2_Pneumonia/Pneumonia-Bacterial (1560).jpg,2,2_Pneumonia,test
train/2_Pneumonia/Pneumonia-Viral (107).jpg,2,2_Pneumonia,test
train/1_Covid19/COVID-19 (202).jpg,1,1_Covid19,test
train/1_Covid19/COVID-19 (279).jpg,1,1_Covid19,test
train/0_Normal/Normal (2391).jpg,0,0_Normal,test
train/2_Pneumonia/Pneumonia-Bacterial (1543).jpg,2,2_Pneumonia,test
train/0_Normal/Normal (1225).jpg,0,0_Normal,test
train/0_Normal/Normal (1307).jpg,0,0_Normal,test
validation/1_Covid19/COVID-19 (1038).jpg,1,1_Covid19,test
validation/0_Normal/Normal (2629).jpg,0,0_Normal,test
train/1_Covid19/COVID-19 (733).jpg,1,1_Covid19,test
validation/2_Pneumonia/Pneumonia-Viral (1415).jpg,2,2_Pneumonia,test
train/0_Normal/Normal (399).jpg,0,0_Normal,test
train/2_Pneumonia/Pneumonia-Viral (634).jpg,2,2_Pneumonia,test
train/0_Normal/Normal (2516).jpg,0,0_Normal,test
train/2_Pneumonia/Pneumonia-Viral (398).jpg,2,2_Pneumonia,test
train/1_Covid19/COVID-19 (96).jpg,1,1_Covid19,test
train/0_Normal/Normal (2015).jpg,0,0_Normal,test
train/2_Pneumonia/Pneumonia-Bacterial (2997).jpg,2,2_Pneumonia,test
train/2_Pneumonia/Pneumonia-Bacterial (2637).jpg,2,2_Pneumonia,test
train/2_Pneumonia/Pneumonia-Viral (267).jpg,2,2_Pneumonia,test
train/2_Pneumonia/Pneumonia-Bacterial (837).jpg,2,2_Pneumonia,test
train/2_Pneumonia/Pneumonia-Bacterial (1084).jpg,2,2_Pneumonia,test
train/0_Normal/Normal (23).jpg,0,0_Normal,test
train/1_Covid19/COVID-19 (600).jpg,1,1_Covid19,test
train/1_Covid19/COVID-19 (675).jpg,1,1_Covid19,test
validation/2_Pneumonia/Pneumonia-Viral (1388).jpg,2,2_Pneumonia,test
train/1_Covid19/COVID-19 (816).jpg,1,1_Covid19,test
train/2_Pneumonia/Pneumonia-Viral (281).jpg,2,2_Pneumonia,test
train/2_Pneumonia/Pneumonia-Bacterial (291).jpg,2,2_Pneumonia,test
train/2_Pneumonia/Pneumonia-Bacterial (1407).jpg,2,2_Pneumonia,test
train/1_Covid19/COVID-19 (112).jpg,1,1_Covid19,test
train/0_Normal/Normal (27).jpg,0,0_Normal,test
train/0_Normal/Normal (94).jpg,0,0_Normal,test
train/1_Covid19/COVID-19 (54).jpg,1,1_Covid19,test
train/0_Normal/Normal (317).jpg,0,0_Normal,test
train/2_Pneumonia/Pneumonia-Bacterial (1118).jpg,2,2_Pneumonia,test
train/2_Pneumonia/Pneumonia-Bacterial (2445).jpg,2,2_Pneumonia,test
train/2_Pneumonia/Pneumonia-Viral (440).jpg,2,2_Pneumonia,test
train/0_Normal/Normal (1464).jpg,0,0_Normal,test
train/0_Normal/Normal (1499).jpg,0,0_Normal,test
train/0_Normal/Normal (1101).jpg,0,0_Normal,test
train/2_Pneumonia/Pneumonia-Bacterial (985).jpg,2,2_Pneumonia,test
train/1_Covid19/COVID-19 (617).jpg,1,1_Covid19,test
train/2_Pneumonia/Pneumonia-Bacterial (2070).jpg,2,2_Pneumonia,test
train/2_Pneumonia/Pneumonia-Bacterial (729).jpg,2,2_Pneumonia,test
train/2_Pneumonia/Pneumonia-Bacterial (156).jpg,2,2_Pneumonia,test
validation/0_Normal/Normal (2760).jpg,0,0_Normal,test
train/2_Pneumonia/Pneumonia-Bacterial (830).jpg,2,2_Pneumonia,test
train/0_Normal/Normal (991).jpg,0,0_Normal,test
train/0_Normal/Normal (2142).jpg,0,0_Normal,test
validation/0_Normal/Normal (3119).jpg,0,0_Normal,test
train/2_Pneumonia/Pneumonia-Viral (704).jpg,2,2_Pneumonia,test
train/2_Pneumonia/Pneumonia-Bacterial (788).jpg,2,2_Pneumonia,test
validation/0_Normal/Normal (2678).jpg,0,0_Normal,test
train/2_Pneumonia/Pneumonia-Bacterial (2053).jpg,2,2_Pneumonia,test
validation/0_Normal/Normal (2746).jpg,0,0_Normal,test
validation/2_Pneumonia/Pneumonia-Viral (1445).jpg,2,2_Pneumonia,test
validation/0_Normal/Normal (3127).jpg,0,0_Normal,test
train/0_Normal/Normal (1557).jpg,0,0_Normal,test
train/0_Normal/Normal (1152).jpg,0,0_Normal,test
train/0_Normal/Normal (1320).jpg,0,0_Normal,test
train/2_Pneumonia/Pneumonia-Bacterial (2609).jpg,2,2_Pneumonia,test
train/2_Pneumonia/Pneumonia-Bacterial (2799).jpg,2,2_Pneumonia,test
train/2_Pneumonia/Pneumonia-Bacterial (322).jpg,2,2_Pneumonia,test
train/0_Normal/Normal (1174).jpg,0,0_Normal,test
train/0_Normal/Normal (2211).jpg,0,0_Normal,test
train/0_Normal/Normal (2296).jpg,0,0_Normal,test
train/2_Pneumonia/Pneumonia-Bacterial (2303).jpg,2,2_Pneumonia,test
train/0_Normal/Normal (227).jpg,0,0_Normal,test
train/0_Normal/Normal (2500).jpg,0,0_Normal,test
train/2_Pneumonia/Pneumonia-Bacterial (1834).jpg,2,2_Pneumonia,test
train/1_Covid19/COVID-19 (533).jpg,1,1_Covid19,test
validation/2_Pneumonia/Pneumonia-Viral (1560).jpg,2,2_Pneumonia,test
validation/0_Normal/Normal (2730).jpg,0,0_Normal,test
validation/2_Pneumonia/Pneumonia-Viral (769).jpg,2,2_Pneumonia,test
train/1_Covid19/COVID-19 (582).jpg,1,1_Covid19,test
train/2_Pneumonia/Pneumonia-Bacterial (1025).jpg,2,2_Pneumonia,test
train/1_Covid19/COVID-19 (738).jpg,1,1_Covid19,test
train/2_Pneumonia/Pneumonia-Bacterial (408).jpg,2,2_Pneumonia,test
validation/0_Normal/Normal (2810).jpg,0,0_Normal,test
train/0_Normal/Normal (526).jpg,0,0_Normal,test
train/1_Covid19/COVID-19 (630).jpg,1,1_Covid19,test
train/2_Pneumonia/Pneumonia-Bacterial (2308).jpg,2,2_Pneumonia,test
train/0_Normal/Normal (2293).jpg,0,0_Normal,test
train/2_Pneumonia/Pneumonia-Bacterial (2366).jpg,2,2_Pneumonia,test
train/2_Pneumonia/Pneumonia-Viral (132).jpg,2,2_Pneumonia,test
train/2_Pneumonia/Pneumonia-Bacterial (1758).jpg,2,2_Pneumonia,test
train/1_Covid19/COVID-19 (631).jpg,1,1_Covid19,test
train/1_Covid19/COVID-19 (81).jpg,1,1_Covid19,test
train/0_Normal/Normal (380).jpg,0,0_Normal,test
train/0_Normal/Normal (2423).jpg,0,0_Normal,test
train/1_Covid19/COVID-19 (685).jpg,1,1_Covid19,test
validation/2_Pneumonia/Pneumonia-Viral (1158).jpg,2,2_Pneumonia,test
train/1_Covid19/COVID-19 (777).jpg,1,1_Covid19,test
train/1_Covid19/COVID-19 (613).jpg,1,1_Covid19,test
train/1_Covid19/COVID-19 (885).jpg,1,1_Covid19,test
train/0_Normal/Normal (1355).jpg,0,0_Normal,test
train/2_Pneumonia/Pneumonia-Viral (157).jpg,2,2_Pneumonia,test
train/2_Pneumonia/Pneumonia-Bacterial (2037).jpg,2,2_Pneumonia,test
train/2_Pneumonia/Pneumonia-Bacterial (1573).jpg,2,2_Pneumonia,test
train/2_Pneumonia/Pneumonia-Bacterial (2963).jpg,2,2_Pneumonia,test
train/0_Normal/Normal (1366).jpg,0,0_Normal,test
validation/0_Normal/Normal (2948).jpg,0,0_Normal,test
train/0_Normal/Normal (1827).jpg,0,0_Normal,test
train/0_Normal/Normal (1319).jpg,0,0_Normal,test
train/0_Normal/Normal (2099).jpg,0,0_Normal,test
train/1_Covid19/COVID-19 (371).jpg,1,1_Covid19,test
train/2_Pneumonia/Pneumonia-Bacterial (1034).jpg,2,2_Pneumonia,test
train/2_Pneumonia/Pneumonia-Bacterial (923).jpg,2,2_Pneumonia,test
train/2_Pneumonia/Pneumonia-Bacterial (2460).jpg,2,2_Pneumonia,test
train/1_Covid19/COVID-19 (676).jpg,1,1_Covid19,test
train/0_Normal/Normal (1773).jpg,0,0_Normal,test
validation/2_Pneumonia/Pneumonia-Viral (1357).jpg,2,2_Pneumonia,test
train/2_Pneumonia/Pneumonia-Bacterial (1725).jpg,2,2_Pneumonia,test
train/0_Normal/Normal (2485).jpg,0,0_Normal,test
train/2_Pneumonia/Pneumonia-Bacterial (1649).jpg,2,2_Pneumonia,test
train/2_Pneumonia/Pneumonia-Bacterial (2548).jpg,2,2_Pneumonia,test
train/0_Normal/Normal (2101).jpg,0,0_Normal,test
train/2_Pneumonia/Pneumonia-Bacterial (2489).jpg,2,2_Pneumonia,test
train/2_Pneumonia/Pneumonia-Bacterial (318).jpg,2,2_Pneumonia,test
train/0_Normal/Normal (85).jpg,0,0_Normal,test
train/1_Covid19/COVID-19 (10).jpg,1,1_Covid19,test
train/1_Covid19/COVID-19 (537).jpg,1,1_Covid19,test
train/1_Covid19/COVID-19 (227).jpg,1,1_Covid19,test
train/0_Normal/Normal (299).jpg,0,0_Normal,test
train/0_Normal/Normal (2341).jpg,0,0_Normal,test
train/2_Pneumonia/Pneumonia-Viral (388).jpg,2,2_Pneumonia,test
validation/0_Normal/Normal (2834).jpg,0,0_Normal,test
train/2_Pneumonia/Pneumonia-Bacterial (1887).jpg,2,2_Pneumonia,test
train/0_Normal/Normal (1875).jpg,0,0_Normal,test
train/0_Normal/Normal (166).jpg,0,0_Normal,test
train/0_Normal/Normal (1720).jpg,0,0_Normal,test
validation/0_Normal/Normal (2658).jpg,0,0_Normal,test
train/2_Pneumonia/Pneumonia-Bacterial (1696).jpg,2,2_Pneumonia,test
train/2_Pneumonia/Pneumonia-Bacterial (89).jpg,2,2_Pneumonia,test
train/2_Pneumonia/Pneumonia-Bacterial (659).jpg,2,2_Pneumonia,test
validation/2_Pneumonia/Pneumonia-Viral (808).jpg,2,2_Pneumonia,test
train/0_Normal/Normal (1408).jpg,0,0_Normal,test
train/1_Covid19/COVID-19 (216).jpg,1,1_Covid19,test
train/2_Pneumonia/Pneumonia-Bacterial (1722).jpg,2,2_Pneumonia,test
train/0_Normal/Normal (644).jpg,0,0_Normal,test
validation/0_Normal/Normal (3237).jpg,0,0_Normal,test
train/0_Normal/Normal (458).jpg,0,0_Normal,test
train/2_Pneumonia/Pneumonia-Bacterial (1888).jpg,2,2_Pneumonia,test
validation/2_Pneumonia/Pneumonia-Viral (1485).jpg,2,2_Pneumonia,test
train/1_Covid19/COVID-19 (507).jpg,1,1_Covid19,test
train/2_Pneumonia/Pneumonia-Bacterial (446).jpg,2,2_Pneumonia,test
train/2_Pneumonia/Pneumonia-Bacterial (2462).jpg,2,2_Pneumonia,test
train/2_Pneumonia/Pneumonia-Bacterial (1530).jpg,2,2_Pneumonia,test
train/0_Normal/Normal (372).jpg,0,0_Normal,test
validation/2_Pneumonia/Pneumonia-Viral (1032).jpg,2,2_Pneumonia,test
train/2_Pneumonia/Pneumonia-Bacterial (2527).jpg,2,2_Pneumonia,test
train/2_Pneumonia/Pneumonia-Bacterial (675).jpg,2,2_Pneumonia,test
train/2_Pneumonia/Pneumonia-Viral (358).jpg,2,2_Pneumonia,test
train/2_Pneumonia/Pneumonia-Bacterial (1158).jpg,2,2_Pneumonia,test
train/2_Pneumonia/Pneumonia-Bacterial (881).jpg,2,2_Pneumonia,test
train/0_Normal/Normal (1454).jpg,0,0_Normal,test
train/2_Pneumonia/Pneumonia-Bacterial (2994).jpg,2,2_Pneumonia,test
validation/2_Pneumonia/Pneumonia-Viral (957).jpg,2,2_Pneumonia,test
train/0_Normal/Normal (530).jpg,0,0_Normal,test
train/0_Normal/Normal (2181).jpg,0,0_Normal,test
train/2_Pneumonia/Pneumonia-Viral (465).jpg,2,2_Pneumonia,test
train/2_Pneumonia/Pneumonia-Bacterial (663).jpg,2,2_Pneumonia,test
validation/2_Pneumonia/Pneumonia-Viral (1152).jpg,2,2_Pneumonia,test
train/2_Pneumonia/Pneumonia-Viral (47).jpg,2,2_Pneumonia,test
train/1_Covid19/COVID-19 (36).jpg,1,1_Covid19,test
train/0_Normal/Normal (19).jpg,0,0_Normal,test
train/0_Normal/Normal (116).jpg,0,0_Normal,test
train/0_Normal/Normal (926).jpg,0,0_Normal,test
validation/1_Covid19/COVID-19 (1039).jpg,1,1_Covid19,test
train/2_Pneumonia/Pneumonia-Bacterial (1907).jpg,2,2_Pneumonia,test
train/2_Pneumonia/Pneumonia-Bacterial (2085).jpg,2,2_Pneumonia,test
train/0_Normal/Normal (1394).jpg,0,0_Normal,test
validation/0_Normal/Normal (2878).jpg,0,0_Normal,test
train/0_Normal/Normal (1637).jpg,0,0_Normal,test
train/2_Pneumonia/Pneumonia-Bacterial (1932).jpg,2,2_Pneumonia,test
train/2_Pneumonia/Pneumonia-Bacterial (684).jpg,2,2_Pneumonia,test
validation/2_Pneumonia/Pneumonia-Viral (1426).jpg,2,2_Pneumonia,test
validation/1_Covid19/COVID-19 (1233).jpg,1,1_Covid19,test
train/1_Covid19/COVID-19 (562).jpg,1,1_Covid19,test
validation/1_Covid19/COVID-19 (1160).jpg,1,1_Covid19,test
train/2_Pneumonia/Pneumonia-Bacterial (1677).jpg,2,2_Pneumonia,test
train/2_Pneumonia/Pneumonia-Bacterial (2378).jpg,2,2_Pneumonia,test
train/0_Normal/Normal (2596).jpg,0,0_Normal,test
validation/0_Normal/Normal (2782).jpg,0,0_Normal,test
train/1_Covid19/COVID-19 (126).jpg,1,1_Covid19,test
train/2_Pneumonia/Pneumonia-Viral (361).jpg,2,2_Pneumonia,test
train/2_Pneumonia/Pneumonia-Bacterial (1748).jpg,2,2_Pneumonia,test
train/0_Normal/Normal (912).jpg,0,0_Normal,test
train/1_Covid19/COVID-19 (497).jpg,1,1_Covid19,test
train/2_Pneumonia/Pneumonia-Bacterial (1140).jpg,2,2_Pneumonia,test
train/1_Covid19/COVID-19 (321).jpg,1,1_Covid19,test
train/2_Pneumonia/Pneumonia-Bacterial (1275).jpg,2,2_Pneumonia,test
train/2_Pneumonia/Pneumonia-Bacterial (71).jpg,2,2_Pneumonia,test
validation/2_Pneumonia/Pneumonia-Viral (1245).jpg,2,2_Pneumonia,test
train/2_Pneumonia/Pneumonia-Bacterial (1994).jpg,2,2_Pneumonia,test
train/1_Covid19/COVID-19 (339).jpg,1,1_Covid19,test
train/1_Covid19/COVID-19 (608).jpg,1,1_Covid19,test
train/0_Normal/Normal (33).jpg,0,0_Normal,test
train/2_Pneumonia/Pneumonia-Bacterial (2086).jpg,2,2_Pneumonia,test
train/0_Normal/Normal (2381).jpg,0,0_Normal,test
validation/1_Covid19/COVID-19 (1225).jpg,1,1_Covid19,test
train/0_Normal/Normal (1444).jpg,0,0_Normal,test
train/0_Normal/Normal (2342).jpg,0,0_Normal,test
train/2_Pneumonia/Pneumonia-Bacterial (382).jpg,2,2_Pneumonia,test
train/2_Pneumonia/Pneumonia-Bacterial (1361).jpg,2,2_Pneumonia,test
validation/2_Pneumonia/Pneumonia-Viral (809).jpg,2,2_Pneumonia,test
train/0_Normal/Normal (2291).jpg,0,0_Normal,test
train/0_Normal/Normal (1005).jpg,0,0_Normal,test
train/0_Normal/Normal (174).jpg,0,0_Normal,test
train/2_Pneumonia/Pneumonia-Bacterial (2605).jpg,2,2_Pneumonia,test
validation/2_Pneumonia/Pneumonia-Viral (1585).jpg,2,2_Pneumonia,test
validation/0_Normal/Normal (2788).jpg,0,0_Normal,test
validation/0_Normal/Normal (2869).jpg,0,0_Normal,test
validation/2_Pneumonia/Pneumonia-Viral (748).jpg,2,2_Pneumonia,test
train/2_Pneumonia/Pneumonia-Bacterial (1615).jpg,2,2_Pneumonia,test
train/2_Pneumonia/Pneumonia-Viral (687).jpg,2,2_Pneumonia,test
train/2_Pneumonia/Pneumonia-Bacterial (528).jpg,2,2_Pneumonia,test
train/0_Normal/Normal (1331).jpg,0,0_Normal,test
train/2_Pneumonia/Pneumonia-Bacterial (2077).jpg,2,2_Pneumonia,test
validation/0_Normal/Normal (3232).jpg,0,0_Normal,test
train/0_Normal/Normal (984).jpg,0,0_Normal,test
train/0_Normal/Normal (6).jpg,0,0_Normal,test
train/0_Normal/Normal (2064).jpg,0,0_Normal,test
train/2_Pneumonia/Pneumonia-Bacterial (2443).jpg,2,2_Pneumonia,test
train/0_Normal/Normal (450).jpg,0,0_Normal,test
train/0_Normal/Normal (1810).jpg,0,0_Normal,test
train/2_Pneumonia/Pneumonia-Bacterial (2967).jpg,2,2_Pneumonia,test
train/2_Pneumonia/Pneumonia-Bacterial (1378).jpg,2,2_Pneumonia,test
train/2_Pneumonia/Pneumonia-Bacterial (1757).jpg,2,2_Pneumonia,test
train/2_Pneumonia/Pneumonia-Bacterial (1290).jpg,2,2_Pneumonia,test
train/0_Normal/Normal (841).jpg,0,0_Normal,test
train/1_Covid19/COVID-19 (266).jpg,1,1_Covid19,test
train/2_Pneumonia/Pneumonia-Bacterial (2103).jpg,2,2_Pneumonia,test
train/2_Pneumonia/Pneumonia-Bacterial (2907).jpg,2,2_Pneumonia,test
train/2_Pneumonia/Pneumonia-Viral (321).jpg,2,2_Pneumonia,test
train/2_Pneumonia/Pneumonia-Bacterial (1061).jpg,2,2_Pneumonia,test
train/0_Normal/Normal (1038).jpg,0,0_Normal,test
train/0_Normal/Normal (1338).jpg,0,0_Normal,test
validation/2_Pneumonia/Pneumonia-Viral (1034).jpg,2,2_Pneumonia,test
train/1_Covid19/COVID-19 (860).jpg,1,1_Covid19,test
train/2_Pneumonia/Pneumonia-Bacterial (997).jpg,2,2_Pneumonia,test
train/0_Normal/Normal (2595).jpg,0,0_Normal,test
train/0_Normal/Normal (260).jpg,0,0_Normal,test
train/2_Pneumonia/Pneumonia-Bacterial (968).jpg,2,2_Pneumonia,test
train/1_Covid19/COVID-19 (97).jpg,1,1_Covid19,test
train/0_Normal/Normal (471).jpg,0,0_Normal,test
train/2_Pneumonia/Pneumonia-Bacterial (1706).jpg,2,2_Pneumonia,test
train/2_Pneumonia/Pneumonia-Bacterial (2825).jpg,2,2_Pneumonia,test
train/0_Normal/Normal (633).jpg,0,0_Normal,test
train/2_Pneumonia/Pneumonia-Bacterial (2108).jpg,2,2_Pneumonia,test
train/2_Pneumonia/Pneumonia-Bacterial (1488).jpg,2,2_Pneumonia,test
train/2_Pneumonia/Pneumonia-Bacterial (1144).jpg,2,2_Pneumonia,test
train/2_Pneumonia/Pneumonia-Bacterial (2470).jpg,2,2_Pneumonia,test
train/2_Pneumonia/Pneumonia-Bacterial (886).jpg,2,2_Pneumonia,test
train/0_Normal/Normal (308).jpg,0,0_Normal,test
train/2_Pneumonia/Pneumonia-Bacterial (2712).jpg,2,2_Pneumonia,test
train/0_Normal/Normal (1165).jpg,0,0_Normal,test
validation/0_Normal/Normal (2870).jpg,0,0_Normal,test
train/0_Normal/Normal (1468).jpg,0,0_Normal,test
train/1_Covid19/COVID-19 (713).jpg,1,1_Covid19,test
train/2_Pneumonia/Pneumonia-Bacterial (2219).jpg,2,2_Pneumonia,test
train/2_Pneumonia/Pneumonia-Viral (141).jpg,2,2_Pneumonia,test
validation/2_Pneumonia/Pneumonia-Viral (1652).jpg,2,2_Pneumonia,test
train/2_Pneumonia/Pneumonia-Bacterial (22).jpg,2,2_Pneumonia,test
train/2_Pneumonia/Pneumonia-Bacterial (2201).jpg,2,2_Pneumonia,test
train/2_Pneumonia/Pneumonia-Bacterial (2373).jpg,2,2_Pneumonia,test
train/1_Covid19/COVID-19 (453).jpg,1,1_Covid19,test
train/2_Pneumonia/Pneumonia-Bacterial (1389).jpg,2,2_Pneumonia,test
train/2_Pneumonia/Pneumonia-Bacterial (2781).jpg,2,2_Pneumonia,test
train/2_Pneumonia/Pneumonia-Bacterial (1654).jpg,2,2_Pneumonia,test
train/0_Normal/Normal (1774).jpg,0,0_Normal,test
train/2_Pneumonia/Pneumonia-Viral (101).jpg,2,2_Pneumonia,test
train/1_Covid19/COVID-19 (597).jpg,1,1_Covid19,test
validation/2_Pneumonia/Pneumonia-Viral (1229).jpg,2,2_Pneumonia,test
validation/0_Normal/Normal (2914).jpg,0,0_Normal,test
train/0_Normal/Normal (312).jpg,0,0_Normal,test
train/1_Covid19/COVID-19 (837).jpg,1,1_Covid19,test
train/2_Pneumonia/Pneumonia-Bacterial (1413).jpg,2,2_Pneumonia,test
validation/0_Normal/Normal (3051).jpg,0,0_Normal,test
train/2_Pneumonia/Pneumonia-Bacterial (2882).jpg,2,2_Pneumonia,test
train/2_Pneumonia/Pneumonia-Bacterial (359).jpg,2,2_Pneumonia,test
train/1_Covid19/COVID-19 (373).jpg,1,1_Covid19,test
train/0_Normal/Normal (1264).jpg,0,0_Normal,test
train/0_Normal/Normal (534).jpg,0,0_Normal,test
train/2_Pneumonia/Pneumonia-Viral (503) (1).jpg,2,2_Pneumonia,test
train/2_Pneumonia/Pneumonia-Bacterial (1943).jpg,2,2_Pneumonia,test
validation/2_Pneumonia/Pneumonia-Viral (851).jpg,2,2_Pneumonia,test
train/2_Pneumonia/Pneumonia-Bacterial (2274).jpg,2,2_Pneumonia,test
train/2_Pneumonia/Pneumonia-Bacterial (2543).jpg,2,2_Pneumonia,test
train/0_Normal/Normal (622).jpg,0,0_Normal,test
train/1_Covid19/COVID-19 (801).jpg,1,1_Covid19,test
train/0_Normal/Normal (1451).jpg,0,0_Normal,test
train/2_Pneumonia/Pneumonia-Bacterial (1262).jpg,2,2_Pneumonia,test
train/0_Normal/Normal (1412).jpg,0,0_Normal,test
train/2_Pneumonia/Pneumonia-Bacterial (2009).jpg,2,2_Pneumonia,test
train/1_Covid19/COVID-19 (315).jpg,1,1_Covid19,test
validation/0_Normal/Normal (2992).jpg,0,0_Normal,test
train/0_Normal/Normal (932).jpg,0,0_Normal,test
train/1_Covid19/COVID-19 (661).jpg,1,1_Covid19,test
train/0_Normal/Normal (896).jpg,0,0_Normal,test
train/2_Pneumonia/Pneumonia-Bacterial (2464).jpg,2,2_Pneumonia,test
train/0_Normal/Normal (1374).jpg,0,0_Normal,test
train/0_Normal/Normal (2177).jpg,0,0_Normal,test
validation/0_Normal/Normal (2778).jpg,0,0_Normal,test
train/1_Covid19/COVID-19 (976).jpg,1,1_Covid19,test
train/0_Normal/Normal (1805).jpg,0,0_Normal,test
train/2_Pneumonia/Pneumonia-Bacterial (1297).jpg,2,2_Pneumonia,test
train/0_Normal/Normal (1839).jpg,0,0_Normal,test
train/2_Pneumonia/Pneumonia-Viral (625).jpg,2,2_Pneumonia,test
train/0_Normal/Normal (2278).jpg,0,0_Normal,test
train/2_Pneumonia/Pneumonia-Bacterial (2110).jpg,2,2_Pneumonia,test
validation/2_Pneumonia/Pneumonia-Viral (1188).jpg,2,2_Pneumonia,test
train/0_Normal/Normal (1017).jpg,0,0_Normal,test
